Year,Date,SGL,Plot,Transect,Trap,ID,Recapture,Species,Sex,Age,Total.Wt,Bag.Wt ,Animal.Wt,Ear.Length,Foot.Length,Tail.Length,Body.Length,Larvae,Nymphs,Total.Ticks,Fleas,Other.Ectoparasites,Tissue.Sample,Blood.Sample,Fecal.Sample,Cardiac.Serum,Brain.Sample,Treatment.Control
2025,8/7/25,SGL33,1,B,5,BK371,N,WFM,M,AD,27,11,16,1.1,,,7.5,1,0,,0,0,Yes,Yes,Yes,,,C
2025,8/7/25,SGL33,2,A,4,BYCATCH,N,FSQ,,,,,,,,,,,,,,,,,,,,T
2025,8/7/25,SGL33,2,A,10,BK381,N,RBV,F,AD,31,9,22,1.25,,,7,3,0,,0,0,Yes,Yes,Yes,,,T
2025,8/7/25,SGL33,2,B,6,BK494,Y,WFM,,,,,,,,,,,,,,,,,,,,T
2025,8/7/25,SGL33,2,B,8,BK474,Y,WFM,M,AD,,,,,,,,,,,,,,,,,,T
2025,8/7/25,SGL33,2,A,5,R199,Y,WFM,,,,,,,,,,,,,,,,,,,,T
2025,8/7/25,SGL33,3,LB,7,BYCATCH,N,BRD,,,,,,,,,,,,,,,,,,,,T
2025,8/7/25,SGL33,3,A,10,BK314,N,WFM,M,AD,32,11,21,1,,,9.6,12,0,,0,0,Yes,Yes,No,,,T
2025,8/7/25,SGL33,4,B,5,BK442,Y,WFM,,,,,,,,,,,,,,,,,,,,C
2025,8/7/25,SGL33,4,B,6,BK198,Y,WFM,,,,,,,,,,,,,,,,,,,,C
2025,8/7/25,SGL33,4,B,7,BK197,Y,WFM,,,,,,,,,,,,,,,,,,,,C
2025,8/7/25,SGL33,4,B,10,BK467,Y,WFM,,,,,,,,,,,,,,,,,,,,C
2025,8/7/25,SGL33,4,B,5,BK442,Y,,,,,,,,,,,,,,,,,,,,,C
2025,8/7/25,SGL33,4,B,7,BK197,Y,,,,,,,,,,,,,,,,,,,,,C
2025,8/7/25,SGL33,5,LB,6,BK365,Y,WFM,,,,,,,,,,,,,,,,,,,,T
2025,8/7/25,SGL33,5,A,6,BK320,N,WFM,M,AD,68,47,21,1.1,,,8.2,4,0,,0,0,Yes,Yes,Yes,,,T
2025,8/7/25,SGL33,5,A,5,BK341,Y,WFM,,,,,,,,,,,,,,,,,,,,T
2025,8/7/25,SGL33,7,B,11,R454,Y,WFM,,,,,,,,,,,,,,,,,,,,C
2025,8/7/25,SGL33,8,B,9,BK496,N,WFM,M,AD,57,36,21,1.25,,,8.5,0,0,,0,0,Yes,Yes,No,,,T
2025,8/7/25,SGL33,8,B,6,R397,Y,WFM,,,,,,,,,,,,,,,,,,,,T
2025,8/7/25,SGL33,8,B,7,BK452,Y,WFM,,,,,,,,,,,,,,,,,,,,T
2025,8/7/25,SGL33,8,B,8,BK405,Y,WFM,,,,,,,,,,,,,,,,,,,,T
2025,8/7/25,SGL33,8,A,5,R419,Y,WFM,,,,,,,,,,,,,,,,,,,,T
2025,8/7/25,SGL33,9,B,3,BK351,N,WFM,M,AD,45,23,22,1.6,,,8.8,0,0,,0,0,Yes,Yes,Yes,,,T
2025,8/7/25,SGL33,9,B,6,BK360,N,WFM,M,AD,42,26,16,1.4,,,8.6,7,0,,0,0,Yes,Yes,Yes,,,T
2025,8/7/25,SGL33,9,B,10,BK493,Y,WFM,,,,,,,,,,,,,,,,,,,,T
2025,8/7/25,SGL33,9,A,11,BK457,N,WFM,M,AD,30,10,20,1.4,,,9.3,0,0,,0,0,Yes,Yes,Yes,,,T
2025,8/7/25,SGL33,9,A,8,BK199,Y,WFM,,,,,,,,,,,,,,,,,,,,T
2025,8/7/25,SGL33,9,A,9,R389,Y,WFM,,,,,,,,,,,,,,,,,,,,T
2025,8/7/25,SGL33,10,B,9,BK374,N,WFM,F,AD,42,27,15,1.2,,,8,5,0,,0,0,Yes,No,Yes,,,C
2025,8/7/25,SGL33,10,B,11,BK492,Y,WFM,,,,,,,,,,,,,,,,,,,,C
2025,8/7/25,SGL33,10,A,11,BK388,N,WFM,M,AD,61,27,34,1.25,,,8,7,0,,0,0,Yes,Yes,Yes,,,C
2025,8/7/25,SGL33,10,A,2,BK176,Y,WFM,,,,,,,,,,,,,,,,,,,,C
2025,8/7/25,SGL33,10,A,5,R408,Y,WFM,,,,,,,,,,,,,,,,,,,,C
2025,8/7/25,SGL33,10,A,7,BK401,Y,WFM,,,,,,,,,,,,,,,,,,,,C
2025,8/7/25,SGL33,11,B,11,R352,N,WFM,F,AD,57,42,15,1.6,,,8.7,0,0,,0,0,Yes,Yes,Yes,,,T
2025,8/7/25,SGL33,11,B,2,R388,Y,WFM,,,,,,,,,,,,,,,,,,,,T
2025,8/7/25,SGL33,11,B,7,BK164,Y,WFM,,,,,,,,,,,,,,,,,,,,T
2025,8/7/25,SGL33,11,A,2,BK336,Y,WFM,,,,,,,,,,,,,,,,,,,,T
2025,8/7/25,SGL33,11,A,7,BK457,Y,WFM,,,,,,,,,,,,,,,,,,,,T
2025,8/7/25,SGL33,11,A,8,R443,Y,WFM,,,,,,,,,,,,,,,,,,,,T
2025,8/7/25,SGL33,11,A,11,BK383,Y,WFM,,,,,,,,,,,,,,,,,,,,T
2025,8/7/25,SGL33,12,LB,6,BK384,Y,WFM,,,,,,,,,,,,,,,,,,,,T
2025,8/7/25,SGL33,12,B,2,BK167,N,WFM,F,AD,28,11,17,2,,,8.5,0,0,,0,0,Yes,Yes,Yes,,,T
2025,8/7/25,SGL33,12,B,11,BK479,N,WFM,F,AD,42,24,18,1.7,,,8.3,4,0,,0,1,Yes,Yes,Yes,,,T
2025,8/7/25,SGL33,12,A,10,BK470,Y,WFM,,,,,,,,,,,,,,,,,,,,T
2025,8/7/25,SGL33,12,A,11,BK370,Y,WFM,,,,,,,,,,,,,,,,,,,,T
2025,8/6/25,SGL33,2,B,6,BK494,N,WFM,M,AD,41,18,23,1.8,,,9.3,0,0,,0,0,Yes,Yes,Yes,,,T
2025,8/6/25,SGL33,3,A,6,BK488,N,RBV,M,AD,41,18,23,1.3,,,9.1,3,0,,0,EAR MITES,Yes,Yes,No,,,T
2025,8/6/25,SGL33,3,B,8,BK473,N,WFM,F,AD,41,22,19,1.6,,,8.6,0,0,,0,0,Yes,Yes,Yes,,,T
2025,8/6/25,SGL33,3,A,3,BK187,Y,,,,,,,,,,,,,,,,,,,,,T
2025,8/6/25,SGL33,3,A,7,BK367,Y,,,,,,,,,,,,,,,,,,,,,T
2025,8/6/25,SGL33,4,B,10,BK197,N,WFM,F,AD,48,30,18,1.1,,,8.5,3,0,,0,0,Yes,Yes,No,,,C
2025,8/6/25,SGL33,4,B,3,BK198,Y,,,,,,,,,,,,,,,,,,,,,C
2025,8/6/25,SGL33,4,B,5,BK467,Y,,,,,,,,,,,,,,,,,,,,,C
2025,8/6/25,SGL33,4,A,3,BK442,Y,,,,,,,,,,,,,,,,,,,,,C
2025,8/6/25,SGL33,5,LB,6,BK365,N,WFM,M,AD,69,49,20,1,,,8,0,0,,0,0,Yes,Yes,Yes,,,T
2025,8/6/25,SGL33,5,A,7,BK341,Y,,,,,,,,,,,,,,,,,,,,,T
2025,8/6/25,SGL33,6,B,5,BK387,N,RBV,F,AD,43,21,22,1.2,,,10,0,0,,0,0,Yes,Yes,No,,,T
2025,8/6/25,SGL33,6,B,11,BK392,N,RBV,M,AD,36,18,18,1.2,,,8.3,0,0,,0,EAR MITES,Yes,Yes,No,,,T
2025,8/6/25,SGL33,6,B,8,BK418,Y,,,,,,,,,,,,,,,,,,,,,T
2025,8/6/25,SGL33,7,B,2,R367,Y,RBV,M,AD,41,19,22,1.4,,,9.4,1,0,,0,0,Yes,Yes,No,,,C
2025,8/6/25,SGL33,7,A,3,NO TAG #,N,WFM,M,AD,33,10,23,1.7,,,9.5,2,0,,0,0,Yes,Yes,No,Yes,,C
2025,8/6/25,SGL33,7,A,11,R454,Y,WFM,M,AD,44,21,23,1.6,,,9.4,3,0,,0,0,Yes,Yes,Yes,,,C
2025,8/6/25,SGL33,8,B,5,R397,Y,WFM,M,AD,60,37,23,1.6,,,9.9,0,0,,0,0,Yes,Yes,No,,,T
2025,8/6/25,SGL33,8,B,7,R419,N,WFM,M,AD,35,9,26,1.5,,,8.5,0,0,,0,0,Yes,No,No,,,T
2025,8/6/25,SGL33,8,B,11,BK487,N,WFM,F,AD,42,23,19,1.9,,,8.4,0,0,,0,0,Yes,Yes,Yes,,,T
2025,8/6/25,SGL33,8,B,4,BK490,N,WFM,M,AD,52,35,17,1.8,,,7.5,0,0,,0,0,Yes,Yes,Yes,,,T
2025,8/6/25,SGL33,8,B,8,BK452,Y,,,,,,,,,,,,,,,,,,,,,T
2025,8/6/25,SGL33,8,A,8,BK405,Y,,,,,,,,,,,,,,,,,,,,,T
2025,8/6/25,SGL33,9,B,2,BK326,N,WFM,M,AD,48,39,9,1.1,,,7.5,1,0,,0,0,Yes,Yes,No,,,T
2025,8/6/25,SGL33,9,A,5,BK190,N,WFM,F,AD,50,32,18,1.5,,,7.5,2,0,,0,0,Yes,Yes,No,,,T
2025,8/6/25,SGL33,9,B,2,BK326,Y,,,,,,,,,,,,,,,,,,,,,T
2025,8/6/25,SGL33,9,B,10,BK199,Y,,,,,,,,,,,,,,,,,,,,,T
2025,8/6/25,SGL33,9,A,3,R468,Y,,,,,,,,,,,,,,,,,,,,,T
2025,8/6/25,SGL33,9,A,7,BK493,Y,,,,,,,,,,,,,,,,,,,,,T
2025,8/6/25,SGL33,9,A,9,R389,Y,,,,,,,,,,,,,,,,,,,,,T
2025,8/6/25,SGL33,10,A,9,BK464,N,CHP,F,AD,98,10,88,1.5,,,15,3,0,,0,0,Yes,Yes,Yes,,,C
2025,8/6/25,SGL33,10,B,3,R408,N,WFM,F,AD,29,9,20,1.3,,,8.2,4,0,,0,0,Yes,No,Yes,,,C
2025,8/6/25,SGL33,10,B,4,BK176,N,WFM,F,AD,55,34,21,1.5,,,7.3,2,0,,0,0,Yes,No,Yes,,,C
2025,8/6/25,SGL33,10,A,3,BK448,N,WFM,M,AD,61,37,24,1,,,9,0,1,,0,0,Yes,Yes,No,,,C
2025,8/6/25,SGL33,10,A,6,BK377,N,WFM,M,AD,45,33,12,1.5,,,8,0,0,,0,0,Yes,No,Yes,,,C
2025,8/6/25,SGL33,10,B,2,BK183,Y,,,,,,,,,,,,,,,,,,,,,C
2025,8/6/25,SGL33,10,B,5,BK401,Y,,,,,,,,,,,,,,,,,,,,,C
2025,8/6/25,SGL33,10,B,10,BK408,Y,,,,,,,,,,,,,,,,,,,,,C
2025,8/6/25,SGL33,10,A,10,BK415,Y,,,,,,,,,,,,,,,,,,,,,C
2025,8/6/25,SGL33,11,B,6,BK164,N,WFM,M,AD,60,41,19,1.4,,,8.1,1,0,,0,0,Yes,Yes,Yes,,,T
2025,8/6/25,SGL33,11,B,3,BK336,N,WFM,F,AD,51,42,9,1.3,,,6.9,0,0,,0,0,Yes,Yes,No,,,T
2025,8/6/25,SGL33,11,A,3,R388,Y,,,,,,,,,,,,,,,,,,,,,T
2025,8/6/25,SGL33,11,A,4,R443,Y,,,,,,,,,,,,,,,,,,,,,T
2025,8/6/25,SGL33,11,A,4,R443,Y,,,,,,,,,,,,,,,,,,,,,T
2025,8/6/25,SGL33,11,A,8,BK485,Y,,,,,,,,,,,,,,,,,,,,,T
2025,8/6/25,SGL33,11,A,11,BK383,Y,,,,,,,,,,,,,,,,,,,,,T
2025,8/6/25,SGL33,12,B,9,BK400,N,WFM,M,AD,45,23,22,1.2,,,9,0,0,,0,0,Yes,Yes,Yes,,,T
2025,8/6/25,SGL33,12,A,8,BK470,N,WFM,M,AD,70,44,26,1.4,,,8.2,0,0,,0,0,Yes,Yes,Yes,,,T
2025,8/6/25,SGL33,12,A,6,BK384,N,WFM,M,AD,56,37,19,1.5,,,8,0,0,,0,0,Yes,Yes,No,,,T
2025,8/6/25,SGL33,12,A,7,BK370,N,WFM,F,AD,64,28,36,1.8,,,7.4,1,0,,0,0,Yes,Yes,No,,,T
2025,8/6/25,SGL33,12,A,5,BK302,N,WFM,M,JUV,40,36,4,1.2,,,7.2,0,0,,0,0,Yes,Yes,No,,,T
2025,8/6/25,SGL33,12,A,4,BK461,Y,,,,,,,,,,,,,,,,,,,,,T
2025,8/6/25,SGL33,12,A,4,BK461,Y,,,,,,,,,,,,,,,,,,,,,T
2025,8/5/25,SGL33,1,A,7,BYCATCH,N,FSQ,,,,,0,,,,,,,,,,,,,,,C
2025,8/5/25,SGL33,2,A,7,BK489,N,RBV,M,AD,49,21,28,1,,,10.5,1,0,,0,EAR MITES,Yes,Yes,Yes,,,T
2025,8/5/25,SGL33,2,B,2,R199,Y,WFM,M,AD,45,26,19,1.8,,,9.2,0,0,,0,0,Yes,Yes,Yes,,,T
2025,8/5/25,SGL33,3,LA,3,BK491,N,WFM,M,AD,47,29,18,1.5,,,9,2,0,,0,0,Yes,Yes,Yes,,,T
2025,8/5/25,SGL33,3,B,5,BK367,N,WFM,M,AD,54,32,22,1.3,,,9.2,0,0,,0,0,Yes,No,,,,T
2025,8/5/25,SGL33,3,A,2,BK187,N,WFM,M,AD,41,18,23,1.4,,,9.5,0,0,,0,0,Yes,Yes,Yes,,,T
2025,8/5/25,SGL33,4,B,7,BK198,N,WFM,F,AD,67,48,19,1.2,,,8.7,6,0,,0,0,Yes,Yes,Yes,,,C
2025,8/5/25,SGL33,4,B,6,BK442,N,WFM,M,AD,43,30,13,1.2,,,8.5,0,0,,0,0,Yes,No,Yes,,,C
2025,8/5/25,SGL33,4,A,9,BK467,N,WFM,M,AD,40,21,19,1.5,,,9.1,5,0,,0,0,Yes,Yes,Yes,,,C
2025,8/5/25,SGL33,5,B,10,BK341,N,WFM,M,AD,45,23,22,1.2,,,8,0,0,,0,0,Yes,No,No,,,T
2025,8/5/25,SGL33,6,B,8,BK418,N,WFM,M,AD,65,45,20,1.3,,,9,0,0,,0,0,Yes,No,Yes,,,T
2025,8/5/25,SGL33,6,B,6,BK495,N,WFM,F,AD,43,24,19,1.5,,,7.5,2,0,,0,0,Yes,Yes,Yes,,,T
2025,8/5/25,SGL33,6,A,5,BK148,N,WFM,M,AD,59,35,24,1.3,,,8.5,1,0,,0,0,Yes,Yes,Yes,,,T
2025,8/5/25,SGL33,6,A,5,NK148,Y,WFM,,,,,0,,,,,,,,,,,,,,,T
2025,8/5/25,SGL33,7,A,6,R390,Y,RBV,F,AD,51,26,25,0.9,,,10.2,0,0,,0,EAR MITES,Yes,Yes,Yes,,,C
2025,8/5/25,SGL33,7,A,5,R454,Y,WFM,M,AD,39,17,22,1.4,,,9.3,7,0,,0,0,Yes,Yes,Yes,,,C
2025,8/5/25,SGL33,7,A,6,R390,Y,WFM,,,,,0,,,,,,,,,,,,,,,C
2025,8/5/25,SGL33,8,A,3,BK498,N,RBV,F,AD,43,21,22,1,,,10.4,0,0,,0,EAR MITES,Yes,Yes,Yes,,,T
2025,8/5/25,SGL33,8,B,6,NO TAG #,Y,WFM,F,AD,50,20,30,1.4,,,10.4,0,0,,0,0,Yes,Yes,Yes,Yes,,T
2025,8/5/25,SGL33,8,B,10,R419,Y,WFM,M,AD,47,22,25,1.3,,,9.7,0,0,,0,0,Yes,No,No,,,T
2025,8/5/25,SGL33,8,B,4,BK452,N,WFM,M,AD,45,24,21,1.25,,,8,2,0,,0,0,Yes,Yes,No,,,T
2025,8/5/25,SGL33,8,B,7,BK405,N,WFM,M,AD,49,22,27,1,,,8,0,0,,0,0,Yes,No,Yes,,,T
2025,8/5/25,SGL33,9,B,9,BK199,N,WFM,M,AD,36,20,16,1.3,,,9.5,0,0,,0,0,Yes,No,Yes,,,T
2025,8/5/25,SGL33,9,A,8,BK493,N,WFM,M,AD,37,10,27,1.75,,,9.5,3,0,,0,0,Yes,Yes,Yes,,,T
2025,8/5/25,SGL33,9,A,5,BK345,N,WFM,M,AD,64,40,24,1.3,,,9,0,0,,0,0,Yes,Yes,Yes,Yes,,T
2025,8/5/25,SGL33,9,A,3,R468,Y,WFM,F,AD,47,31,16,1.5,,,8.9,0,0,,0,0,Yes,No,Yes,,,T
2025,8/5/25,SGL33,9,A,9,R389,Y,WFM,F,AD,42,24,18,1.5,,,8.8,0,0,,0,0,Yes,Yes,Yes,,,T
2025,8/5/25,SGL33,10,B,11,BK492,N,WFM,F,AD,46,23,23,1.5,,,8.6,22,0,,0,0,Yes,Yes,Yes,,,C
2025,8/5/25,SGL33,10,B,10,BK408,N,WFM,M,AD,55,30,25,1,,,8,6,0,,0,0,Yes,No,Yes,,,C
2025,8/5/25,SGL33,10,A,2,BK183,N,WFM,M,AD,61,35,26,1.3,,,8.2,2,0,,0,0,Yes,Yes,Yes,,,C
2025,8/5/25,SGL33,10,A,10,BK415,N,WFM,F,AD,56,39,17,1.1,,,8.1,1,0,,0,0,Yes,Yes,Yes,,,C
2025,8/5/25,SGL33,10,A,6,BK401,N,WFM,M,AD,56,32,24,1.2,,,8,0,0,,0,0,Yes,No,Yes,,,C
2025,8/5/25,SGL33,10,A,7,BK401,Y,WFM,,,,,0,,,,,,,,,,,,,,,C
2025,8/5/25,SGL33,11,A,11,BK485,N,WFM,M,AD,40,20,20,1.3,,,8.9,3,0,,0,0,Yes,Yes,Yes,,,T
2025,8/5/25,SGL33,11,A,2,R443,Y,WFM,M,AD,36,15,21,1.2,,,8.9,3,0,,0,0,Yes,Yes,Yes,,,T
2025,8/5/25,SGL33,11,A,4,R388,Y,WFM,M,AD,34,11,23,1.6,,,8.5,0,0,,0,0,Yes,No,Yes,,,T
2025,8/5/25,SGL33,11,A,10,BK383,N,WFM,M,AD,40,24,16,1.3,,,8.3,2,0,,0,0,Yes,Yes,No,,,T
2025,8/5/25,SGL33,12,LA,7,R346,Y,WFM,F,AD,64,38,26,1.5,,,8.2,1,0,,0,0,Yes,Yes,Yes,,,T
2025,8/5/25,SGL33,12,B,6,BK461,N,WFM,F,AD,45,27,18,1.4,,,8.1,0,0,,0,0,Yes,Yes,Yes,,,T
2025,8/5/25,SGL33,12,A,3,NO TAG #,N,WFM,,,,,0,,,,9,,,,,,,,,Yes,,T
2025,7/31/25,SGL103,1,LB,10,BK500,N,WFM,M,AD,38,19,19,1.6,,,8.3,0,0,,0,0,Yes,Yes,Yes,,,C
2025,7/31/25,SGL103,1,B,2,BK316,Y,WFM,,,,,,,,,,,,,,,,,,,,C
2025,7/31/25,SGL103,1,A,10,BK303,N,WFM,M,AD,67,45,22,1.1,,,8.5,1,0,,0,0,Yes,Yes,Yes,,,C
2025,7/31/25,SGL103,1,A,2,BK188,N,WFM,M,AD,28,16,12,0.9,,,8,0,0,,0,1,Yes,Yes,Yes,,,C
2025,7/31/25,SGL103,2,B,9,BK455,N,WFM,F,AD,39,17,22,1.6,,,8.1,0,0,,1,0,Yes,Yes,Yes,,,T
2025,7/31/25,SGL103,2,B,6,BK389,Y,WFM,,,,,,,,,,,,,,,,,,,,T
2025,7/31/25,SGL103,2,A,7,BK349,N,WFM,M,AD,60,38,22,1.3,,,8.5,0,0,,0,0,Yes,Yes,Yes,,,T
2025,7/31/25,SGL103,2,A,2,BK373,Y,WFM,,,,,,,,,,,,,,,,,,,,T
2025,7/31/25,SGL103,3,B,2,BK404,N,WFM,M,AD,55,39,16,1.5,,,9,1,0,,0,1,Yes,No,Yes,,,T
2025,7/31/25,SGL103,3,A,9,R302,Y,WFM,,,,,,,,,,,,,,,,,,,,T
2025,7/31/25,SGL103,3,A,8,R302,Y,WFM,,,,,,,,,,,,,,,,,,,,T
2025,7/31/25,SGL103,4,A,8,BYCATCH,N,PMS,,,,,,,,,,,,,,,,,,,,C
2025,7/31/25,SGL103,4,A,8,BK483,N,WFM,M,AD,68,42,26,1.5,,,8,1,2,,0,0,Yes,No,No,,,C
2025,7/31/25,SGL103,4,A,11,R345,Y,WFM,,,,,,,,,,,,,,,,,,,,C
2025,7/31/25,SGL103,5,LA,4,BK459,Y,WFM,,,,,,,,,,,,,,,,,,,,T
2025,7/31/25,SGL103,5,LA,7,BK427,Y,WFM,,,,,,,,,,,,,,,,,,,,T
2025,7/31/25,SGL103,5,B,11,R98,Y,WFM,F,AD,43,15,28,1,,,8.6,3,0,,0,0,Yes,Yes,Yes,,,T
2025,7/31/25,SGL103,5,B,3,R383,Y,WFM,,,,,,,,,,,,,,,,,,,,T
2025,7/31/25,SGL103,5,B,4,R323,Y,WFM,,,,,,,,,,,,,,,,,,,,T
2025,7/31/25,SGL103,5,A,7,BK168,N,WFM,M,AD,57,36,21,1.1,,,8.3,2,0,,0,0,Yes,Yes,Yes,,,T
2025,7/31/25,SGL103,5,A,5,BK459,Y,WFM,,,,,,,,,,,,,,,,,,,,T
2025,7/31/25,SGL103,5,A,2,BK414,Y,WFM,,,,,,,,,,,,,,,,,,,,T
2025,7/31/25,SGL103,6,B,7,BK191,Y,WFM,,,,,,,,,,,,,,,,,,,,T
2025,7/31/25,SGL103,8,B,2,BK458,Y,WFM,,,,,,,,,,,,,,,,,,,,T
2025,7/31/25,SGL103,8,B,9,BK182,Y,WFM,,,,,,,,,,,,,,,,,,,,T
2025,7/31/25,SGL103,8,A,10,BK462,N,WFM,M,AD,40,18,22,1.5,,,8.2,0,0,,0,0,Yes,Yes,Yes,,,T
2025,7/31/25,SGL103,8,A,9,BK468,Y,WFM,,,,,,,,,,,,,,,,,,,,T
2025,7/31/25,SGL103,9,LB,10,BK339,Y,WFM,,,,,,,,,,,,,,,,,,,,T
2025,7/31/25,SGL103,9,LA,9,BK454,N,WFM,M,AD,38,20,18,1.6,,,8.4,0,0,,0,0,Yes,Yes,Yes,,,T
2025,7/30/25,SGL103,1,LA,6,BK316,N,WFM,M,AD,60,44,16,1,,,7,0,0,,0,0,Yes,No,Yes,,,C
2025,7/30/25,SGL103,1,A,10,BK184,Y,WFM,,,,,,,,,,,,,,,,,,,,C
2025,7/30/25,SGL103,2,B,5,BK389,N,WFM,M,AD,60,23,37,1.6,,,9.5,0,0,,0,0,Yes,Yes,Yes,,,T
2025,7/30/25,SGL103,2,A,2,BK373,Y,WFM,,,,,,,,,,,,,,,,,,,,T
2025,7/30/25,SGL103,3,A,9,R302,Y,WFM,,,,,,,,,,,,,,,,,,,,T
2025,7/30/25,SGL103,4,A,11,R345,N,WFM,M,AD,35,14,21,1.6,,,9.3,3,0,,0,1,Yes,Yes,Yes,,,C
2025,7/30/25,SGL103,4,A,2,BK472,N,WFM,F,AD,43,19,24,1.7,,,8.9,0,0,,0,10,Yes,Yes,Yes,,,C
2025,7/30/25,SGL103,5,LB,3,BK323,Y,WFM,,,,,,,,,,,,,,,,,,,,T
2025,7/30/25,SGL103,5,LA,4,BK459,Y,WFM,,,,,,,,,,,,,,,,,,,,T
2025,7/30/25,SGL103,5,B,5,BK427,Y,WFM,,,,,,,,,,,,,,,,,,,,T
2025,7/30/25,SGL103,5,A,2,BK414,N,WFM,M,AD,49,33,16,0.8,,,7.5,0,0,,0,0,Yes,Yes,No,,,T
2025,7/30/25,SGL103,5,A,4,R323,Y,WFM,,,,,,,,,,,,,,,,,,,,T
2025,7/30/25,SGL103,6,B,3,BK419,Y,WFM,,,,,,,,,,,,,,,,,,,,T
2025,7/30/25,SGL103,6,B,6,BK419,Y,WFM,,,,,,,,,,,,,,,,,,,,T
2025,7/30/25,SGL103,6,B,9,BK191,Y,WFM,,,,,,,,,,,,,,,,,,,,T
2025,7/30/25,SGL103,6,A,3,R431,Y,WFM,,,,,,,,,,,,,,,,,,,,T
2025,7/30/25,SGL103,7,B,2,BK195,N,WFM,M,AD,38,10,28,1.75,,,9,4,1,,0,0,Yes,No,No,,,C
2025,7/30/25,SGL103,8,B,3,BK182,N,WFM,F,AD,50,30,20,1.5,,,8.6,2,0,,0,0,Yes,Yes,Yes,,,T
2025,7/30/25,SGL103,9,B,7,RED MARK ,N,NST,F,AD,43,29,14,,,25,10,8,0,,0,0,Yes,Yes,No,,,T
2025,7/30/25,SGL103,9,A,10,BK339,N,WFM,M,JUV,50,40,10,0.7,,,6,0,0,,0,0,Yes,No,No,,,T
2025,7/29/25,SGL103,1,LA,3,BK169,N,WFM,F,AD,36,18,18,1.8,,,9.5,4,0,,0,0,Yes,Yes,Yes,No,No,C
2025,7/29/25,SGL103,1,LA,6,BK184,N,WFM,F,AD,35,19,16,1.7,,,9.5,5,0,,0,0,Yes,Yes,Yes,No,No,C
2025,7/29/25,SGL103,2,A,2,BK373,N,WFM,M,AD,48,28,20,1,,,7.5,1,0,,0,0,Yes,Yes,No,,,T
2025,7/29/25,SGL103,3,B,10,R302,Y,WFM,F,AD,48,21,27,1.4,,,10.3,0,0,,0,0,Yes,No,No,No,No,T
2025,7/29/25,SGL103,3,B,5,BK307,N,WFM,M,AD,37,16,21,1,,,9.5,0,0,,0,0,Yes,Yes,Yes,,,T
2025,7/29/25,SGL103,3,A,10,BK357,N,WFM,M,AD,48,26,22,1.6,,,9.5,0,0,,0,0,Yes,No,Yes,No,No,T
2025,7/29/25,SGL103,4,A,7,R70,Y,CHP,F,AD,,,,,,,,2,0,,0,0,Yes,Yes,Yes,,,C
2025,7/29/25,SGL103,5,LB,3,R323,Y,WFM,M,AD,43,21,22,1.8,,,10.3,1,0,,0,0,Yes,Yes,Yes,,,T
2025,7/29/25,SGL103,5,LA,7,BK459,N,WFM,F,AD,39,20,19,1.5,,,7.6,0,0,,0,0,Yes,No,Yes,,,T
2025,7/29/25,SGL103,5,B,3,BK323,N,WFM,M,AD,55,36,19,1.2,,,8,0,0,,0,0,Yes,Yes,Yes,,,T
2025,7/29/25,SGL103,5,B,8,BK427,N,WFM,M,AD,48,38,10,1.5,,,6.25,1,0,,0,0,Yes,Yes,Yes,No,No,T
2025,7/29/25,SGL103,6,B,2,R431,Y,WFM,F,AD,62,37,25,1.7,,,11,0,0,,0,0,Yes,No,No,No,No,T
2025,7/29/25,SGL103,6,B,5,BK419,N,WFM,M,AD,56,36,20,1.2,,,8.7,1,0,,0,0,Yes,Yes,No,No,No,T
2025,7/29/25,SGL103,6,A,9,BK356,N,WFM,M,AD,51,30,21,1,,,9,0,0,,0,0,Yes,No,No,,,T
2025,7/29/25,SGL103,6,A,10,BK191,N,WFM,M,AD,39,27,12,1,,,9,0,0,,0,1,Yes,No,No,,,T
2025,7/29/25,SGL103,7,B,2,ESCAPED,N,WFM,,,,,,,,,,,,,,,,,,,,C
2025,7/29/25,SGL103,8,B,2,BK458,N,WFM,M,AD,37,14,23,2,,,9.9,3,0,,0,0,Yes,Yes,Yes,,,T
2025,7/29/25,SGL103,8,B,3,BK468,N,WFM,M,AD,41,21,20,1.9,,,9.6,0,0,,0,0,Yes,Yes,Yes,,,T
2025,7/29/25,SGL103,9,A,10,R188,Y,WFM,M,AD,65,41,24,1.7,,,8.6,1,1,,0,0,Yes,Yes,Yes,,,T
2025,7/29/25,SGL103,9,A,10,R188,Y,WFM,,,,,,,,,,,,,,,,,,No,Yes,T
2025,7/24/25,SGL176,1,B,2,BK163,Y,WFM,,,,,,,,,,,,,,,,,,,,C
2025,7/24/25,SGL176,1,B,3,BK425,Y,WFM,,,,,,,,,,,,,,,,,,,,C
2025,7/24/25,SGL176,1,A,9,BK353,N,WFM,M,AD,30,10,20,1.5,,,9.4,1,0,,0,0,Yes,Yes,Yes,No,No,C
2025,7/24/25,SGL176,1,A,4,R46,Y,WFM,,,,,,,,,,,,,,,,,,,,C
2025,7/24/25,SGL176,1,A,10,R303,Y,WFM,,,,,,,,,,,,,,,,,,,,C
2025,7/24/25,SGL176,2,LA,3,BK436,N,WFM,F,AD,37,20,17,1.5,,,8.5,1,0,,0,0,Yes,Yes,Yes,No,No,T
2025,7/24/25,SGL176,2,B,10,R167,Y,WFM,F,AD,57,35,22,1.4,,,8.4,0,0,,0,0,Yes,No,Yes,,,T
2025,7/24/25,SGL176,2,A,9,R342,Y,WFM,,,,,,,,,,,,,,,,,,,,T
2025,7/24/25,SGL176,3,B,6,R386,N,WFM,M,AD,17,0,17,1.5,,,8.7,0,0,,0,0,Yes,Yes,Yes,,,T
2025,7/24/25,SGL176,3,A,11,BK477,Y,WFM,,,,,,,,,,,,,,,,,,,,T
2025,7/24/25,SGL176,4,B,3,R175,Y,WFM,,,,,,,,,,,,,,,,,,,,C
2025,7/24/25,SGL176,4,A,9,BK177,N,WFM,M,AD,41,18,23,1.25,,,9,0,0,,0,0,Yes,Yes,Yes,No,No,C
2025,7/24/25,SGL176,4,A,10,BK497,N,WFM,F,AD,41,23,18,1.6,,,8.2,2,0,,0,0,Yes,Yes,Yes,No,No,C
2025,7/24/25,SGL176,5,B,2,BK304,N,WFM,M,AD,41,24,17,1,,,8.5,0,0,,0,0,Yes,Yes,Yes,No,No,T
2025,7/24/25,SGL176,5,B,10,BK200,Y,WFM,,,,,,,,,,,,,,,,,,,,T
2025,7/24/25,SGL176,6,LA,10,BK465,Y,WFM,,,,,,,,,,,,,,,,,,,,T
2025,7/24/25,SGL176,6,B,2,BK178,N,WFM,M,AD,63,42,21,1.5,,,9,0,0,,0,0,Yes,Yes,No,No,No,T
2025,7/24/25,SGL176,6,B,3,BK422,N,WFM,M,AD,25,9,16,1.2,,,7.5,2,0,,0,0,Yes,No,No,No,No,T
2025,7/24/25,SGL176,6,B,8,BK318,N,WFM,F,JUV,21,9,12,1,,,7.5,3,0,,0,0,Yes,Yes,No,No,No,T
2025,7/24/25,SGL176,6,A,10,BK398,N,WFM,M,AD,32,11,21,1.4,,,8.8,0,0,,0,0,Yes,Yes,Yes,No,No,T
2025,7/24/25,SGL176,7,B,11,BK486,N,CHP,F,AD,90,13,77,1.4,,,16.3,2,3,,0,0,Yes,Yes,Yes,No,No,C
2025,7/24/25,SGL176,7,LB,7,BK438,Y,WFM,,,,,,,,,,,,,,,,,,,,C
2025,7/24/25,SGL176,7,B,4,R402,Y,WFM,,,,,,,,,,,,,,,,,,,,C
2025,7/24/25,SGL176,7,A,2,BK463,N,WFM,F,AD,30,16,14,1.4,,,7.5,2,0,,0,0,Yes,No,Yes,No,No,C
2025,7/24/25,SGL176,8,A,8,BK368,N,WFM,M,AD,48,35,13,1.2,,,8.6,2,0,,0,0,Yes,Yes,No,No,No,T
2025,7/23/25,SGL176,1,A,5,BK499,N,WFM,F,AD,46,33,13,1.7,,,9.5,3,0,,0,0,Yes,Yes,No,No,No,C
2025,7/23/25,SGL176,1,A,4,BK179,Y,WFM,M,AD,,,,,,,,,,,,,,,,,,C
2025,7/23/25,SGL176,1,A,2,R447,Y,WFM,,,,,,,,,,,,,,,,,,,,C
2025,7/23/25,SGL176,1,A,2,R447,Y,WFM,,,,,,,,,,,,,,,,,,,,C
2025,7/23/25,SGL176,1,A,8,R303,Y,WFM,,,,,,,,,,,,,,,,,,,,C
2025,7/23/25,SGL176,1,A,3,BK425,Y,WFM,,,,,,,,,,,,,,,,,,,,C
2025,7/23/25,SGL176,2,B,4,BK353,Y,CHP,,,,,,,,,,,,,,,,,,,,T
2025,7/23/25,SGL176,2,B,11,R167,Y,WFM,F,AD,64,41,23,1.7,,,9.4,0,0,,0,0,Yes,Yes,Yes,,,T
2025,7/23/25,SGL176,2,B,11,BK469,N,WFM,M,AD,54,32,22,1.6,,,9.1,2,0,,0,0,Yes,Yes,Yes,No,No,T
2025,7/23/25,SGL176,2,B,2,BK460,N,WFM,F,AD,53,36,17,1.5,,,8.3,0,0,,0,0,Yes,Yes,Yes,No,No,T
2025,7/23/25,SGL176,2,B,2,R438,Y,WFM,M,,,,,,,,,,,,,,,,,,,T
2025,7/23/25,SGL176,2,B,11,BK469,Y,WFM,,,,,,,,,,,,,,,,,,,,T
2025,7/23/25,SGL176,2,A,11,R342,Y,WFM,,AD,45,23,22,,,,,,,,,,Yes,No,No,,,T
2025,7/23/25,SGL176,2,A,9,BK484,Y,WFM,,,,,,,,,,,,,,,,,,,,T
2025,7/23/25,SGL176,3,B,11,BK477,N,WFM,M,AD,60,45,15,1.5,,,9,1,0,,0,0,Yes,Yes,Yes,No,No,T
2025,7/23/25,SGL176,3,B,2,BK394,N,WFM,M,AD,,,0,1.6,,,8.5,0,0,,0,0,Yes,Yes,No,No,No,T
2025,7/23/25,SGL176,3,B,4,BK447,N,WFM,M,AD,31,9,22,1.3,,,6.2,0,0,,0,0,Yes,Yes,No,No,No,T
2025,7/23/25,SGL176,3,B,4,BK447,Y,WFM,,,,,,,,,,,,,,,,,,,,T
2025,7/23/25,SGL176,3,A,2,BK478,N,WFM,M,AD,57,38,19,1.3,,,8.2,11,0,,0,0,Yes,Yes,Yes,No,No,T
2025,7/23/25,SGL176,3,A,4,BK327,N,WFM,F,AD,49,33,16,1.7,,,8,0,0,,0,1,Yes,No,Yes,No,No,T
2025,7/23/25,SGL176,4,B,8,BK308,N,WFM,M,AD,59,39,20,1.3,,,8.5,0,0,,0,0,Yes,Yes,Yes,No,No,C
2025,7/23/25,SGL176,4,A,4,R175,Y,WFM,F,AD,57,38,19,1.5,,,10,1,0,,0,0,No,Yes,Yes,,,C
2025,7/23/25,SGL176,4,A,11,BK428,N,WFM,M,AD,61,42,19,0.8,,,6.5,0,0,,0,0,Yes,Yes,Yes,No,No,C
2025,7/23/25,SGL176,4,A,2,BK471,Y,WFM,,,,,,,,,,,,,,,,,,,,C
2025,7/23/25,SGL176,5,B,2,BK172,N,WFM,M,AD,57,28,29,1.4,,,9,0,0,,0,1,Yes,Yes,Yes,No,No,T
2025,7/23/25,SGL176,5,B,11,BK189,N,WFM,F,AD,39,26,13,0.7,,,8,0,0,,0,0,Yes,Yes,No,No,No,T
2025,7/23/25,SGL176,6,LB,6,BK413,Y,WFM,,,,,,,,,,,,,,,,,,,,T
2025,7/23/25,SGL176,6,LA,4,BK362,N,WFM,M,JUV,,,0,,,,5.5,5,0,,0,0,Yes,No,Yes,No,No,T
2025,7/23/25,SGL176,6,B,6,BK426,N,WFM,M,AD,47,16,31,1.2,,,7.5,0,0,,0,0,Yes,Yes,No,No,No,T
2025,7/23/25,SGL176,6,A,10,BK372,N,WFM,M,AD,30,9,21,1.5,,,9.2,0,0,,0,0,Yes,Yes,No,No,No,T
2025,7/23/25,SGL176,6,A,11,BK465,Y,WFM,,,,,,,,,,,,,,,,,,,,T
2025,7/23/25,SGL176,6,A,11,BK465,Y,WFM,,,,,,,,,,,,,,,,,,,,T
2025,7/23/25,SGL176,7,A,3,NO TAG #,N,NST,M,AD,10,0,10,1.5,,25,8,5,0,,0,0,Yes,No,No,,,C
2025,7/23/25,SGL176,7,LB,7,BK438,Y,WFM,,,,,,,,,,,,,,,,,,,,C
2025,7/23/25,SGL176,7,B,6,R402,Y,WFM,,,,,,,,,,,,,,,,,,,,C
2025,7/23/25,SGL176,9,B,7,BK480,N,WFM,M,AD,47,29,18,1.4,,,8.4,0,1,,0,0,Yes,Yes,Yes,No,No,T
2025,7/23/25,SGL176,9,A,10,BK186,N,WFM,M,AD,25,9,16,1.5,,,10,0,0,,0,0,Yes,Yes,No,No,No,T
2025,7/23/25,SGL176,9,A,3,BK335,N,WFM,M,AD,61,41,20,1.5,,,8.5,0,0,,0,0,Yes,Yes,No,No,No,T
2025,7/22/25,SGL176,1,B,10,BK482,N,CHP,M,AD,83,9,74,1.5,,,16,3,0,,0,4,Yes,No,No,No,No,C
2025,7/22/25,SGL176,1,B,2,BK425,N,WFM,M,AD,46,28,18,1,,,10,0,0,,0,0,Yes,Yes,Yes,No,No,C
2025,7/22/25,SGL176,1,B,3,BK163,N,WFM,M,AD,61,37,24,1.4,,,9.4,5,0,,0,0,Yes,Yes,Yes,No,No,C
2025,7/22/25,SGL176,1,B,7,BK173,N,WFM,M,AD,59,35,24,1.6,,,9.3,6,0,,0,0,Yes,Yes,Yes,No,No,C
2025,7/22/25,SGL176,1,A,5,R46,Y,WFM,F,AD,45,25,20,1.3,,,9.4,0,0,,0,0,Yes,No,No,,,C
2025,7/22/25,SGL176,1,A,9,R303,Y,WFM,F,AD,57,39,18,1.6,,,8.9,0,0,,0,0,Yes,No,No,,,C
2025,7/22/25,SGL176,1,A,3,R447,Y,WFM,M,AD,47,27,20,1.5,,,8.5,0,0,,0,0,Yes,Yes,No,,,C
2025,7/22/25,SGL176,1,A,2,BK321,N,WFM,M,AD,61,44,17,1.5,,,8.5,3,0,,0,0,Yes,No,No,No,No,C
2025,7/22/25,SGL176,1,A,6,BK179,N,WFM,M,AD,57,35,22,1.3,,,8.3,5,0,,0,0,Yes,Yes,Yes,No,No,C
2025,7/22/25,SGL176,1,A,11,BK407,N,WFM,M,JUV,36,26,10,0.75,,,5,0,0,,0,0,Yes,No,No,No,No,C
2025,7/22/25,SGL176,2,LB,4,BK395,N,CHP,M,AD,90,10,80,1.5,,,15,0,0,,0,1,Yes,Yes,Yes,No,No,T
2025,7/22/25,SGL176,2,A,5,R438,Y,WFM,M,AD,61,36,25,1.4,,,10.1,0,0,,0,0,Yes,No,Yes,,,T
2025,7/22/25,SGL176,2,A,10,R342,Y,WFM,M,AD,45,25,20,1,,,10,0,0,,0,0,No,No,No,,,T
2025,7/22/25,SGL176,2,A,9,BK484,N,WFM,M,AD,48,32,16,1.1,,,8.5,0,0,,0,0,Yes,Yes,Yes,No,No,T
2025,7/22/25,SGL176,2,A,11,BK170,N,WFM,M,JUV,30,18,12,1.3,,,7.8,0,0,,0,0,Yes,Yes,Yes,No,No,T
2025,7/22/25,SGL176,3,B,9,BK329,N,WFM,M,AD,50.7,40.1,10.6,1.3,,,9,0,0,,0,0,Yes,No,Yes,No,No,T
2025,7/22/25,SGL176,3,B,4,ESCAPED,N,WFM,,,,,0,,,,,,,,,,,,,,,T
2025,7/22/25,SGL176,3,A,10,BK160,N,WFM,M,AD,55,36,19,1.5,,,8.7,0,0,,0,0,Yes,Yes,Yes,No,No,T
2025,7/22/25,SGL176,3,A,5,BK301,N,WFM,M,AD,51.5,40.5,11,1.5,,,7,0,0,,0,0,Yes,Yes,No,No,No,T
2025,7/22/25,SGL176,4,B,2,BK471,N,WFM,F,AD,52,38,14,1.5,,,9,0,0,,0,0,Yes,Yes,Yes,No,No,C
2025,7/22/25,SGL176,4,B,6,BK166,N,WFM,F,AD,28,11,17,1.5,,,8.3,3,0,,0,0,Yes,Yes,Yes,No,No,C
2025,7/22/25,SGL176,5,A,5,BK200,N,WFM,M,AD,53,37,16,1.4,,,8.6,0,0,,0,0,Yes,Yes,Yes,No,No,T
2025,7/22/25,SGL176,6,LB,6,BK413,N,WFM,M,AD,42,27,15,1,,,7,0,1,,0,0,Yes,No,No,No,No,T
2025,7/22/25,SGL176,6,B,11,R387,Y,WFM,M,AD,51,27,24,1.5,,,10,0,0,,0,0,No,No,No,,,T
2025,7/22/25,SGL176,6,A,10,BK465,N,WFM,M,AD,31,10,21,1.5,,,8.5,0,2,,0,0,Yes,Yes,Yes,No,No,T
2025,7/22/25,SGL176,7,A,3,RED MARKER,N,NST,M,AD,20,6,14,,,25,8.5,2,0,,0,0,Yes,Yes,No,No,No,C
2025,7/22/25,SGL176,7,B,3,R402,Y,WFM,M,AD,71,47,24,1.8,,,9.2,2,0,,0,0,Yes,Yes,Yes,,,C
2025,7/22/25,SGL176,7,B,9,BK438,N,WFM,M,AD,30,14,16,1,,,6,0,0,,0,0,Yes,Yes,No,No,No,C
2025,7/22/25,SGL176,7,B,3,R462,Y,WFM,M,AD,,,,,,,,,,,,,,,,,,C
2025,7/22/25,SGL176,7,A,2,BK423,N,WFM,M,AD,45,26,19,1.4,,,9,0,0,,0,0,Yes,No,No,No,No,C
2025,7/22/25,SGL176,9,B,7,ESCAPED,N,WFM,,,,,0,,,,,,,,,,,,,,,T
2025,6/12/25,SGL103,4,A,8,R158,N,CHP,F,AD,80,11,69,1.5,,,13,0,4,,0,0,Yes,Yes,No,No,No,C
2025,6/12/25,SGL103,4,A,9,R196,N,CHP,F,AD,,,,,,,,1,0,,0,0,Yes,Yes,No,Yes,Yes,C
2025,6/12/25,SGL103,4,A,5,R70,Y,CHP,,,,,,,,,,,,,,,,,,,,C
2025,6/12/25,SGL176,1,B,3,R447,N,WFM,F,AD,30,30,0,1.4,,,8.6,0,0,,0,0,Yes,Yes,No,No,No,C
2025,6/12/25,SGL176,1,B,7,R173,N,WFM,F,AD,36,19,17,1.6,,,8.3,0,0,,0,0,Yes,Yes,Yes,No,No,C
2025,6/12/25,SGL176,1,A,9,R463,N,WFM,M,AD,69,50,19,0.8,,,8.5,0,0,,0,0,Yes,Yes,No,No,No,C
2025,6/12/25,SGL176,1,A,11,R303,Y,WFM,,,,,,,,,,,,,,,,,,,,C
2025,6/12/25,SGL176,2,LB,10,R167,N,WFM,F,AD,48,23,25,1.3,,,9.6,0,0,,0,0,Yes,No,Yes,No,No,T
2025,6/12/25,SGL176,2,LB,4,R438,Y,WFM,,,,,,,,,,,,,,,,,,,,T
2025,6/12/25,SGL176,2,A,4,R474,N,WFM,F,AD,42,24,18,1.4,,,8.6,0,0,,0,0,Yes,No,Yes,No,No,T
2025,6/12/25,SGL176,2,A,7,R342,Y,WFM,,,,,,,,,,,,,,,,,,,,T
2025,6/12/25,SGL176,3,B,2,R185,N,WFM,F,AD,38,18,20,1.6,,,8.4,0,0,,0,0,Yes,Yes,Yes,No,No,T
2025,6/12/25,SGL176,3,A,9,R442,N,WFM,F,AD,55,34,21,1.3,,,8.5,0,0,,0,0,Yes,No,Yes,No,No,T
2025,6/12/25,SGL176,3,A,7,R182,N,WFM,F,JUV,36,20,16,1.3,,,7.4,0,0,,0,0,Yes,No,Yes,No,No,T
2025,6/12/25,SGL176,3,A,4,R63,Y,WFM,,,,,,,,,,,,,,,,,,,,T
2025,6/12/25,SGL176,5,B,9,R155,N,WFM,F,AD,61,24,37,1,,,8,0,0,,0,0,Yes,No,Yes,No,No,T
2025,6/12/25,SGL176,6,B,11,R178,N,WFM,M,AD,48,26,22,1.9,,,9.2,0,0,,0,0,Yes,Yes,Yes,No,No,T
2025,6/12/25,SGL176,6,B,9,R387,N,WFM,F,AD,65,38,27,1,,,8.5,0,0,,0,0,Yes,Yes,No,No,No,T
2025,6/12/25,SGL176,7,B,10,R385,Y,WFM,,,,,,,,,,,,,,,,,,,,C
2025,6/12/25,SGL176,8,A,6,R416,N,WFM,M,AD,50,21,29,1.1,,,10,0,1,,0,0,Yes,Yes,No,No,No,T
2025,6/12/25,SGL176,8,A,4,ESCAPED,N,WFM,,JUV,,,,,,,,,,,,,,,,,,T
2025,6/5/25,SGL33,1,B,9,R488,N,WFM,M,AD,58,37,21,1.3,,,8.5,0,0,,0,0,Yes,Yes,Yes,No,No,C
2025,6/5/25,SGL33,1,A,7,R200,N,WFM,F,AD,60,10,50,1.3,,,8,4,0,,1,0,Yes,No,No,No,No,C
2025,6/5/25,SGL33,1,A,4,R481,N,WFM,M,JUV,22,9,13,1.1,,,6.4,0,1,,0,0,Yes,No,Yes,No,No,C
2025,6/5/25,SGL33,2,B,11,R381,N,RBV,M,JUV,33,21,12,1.1,,,7.7,0,0,,0,1,Yes,No,Yes,No,No,T
2025,6/5/25,SGL33,2,B,7,R199,N,WFM,M,JUV,24,10,14,1.5,,,7.5,37,3,,0,0,Yes,No,Yes,No,No,T
2025,6/5/25,SGL33,2,A,6,R410,Y,WFM,,,,,,,,,,,,,,,,,,,,T
2025,6/5/25,SGL33,3,A,5,R369,N,WFM,M,AD,42,14,28,1.5,,,10,0,0,,0,0,Yes,Yes,No,No,No,T
2025,6/5/25,SGL33,4,B,2,R151,Y,WFM,,,,,,,,,,,,,,,,,,,,C
2025,6/5/25,SGL33,5,A,3,BYCATCH,N,FSQ,,,,,,,,,,,,,,,,,,,,T
2025,6/5/25,SGL33,7,LA,3,R356,N,RBV,M,AD,49,17,32,1.3,,,10.3,0,0,,0,,Yes,Yes,No,No,No,C
2025,6/5/25,SGL33,7,B,6,R384,N,RBV,F,JUV,30,17,13,1.2,,,8.8,0,0,,0,EAR MITES,Yes,No,Yes,No,No,C
2025,6/5/25,SGL33,7,B,10,R364,N,RBV,M,JUV,37,20,17,1.2,,,8.2,0,0,,0,,Yes,No,Yes,No,No,C
2025,6/5/25,SGL33,7,B,3,R367,N,RBV,F,JUV,36,22,14,1.2,,,7.8,0,0,,0,,Yes,No,Yes,No,No,C
2025,6/5/25,SGL33,7,A,5,R386,N,RBV,M,JUV,45,31,14,1.1,,,7.9,0,0,,0,1,Yes,Yes,No,No,No,C
2025,6/5/25,SGL33,8,B,5,R379,N,RBV,F,JUV,36,20,16,1.1,,,9.2,0,0,,0,EAR MITES,Yes,No,Yes,No,No,T
2025,6/5/25,SGL33,8,B,5,R429,N,WFM,M,AD,34,16,18,0.9,,,9.75,0,4,,0,0,Yes,Yes,No,No,No,T
2025,6/5/25,SGL33,8,B,8,NO TAG #,N,WFM,M,JUV,27,10,17,1.4,,,8.9,0,0,,0,0,Yes,No,No,Yes,No,T
2025,6/5/25,SGL33,8,B,10,"RECAP, NO TAG #",Y,WFM,,,,,,,,,,,,,,,,,,,,T
2025,6/5/25,SGL33,8,A,4,R330,Y,WFM,F,AD,,,,,,,,,,,,,,,,,,T
2025,6/5/25,SGL33,9,B,8,R480,N,WFM,M,AD,33,9,24,0.9,,,9.8,0,0,,0,0,Yes,Yes,No,No,No,T
2025,6/5/25,SGL33,9,A,3,R430,N,WFM,M,AD,32,13,19,1.2,,,11.2,0,0,,0,0,Yes,Yes,No,No,No,T
2025,6/5/25,SGL33,9,A,5,R468,Y,WFM,,,,,,,,,,,,,,,,,,,,T
2025,6/5/25,SGL33,9,A,8,R389,Y,WFM,,,,,,,,,,,,,,,,,,,,T
2025,6/5/25,SGL33,9,A,9,R395,Y,WFM,,,,,,,,,,,,,,,,,,,,T
2025,6/5/25,SGL33,10,B,2,R408,Y,WFM,,,,,,,,,,,,,,,,,,,,C
2025,6/5/25,SGL33,11,B,3,R388,Y,WFM,,,,,,,,,,,,,,,,,,,,T
2025,6/5/25,SGL33,11,B,5,R336,Y,WFM,,,,,,,,,,,,,,,,,,,,T
2025,6/5/25,SGL33,11,A,8,R396,N,WFM,M,JUV,43,28,15,1.25,,,7,0,0,,0,0,Yes,No,No,No,No,T
2025,6/5/25,SGL33,11,A,9,R443,Y,WFM,,,,,,,,,,,,,,,,,,,,T
2025,6/5/25,SGL33,12,A,7,R346,Y,WFM,,,,,,,,,,,,,,,,,,,,T
2025,6/4/25,SGL33,1,B,8,R424,N,WFM,F,AD,64,38,26,1.4,,,8.5,1,2,,0,0,Yes,Yes,No,No,No,C
2025,6/4/25,SGL33,2,A,11,R392,N,RBV,M,AD,32,15,17,1.4,,,10.7,0,0,,0,0,Yes,Yes,Yes,No,No,T
2025,6/4/25,SGL33,2,B,6,R334,N,WFM,F,AD,39,15,24,1.3,,,9.5,0,0,,0,0,Yes,No,No,No,No,T
2025,6/4/25,SGL33,2,B,5,R400,N,WFM,F,AD,48,23,25,1.5,,,9.3,0,0,,0,0,Yes,Yes,Yes,No,No,T
2025,6/4/25,SGL33,2,A,6,R410,N,WFM,M,AD,52,34,18,1.4,,,9,0,0,,0,0,Yes,No,No,No,No,T
2025,6/4/25,SGL33,5,B,9,R176,N,WFM,M,AD,39,11,28,1.25,,,8.5,0,0,,0,0,Yes,Yes,Yes,No,No,T
2025,6/4/25,SGL33,5,A,2,R401,N,WFM,F,AD,44,30,14,1.2,,,7.5,2,2,,0,0,Yes,Yes,No,No,No,T
2025,6/4/25,SGL33,6,A,5,R370,Y,RBV,,,,,,,,,,,,,,,,,,,,T
2025,6/4/25,SGL33,6,B,8,R404,N,WFM,F,AD,53,30,23,1.2,,,8.7,0,0,,0,0,Yes,Yes,No,No,No,T
2025,6/4/25,SGL33,7,LA,6,R378,N,RBV,M,AD,47,19,28,1.2,,,10.3,0,0,,0,0,Yes,Yes,Yes,No,No,C
2025,6/4/25,SGL33,7,B,7,R378,Y,RBV,,,,,,,,,,,,,,,,,,Yes,Yes,C
2025,6/4/25,SGL33,8,B,5,R397,Y,WFM,,,,,,,,,,,,,,,,,,,,T
2025,6/4/25,SGL33,9,B,8,BYCATCH,N,FSQ,,,,,,,,,,,,,,,,,,,,T
2025,6/4/25,SGL33,9,B,11,R395,N,WFM,F,AD,49,35,14,1.3,,,9.1,0,0,,0,0,Yes,Yes,Yes,No,No,T
2025,6/4/25,SGL33,9,A,8,R389,N,WFM,F,AD,35,18,17,1.4,,,8.1,0,0,,0,0,Yes,Yes,Yes,No,No,T
2025,6/4/25,SGL33,9,A,3,R162,N,WFM,M,AD,33,16,17,1.5,,,8,0,0,,1,0,Yes,Yes,Yes,No,No,T
2025,6/4/25,SGL33,9,A,5,R468,N,WFM,F,AD,28,12,16,1.5,,,6.5,0,0,,0,0,Yes,Yes,Yes,No,No,T
2025,6/4/25,SGL33,10,B,3,R408,N,WFM,F,AD,55,39,16,1.1,,,7,0,0,,0,0,Yes,Yes,No,No,No,C
2025,6/4/25,SGL33,11,B,6,R445,Y,WFM,,,,,,,,,,,,,,,,,,,,T
2025,6/4/25,SGL33,11,A,2,R388,N,WFM,F,AD,44,33,11,1.1,,,8.4,0,0,,0,0,Yes,Yes,Yes,No,No,T
2025,6/4/25,SGL33,11,A,5,R336,Y,WFM,,,,,,,,,,,,,,,,,,,,T
2025,6/4/25,SGL33,12,B,10,R346,Y,WFM,,,,,,,,,,,,,,,,,,,,T
2025,6/3/25,SGL33,2,A,10,R397,N,RBV,F,AD,24,62,-38,1.6,,,11.2,0,0,,0,0,Yes,Yes,Yes,No,No,T
2025,6/3/25,SGL33,4,A,2,R151,N,WFM,F,AD,32,10,22,1.5,,,8,1,2,,0,0,Yes,Yes,Yes,No,No,C
2025,6/3/25,SGL33,4,A,2,R151,Y,WFM,F,AD,,,,,,,,,,,,,,,,,,C
2025,6/3/25,SGL33,6,A,3,R370,N,RBV,M,JUV,36,16,20,1,,,9.2,0,0,,0,0,Yes,No,Yes,No,No,T
2025,6/3/25,SGL33,7,A,10,R390,N,RBV,F,AD,14,50,-36,1.4,,,11.4,0,0,,0,0,Yes,Yes,Yes,No,No,C
2025,6/3/25,SGL33,7,A,3,R449,N,RBV,M,JUV,23,11,12,1,,,7.2,0,0,,0,0,Yes,No,Yes,No,No,C
2025,6/3/25,SGL33,7,A,6,R390,Y,RBV,M,,,,,,,,,,,,,,,,,,,C
2025,6/3/25,SGL33,7,A,5,R454,N,WFM,M,AD,65,43,22,1.2,,,8.5,0,0,,0,0,Yes,Yes,No,No,No,C
2025,6/3/25,SGL33,8,B,3,R397,N,WFM,M,AD,57,32,25,1.5,,,9.5,1,0,,0,0,Yes,No,Yes,No,No,T
2025,6/3/25,SGL33,8,A,2,R330,N,WFM,F,AD,42,9,33,1,,,9,0,0,,0,0,Yes,Yes,Yes,No,No,T
2025,6/3/25,SGL33,8,A,11,R419,N,WFM,M,AD,32,8,24,1.2,,,7.5,0,1,,0,0,Yes,Yes,Yes,No,No,T
2025,6/3/25,SGL33,11,B,11,R352,N,WFM,F,AD,55,26,29,1.5,,,8.5,0,0,,0,0,Yes,Yes,Yes,No,No,T
2025,6/3/25,SGL33,11,B,5,R443,N,WFM,M,JUV,22,9,13,1,,,6,0,1,,0,0,Yes,No,No,No,No,T
2025,6/3/25,SGL33,11,A,2,R336,N,WFM,M,JUV,56,50,6,0.25,,,7.75,0,0,,0,0,Yes,No,No,No,No,T
2025,6/3/25,SGL33,12,B,10,R346,N,WFM,F,AD,63,35,28,1.2,,,6.2,0,0,,0,0,Yes,No,Yes,No,No,T
2025,5/30/25,SGL103,1,A,9,R383,N,WFM,F,AD,88,71,17,1.3,,,6.5,0,0,,0,0,Yes,Yes,No,No,No,C
2025,5/30/25,SGL103,3,B,7,R302,N,WFM,F,AD,55,40,15,1.2,,,9,0,0,,0,0,Yes,Yes,No,No,No,T
2025,5/30/25,SGL103,3,B,4,R448,Y,WFM,,,,,,,,,,,,,,,,,,,,T
2025,5/30/25,SGL103,4,A,2,R70,Y,CHP,,,,,,,,,,,,,,,,,,,,C
2025,5/30/25,SGL103,4,A,10,R345,Y,WFM,,,,,,,,,,,,,,,,,,,,C
2025,5/30/25,SGL103,5,LB,9,R52,N,WFM,M,JUV,52,10,42,1.25,,,10,1,2,,0,0,Yes,Yes,No,No,No,T
2025,5/30/25,SGL103,5,A,5,R323,Y,WFM,,,,,,,,,,,,,,,,,,,,T
2025,5/30/25,SGL103,7,A,2,R67,N,WFM,F,AD,64,39,25,1.3,,,7.5,0,3,,0,0,Yes,Yes,Yes,No,No,C
2025,5/30/25,SGL103,9,B,9,R188,N,WFM,M,AD,43,21,22,1.4,,,8.7,0,0,,0,0,Yes,Yes,No,No,No,T
2025,5/30/25,SGL103,9,B,3,R62,Y,WFM,,,,,,,,,,,,,,,,,,,,T
2025,5/30/25,SGL103,9,A,9,R351,N,WFM,M,JUV,81,62,19,1.3,,,6.6,0,0,,0,0,Yes,No,Yes,No,No,T
2025,5/30/25,SGL103,9,A,4,R353,Y,WFM,,,,,,,,,,,,,,,,,,,,T
2025,5/29/25,SGL103,2,B,3,R60,N,RBV,F,AD,80,55,25,1.25,,,11,0,0,,0,0,Yes,Yes,No,No,No,T
2025,5/29/25,SGL103,3,B,11,R355,N,WFM,M,AD,60,24,36,1.75,,,8.75,0,0,,0,0,Yes,Yes,Yes,No,No,T
2025,5/29/25,SGL103,3,B,4,R448,Y,WFM,,,,,,,,,,,,,,,,,,,,T
2025,5/29/25,SGL103,3,A,2,R371,N,WFM,M,AD,55,37,18,1.5,,,9,0,0,,0,0,Yes,Yes,Yes,No,No,T
2025,5/29/25,SGL103,4,A,4,R70,N,CHP,F,AD,86,9,77,1.75,,,15,0,3,,0,0,Yes,Yes,No,No,No,C
2025,5/29/25,SGL103,4,B,8,R345,Y,WFM,,,,,,,,,,,,,,,,,,,,C
2025,5/29/25,SGL103,4,A,9,R414,N,WFM,F,AD,47,25,22,2,,,7,0,0,,0,0,Yes,Yes,No,No,No,C
2025,5/29/25,SGL103,5,B,11,R98,N,WFM,F,AD,35,12,23,1,,,7.5,0,0,,0,0,Yes,Yes,Yes,No,No,T
2025,5/29/25,SGL103,5,A,3,R323,N,WFM,M,AD,31,9,22,1,,,7.8,1,3,,0,0,Yes,No,Yes,No,No,T
2025,5/29/25,SGL103,6,B,3,R472,N,WFM,F,AD,62,36,26,1.5,,,8.5,1,1,,0,0,Yes,No,Yes,No,No,T
2025,5/29/25,SGL103,6,A,3,R59,N,WFM,M,AD,30,9,21,1.2,,,9.5,0,1,,0,0,Yes,Yes,No,No,No,T
2025,5/29/25,SGL103,9,B,5,,N,NST,F,AD,45,25,20,,,,9,1,0,,0,0,Yes,Yes,No,No,No,T
2025,5/29/25,SGL103,9,B,7,R62,Y,WFM,,,,,,,,,,,,,,,,,,,,T
2025,5/29/25,SGL103,9,A,4,R165,N,WFM,M,AD,60,43,17,0.9,,,7.5,0,0,,0,0,Yes,Yes,Yes,No,No,T
2025,5/28/25,SGL103,1,B,11,R306,N,WFM,M,AD,98,68,30,1.25,,,7.5,0,0,,0,0,Yes,Yes,No,No,No,C
2025,5/28/25,SGL103,1,B,4,R343,N,WFM,M,JUV,50,21,29,1.5,,,6,0,0,,0,0,Yes,No,No,No,No,C
2025,5/28/25,SGL103,1,A,10,R437,N,WFM,M,AD,67,44,23,1.1,,,8.2,1,0,,0,0,Yes,Yes,No,No,No,C
2025,5/28/25,SGL103,2,A,3,R66,N,WFM,F,AD,46,27,19,1.6,,,9.8,4,0,,0,0,Yes,Yes,Yes,No,No,T
2025,5/28/25,SGL103,3,A,4,R448,N,WFM,M,JUV,32,15,17,1.3,,,6.5,0,1,,0,0,Yes,No,No,No,No,T
2025,5/28/25,SGL103,4,A,9,R345,N,WFM,M,AD,64,50,14,2.4,,,8.5,0,0,,0,0,Yes,Yes,Yes,No,No,C
2025,5/28/25,SGL103,4,A,7,R373,N,WFM,M,JUV,48,34,14,1.2,,,6.8,0,0,,0,0,Yes,No,No,No,No,C
2025,5/28/25,SGL103,5,A,5,R89,N,WFM,M,AD,63,39,24,1.7,,,9.6,13,0,,0,0,Yes,Yes,Yes,No,No,T
2025,5/28/25,SGL103,6,B,9,R320,N,WFM,F,AD,78,25,53,1.5,,,5.5,0,0,,0,0,Yes,Yes,Yes,No,No,T
2025,5/28/25,SGL103,6,A,11,R76,N,WFM,M,AD,26,10,16,1.6,,,8.8,0,0,,0,0,Yes,Yes,Yes,No,No,T
2025,5/28/25,SGL103,8,A,11,R487,N,WFM,F,AD,50,48,2,1.5,,,8,0,0,,0,0,Yes,No,No,No,No,T
2025,5/28/25,SGL103,9,B,4,R353,N,WFM,M,AD,65,49,16,1.3,,,9,0,0,,0,0,Yes,Yes,No,No,No,T
2025,5/28/25,SGL103,9,A,7,R62,N,WFM,F,AD,96,59,37,1.8,,,10.2,0,0,,0,0,Yes,Yes,Yes,No,No,T
2025,5/23/25,SGL176,2,LA,7,R342,Y,WFM,,,,,,,,,,,,,,,,,,,,T
2025,5/23/25,SGL176,2,A,3,R438,N,WFM,M,AD,31,10,21,1.4,,,8,0,0,,0,0,Yes,No,No,No,No,T
2025,5/23/25,SGL176,2,A,7,R342,N,WFM,M,JUV,44,10,34,1.2,,,7.5,0,1,,0,0,Yes,Yes,Yes,No,No,T
2025,5/23/25,SGL176,3,A,3,R63,N,WFM,F,AD,62,38,24,1.5,,,9.8,0,0,,0,0,Yes,Yes,No,No,No,T
2025,5/23/25,SGL176,3,A,8,R88,Y,WFM,,JUV,,,,,,,,,,,,,,,,,,T
2025,5/23/25,SGL176,4,A,2,R175,Y,WFM,,,,,,,,,,,,,,,,,,,,C
2025,5/23/25,SGL176,7,B,2,R183,N,WFM,F,AD,63,33,30,1.8,,,8.3,1,3,,0,0,Yes,Yes,Yes,No,No,C
2025,5/23/25,SGL176,7,B,9,R385,N,WFM,F,AD,48,21,27,1.3,,,7.7,0,1,,0,0,Yes,No,No,No,No,C
2025,5/23/25,SGL176,9,A,9,BYCATCH,N,RSQ,,,,,,,,,,,,,,,,,,,,T
2025,5/21/25,SGL176,1,A,6,R46,Y,WFM,,AD,50,10,40,,,,,,,,,,No,No,No,No,No,C
2025,5/21/25,SGL176,1,A,4,R168,N,WFM,M,JUV,27,10,17,1.1,,,7,0,0,,0,0,Yes,No,No,No,No,T
2025,5/21/25,SGL176,3,A,5,R174,N,WFM,M,AD,32,10,22,0.9,,,9,0,0,,0,0,Yes,Yes,No,No,No,T
2025,5/21/25,SGL176,4,B,5,R175,N,WFM,F,AD,33,9,24,1.4,,,8.2,0,1,,0,0,Yes,Yes,Yes,No,No,C
2025,5/21/25,SGL176,7,A,7,R402,N,WFM,M,AD,31,10,21,1.4,,,8.9,2,1,,0,0,Yes,Yes,No,No,No,C
2025,5/20/25,SGL176,1,B,11,R324,N,WFM,F,AD,60,45,15,1.75,,,8.5,1,0,,0,0,Yes,Yes,No,No,No,C
2025,5/20/25,SGL176,1,A,5,R46,N,WFM,F,AD,45,24,21,1.9,,,8.4,0,0,,0,0,Yes,Yes,No,No,No,C
2025,5/20/25,SGL176,1,A,11,R303,N,WFM,M,JUV,49,35,14,1.25,,,7.5,0,0,,0,0,Yes,No,Yes,No,No,C
2025,5/20/25,SGL176,2,B,3,R313,N,WFM,F,AD,31,10,21,1.2,,,7.5,0,0,,0,0,Yes,Yes,No,No,No,T
2025,5/20/25,SGL176,3,A,8,R88,N,WFM,F,AD,63,48,15,1.4,,,7.2,0,2,,0,0,Yes,Yes,No,No,No,T
2024,8/13/24,SH,1,B,9,,N,NST,F,AD,28,10,18,,,2.7,9.5,,,8,,0,Y,N,,,,T
2024,8/13/24,SH,1,B,3,RED309,N,WFM,F,JUV,31,11,20,1.4,,,7.3,,,3,,0,Y,N,,,,T
2024,8/13/24,SH,2,B,7,RED347,N,WFM,M,AD,35,11,24,1.5,,,8.4,,,1,,,Y,N,,,,C
2024,8/13/24,SH,2,A,9,RED61,N,WFM,M,AD,33,10,23,1.1,,,9.1,,,2,,0,Y,N,,,,C
2024,8/13/24,SH,2,A,1,RED328,N,WFM,F,AD,44,28,16,1.3,,,7.5,,,0,,0,Y,Y,,,,C
2024,8/13/24,SH,3,A,4,RED333,N,WFM,F,JUV,39,21,18,1.3,,,8,,,4,,,Y,N,,,,T
2024,8/13/24,SH,4,B,8,RED68,N,WFM,M,AD,37,17,20,1.2,,,7.3,,,4,,0,Y,N,,,,C
2024,8/13/24,SH,4,A,3,RED326,N,WFM,M,AD,71,48,23,1.4,,,8,,,7,,,Y,N,,,,C
2024,8/13/24,SH,5,A,7,,N,NST,F,AD,28,10,18,,,2.5,8,,,0,,,Y,N,,,,C
2024,8/13/24,SH,5,B,7,RED301,N,WFM,M,AD,38,11,27,1.6,,,9,,,7,,0,Y,Y,,,,C
2024,8/13/24,SH,5,A,5,RED317,N,WFM,,,,,0,,,,,,,,,0,,,,,,C
2024,8/13/24,SH,5,B,5,RED28,N,WFM,M,AD,45,28,17,1.6,,,7.8,,,5,,,Y,N,,,,T
2024,8/13/24,SH,5,A,2,RED325,N,WFM,M,AD,52,26,26,1.5,,,8.5,,,1,,0,Y,Y,,,,T
2024,8/13/24,SH,6,B,9,RED312,N,WFM,F,AD,34,16,18,1.5,,,7.5,,,1,,0,Y,N,,,,T
2024,8/13/24,SH,7,B,5,TEAL442,N,WFM,M,AD,36,16,20,1.5,,,8.6,,,2,,,Y,Y,,,,C
2024,8/13/24,SH,7,A,8,RED11,N,WFM,F,AD,40,19,21,1.4,,,7.2,,,3,,,Y,N,,,,T
2024,8/13/24,SH,7,A,1,,N,WFM,,,,,0,,,,,,,,,0,,,,,,T
2024,8/8/24,SH,2,B,3,,N,NST,F,AD,28,9,19,,,2.5,9,,,17,,0,Y,N,,,,C
2024,8/8/24,SH,2,B,2,RED310,N,WFM,M,AD,56,38,18,1.5,,,7.7,,,2,,0,Y,Y,,,,T
2024,8/8/24,SH,3,B,2,RED119,N,WFM,M,SUBADULT,37,26,11,1.4,,,8.1,,,8,,0,Y,N,,,,T
2024,8/8/24,SH,4,B,10,TEAL400,N,WFM,M,SUBADULT,30,10,20,1.5,,,8,,,3,,0,Y,N,,,,C
2024,8/8/24,SH,4,A,6,TEAL434,N,WFM,F,JUV,35,17,18,1.5,,,7.5,,,1,,0,Y,N,,,,C
2024,8/8/24,SH,5,B,6,TEAL381,N,WFM,F,AD,45,20,25,1.4,,,8.5,,,0,,0,Y,Y,,,,C
2024,8/8/24,SH,5,B,1,RED358,N,WFM,M,AD,32,11,21,1.8,,,8.4,,,11,,0,Y,N,,,,C
2024,8/8/24,SH,5,B,7,RED380,N,WFM,M,AD,31,18,13,1.4,,,8.3,,,14,,0,Y,Y,,,,C
2024,8/8/24,SH,5,B,8,RED376,N,WFM,M,AD,29,11,18,1.7,,,9.8,,,12,,0,Y,N,,,,T
2024,8/8/24,SH,6,A,9,RED331,N,WFM,M,JUV,45,31,14,1.2,,,6.7,,,6,,0,Y,N,,,,C
2024,8/8/24,SH,6,A,1,TEAL389,N,WFM,M,SUBADULT,37,18,19,1.4,,,8.4,,,1,,0,Y,Y,,,,T
2024,8/8/24,SH,7,A,9,RED377,N,WFM,M,AD,34,11,23,1.6,,,8.4,,,36,,0,Y,N,,,,C
2024,8/8/24,SH,7,A,3,RED90,N,WFM,M,AD,39,16,23,1.3,,,9,,,2,,0,Y,N,,,,T
2024,8/6/24,SH,1,B,5,TEAL484,Y,WFM,F,AD,34,9,25,1.3,,,9.5,,,5,,0,Y,Y,,,,C
2024,8/6/24,SH,1,A,3,RED338,N,WFM,M,SUBADULT,40,22,18,1.4,,,8.1,,,3,,,N,Y,,,,T
2024,8/6/24,SH,4,B,5,TEAL497,Y,WFM,F,SUBADULT,37,17,20,1.5,,,8.4,,,2,,0,Y,Y,,,,T
2024,8/6/24,SH,5,B,1,RED319,N,WFM,F,AD,46,25,21,1.6,,,7.9,,,5,,0,Y,Y,,,,C
2024,8/6/24,SH,5,A,10,TEAL384,N,WFM,F,SUBADULT,35,22,13,1.4,,,7.4,,,11,,0,Y,N,,,,T
2024,8/6/24,SH,6,B,6,RED145,N,WFM,M,AD,30,15,15,1.5,,,9.1,,,10,,,Y,N,,,,C
2024,8/6/24,SH,6,B,4,RED117,N,WFM,F,AD,36,20,16,1.6,,,8.9,,,1,1,0,Y,Y,,,,C
2024,8/6/24,SH,6,B,9,RED142,N,WFM,M,JUV,33,13,20,1.5,,,8.6,,,5,,0,Y,N,,,,C
2024,8/6/24,SH,6,A,3,TEAL404,N,WFM,M,AD,39,15,24,1.5,,,8.9,,,18,,0,Y,Y,,,,C
2024,8/6/24,SH,6,A,2,TEAL446,N,WFM,M,AD,32,15,17,1.4,,,7.1,,,12,,0,Y,Y,,,,C
2024,8/6/24,SH,7,A,2,RED93,N,WFM,M,AD,43,16,27,1.4,,,8.2,,,2,,,Y,Y,,,,C
2024,8/6/24,SH,7,B,7,RED84,N,WFM,M,AD,31,11,20,1.3,,,8.5,,,1,,0,Y,Y,,,,T
2024,8/6/24,SH,7,B,2,RED398,N,WFM,M,AD,25,10,15,1.3,,,7.2,,,3,,0,Y,Y,,,,T
2024,8/6/24,SH,7,A,9,RED147,N,WFM,F,AD,21,10,11,1.4,,,8.2,,,1,,0,Y,Y,,,,T
2024,8/2/24,SGL103,2,B,1,TEAL456,N,WFM,F,AD,34,11,23,1.6,,,8.4,,,2,,,Y,Y,,,,C
2024,8/2/24,SGL103,2,B,4,RED6,N,WFM,M,AD,34,9,25,1.25,,,8,,,4,,,,,,,,C
2024,8/2/24,SGL103,2,B,6,RED365,Y,WFM,,,,,0,,,,,,,0,,,,,,,,C
2024,8/2/24,SGL103,2,B,3,TEAL498,N,WFM,F,AD,35,12,23,1.8,,,9.8,,,8,,,Y,Y,,,,T
2024,8/2/24,SGL103,2,B,7,BLACK486*,N,WFM,,,,,0,,,,,,,,,,,,,,,T
2024,8/2/24,SGL103,2,A,3,TEAL468,N,WFM,M,AD,32,11,21,1.7,,,8.7,,,4,,,Y,Y,,,,T
2024,8/2/24,SGL103,3,B,3,,N,NST,F,AD,30,9,21,,,,7,,,3,,,Y,Y,,,,C
2024,8/2/24,SGL103,3,B,6,TEAL491,N,WFM,M,AD,30,11,19,1.6,,,9.1,,,2,,,Y,,,,,C
2024,8/2/24,SGL103,3,B,8,RED421,N,WFM,M,AD,34,12,22,1.7,,,8.5,,,1,,,Y,Y,,,,C
2024,8/2/24,SGL103,3,B,10,RED406,N,WFM,F,JUV,32,28,4,1.6,,,6.5,,,11,,,,N,,,,C
2024,8/2/24,SGL103,3,B,10,,N,WFM,,,,,0,,,,,,,,,,,,,,,C
2024,8/2/24,SGL103,3,A,10,TEAL481,N,WFM,F,AD,36,11,25,1.6,,,8.3,,,0,,,Y,N,,,,C
2024,8/2/24,SGL103,4,B,4,RED439,N,RBV,F,AD,55,35,20,1.3,,,7.4,,,0,,,Y,,,,,C
2024,8/2/24,SGL103,4,B,3,RED344,Y,WFM,,,,,0,,,,,,,,,,,,,,,C
2024,8/2/24,SGL103,4,A,8,BLACK134,N,WFM,F,AD,76,51,25,1.6,,,8,,,2,,,Y,N,,,,C
2024,8/2/24,SGL103,4,A,2,RED429,N,WFM,M,AD,58,23,35,1.8,,,6.9,,,0,,,Y,N,,,,C
2024,8/2/24,SGL103,4,B,3,RED198,N,WFM,M,AD,42,9,33,1.5,,,7.5,,,0,,,N,N,,,,T
2024,8/2/24,SGL103,4,A,4,RED399,N,WFM,M,AD,44,28,16,1.4,,,7.9,,,6,,,,N,,,,T
2024,8/2/24,SGL103,4,A,6,TEAL382,N,WFM,F,AD,60,40,20,1.3,,,7.6,,,1,,,Y,N,,,,T
2024,8/2/24,SGL103,4,A,9,RED63,N,WFM,,,,,0,,,,,,,,,,,,,,,T
2024,8/2/24,SGL103,5,B,6,RED363,N,WFM,F,AD,51,27,24,1.2,,,7.7,,,2,,,Y,N,,,,C
2024,8/2/24,SGL103,5,A,2,GREEN324,Y,WFM,M,AD,,,0,,,,,,,,,,,,,,,T
2024,8/2/24,SGL103,6,A,2,RED372,N,WFM,M,JUV,58,38,20,1.5,,,8.7,,,2,,,Y,N,,,,C
2024,8/2/24,SGL103,6,B,2,RED352,N,WFM,M,AD,58,31,27,1.4,,,7.5,,,6,,,N,,,,,T
2024,8/2/24,SGL103,6,B,3,RED368,N,WFM,M,AD,58,31,27,1.4,,,7,,,4,,,Y,,,,,T
2024,8/2/24,SGL103,7,B,6,GREEN296,Y,WFM,,,,,0,,,,,,,,,,,,,,,C
2024,8/2/24,SGL103,7,A,2,RED368,N,WFM,,AD,52,,52,1.6,,,10.2,,,7,,,Y,N,,,,C
2024,8/2/24,SGL103,7,A,2,RED379,N,WFM,F,AD,45,21,24,,,,,,,0,,,,,,,,C
2024,8/2/24,SGL103,7,A,1,BLACK158,Y,WFM,,,,,0,,,,,,,,,,,,,,,C
2024,8/2/24,SGL103,7,B,2,TEAL357,N,WFM,M,AD,37,26,11,1.5,,,7.3,,,0,,,Y,N,,,,T
2024,8/2/24,SGL103,7,A,7,RED366,N,WFM,F,AD,35,15,20,1.4,,,7.1,,,2,,,Y,N,,,,T
2024,8/2/24,SGL103,7,A,6,TEAL373,N,WFM,M,SUBADULT,38,,38,1.3,,,7.1,,,2,,,Y,N,,,,T
2024,8/2/24,SGL103,7,A,8,RED112*,Y,WFM,,,,,0,,,,,,,,,,,,,,,T
2024,8/2/24,SGL103,8,A,10,TEAL368,N,WFM,F,AD,39,,39,1.5,,,8.3,,,0,,,Y,Y,,,,C
2024,8/2/24,SGL103,8,A,4,TEAL390,N,WFM,F,AD,45,30,15,1.5,,,7.7,,,1,,,Y,N,,,,C
2024,8/2/24,SGL103,8,A,9,TEAL326*,N,WFM,M,AD,55,35,20,1.6,,,7.6,,,11,,,Y,,,,,T
2024,8/2/24,SGL103,9,A,3,,N,NST,F,AD,29,9,20,,,,7.5,,,2,,,N,,,,,C
2024,8/2/24,SGL103,9,A,6,TEAL394,N,WFM,M,AD,45,43,2,1.4,,,7.9,,,0,,,Y,,,,,T
2024,8/2/24,SGL103,9,A,5,RED446,N,WFM,M,SUBADULT,65,47,18,1.6,,,7.2,,,7,,,Y,Y,,,,T
2024,8/1/24,SGL103,1,B,5,RED105,N,WFM,F,SUBADULT,50,25,25,1.3,,,7.8,,,1,,,Y,Y,,,,C
2024,8/1/24,SGL103,2,,7,RED72,N,RBV,F,JUV,35,19,16,1,,,7.5,,,1,,,Y,N,,,,C
2024,8/1/24,SGL103,2,A,10,TEAL358,N,MV,M,AD,59,25,34,1.1,,,11.3,,,0,,0,Y,,,,,T
2024,8/1/24,SGL103,2,B,1,RED91,N,WFM,F,AD,56,31,25,1.8,,,8,,,2,,,Y,Y,,,,T
2024,8/1/24,SGL103,2,A,3,RED115,N,WFM,F,AD,31,10,21,1.6,,,8.5,,,4,,,Y,N,,,,T
2024,8/1/24,SGL103,3,A,7,RED47,N,RBV,M,SUBADULT,31,9,22,1,,,7.5,,,0,,0,Y,,,,,C
2024,8/1/24,SGL103,3,B,8,TEAL361,N,WFM,F,AD,31,12,19,1.9,,,9.9,,,4,,,Y,N,,,,C
2024,8/1/24,SGL103,3,B,7,RED95,N,WFM,M,AD,60,35,25,1.7,,,9,,,11,,,Y,N,,,,C
2024,8/1/24,SGL103,3,B,5,RED134,N,WFM,M,JUV,26,10,16,1,,,8,,,2,,,Y,N,,,,C
2024,8/1/24,SGL103,3,A,10,TEAL412,N,WFM,M,AD,36,11,25,1.8,,,9.3,,,13,,,Y,N,,,,C
2024,8/1/24,SGL103,3,A,9,RED127,N,WFM,M,AD,47,21,26,1.4,,,7.9,,,1,,1,Y,Y,,,,C
2024,8/1/24,SGL103,3,A,5,TEAL420,N,WFM,F,AD,33,11,22,1.5,,,7.6,,,0,,,Y,Y,,,,C
2024,8/1/24,SGL103,3,A,3,TEAL438,N,WFM,F,AD,29,11,18,1.6,,,8.7,,,4,,,Y,Y,,,,T
2024,8/1/24,SGL103,4,B,1,TEAL364,N,WFM,M,AD,47,21,26,1.5,,,9.3,,,1,,,Y,N,,,,C
2024,8/1/24,SGL103,4,B,4,RED15,N,WFM,M,AD,34,11,23,1.5,,,7,,,3,,,,Y,,,,C
2024,8/1/24,SGL103,4,B,4,RED2,N,WFM,M,JUV,25,11,14,1.25,,,6.5,,,2,,,Y,,,,,C
2024,8/1/24,SGL103,4,A,9,RED99,N,WFM,F,AD,46,25,21,1.5,,,8.6,,,4,,,Y,Y,,,,C
2024,8/1/24,SGL103,4,B,3,TEAL393,N,WFM,,AD,48,23,25,1.8,,,9.3,,,3,,1,Y,N,,,,T
2024,8/1/24,SGL103,4,A,1,RED86,N,WFM,M,AD,38,13,25,1.4,,,8.2,,,1,,1,Y,N,,,,T
2024,8/1/24,SGL103,5,A,2,TEAL386,N,WFM,F,AD,42,14,28,1.9,,,9.8,,,13,,,Y,N,,,,C
2024,8/1/24,SGL103,5,A,3,RED128,Y,WFM,M,AD,75,50,25,1.3,,,7.8,,,2,,,Y,Y,,,,C
2024,8/1/24,SGL103,5,B,1,RED71,N,WFM,F,AD,50,28,22,1.4,,,7.6,,,3,,,Y,N,,,,T
2024,8/1/24,SGL103,5,A,3,,Y,WFM,,,,,0,,,,,,,0,,,,,,,,T
2024,8/1/24,SGL103,6,B,2,,N,NST,M,AD,30,9,21,,,,7,,,6,,1,N,,,,,C
2024,8/1/24,SGL103,6,A,1,RED130,N,WFM,M,SUBADULT,44,23,21,1.2,,,7.8,,,0,,,Y,N,,,,C
2024,8/1/24,SGL103,7,A,8,,N,NST,F,AD,32,9,23,,,,7,,,7,,,Y,,,,,C
2024,8/1/24,SGL103,7,A,10,RED126,N,WFM,M,JUV,36,36,0,1.3,,,8.2,,,2,,,Y,N,,,,T
2024,8/1/24,SGL103,7,A,7,RED118,Y,WFM,F,AD,38,10,28,1.5,,,7.8,,,7,,1,Y,Y,,,,T
2024,8/1/24,SGL103,7,A,4,RED137,N,WFM,F,JUV,49,11,38,1.4,,,7.5,,,1,,1,Y,N,,,,T
2024,8/1/24,SGL103,8,B,7,RED123,N,WFM,M,AD,38,11,27,1.3,,,8.1,,,1,,,Y,N,,,,C
2024,8/1/24,SGL103,8,B,1,RED79,N,WFM,F,AD,55,23,32,1.6,,,7.8,,,0,,,Y,N,,,,C
2024,7/31/24,SGL103,1,B,8,TEAL371,N,RBV,F,AD,59,31,28,1.5,,NA,8.6,,,2,,4,Y,N,,,,T
2024,7/31/24,SGL103,1,B,1,TEAL387*,N,RBV,F,AD,30,11,19,1.3,,NA,8.1,,,0,,0,Y,N,,,,T
2024,7/31/24,SGL103,1,B,1,TEAL370,N,RBV,F,AD,30,11,19,1.3,,,8.1,,,0,,0,Y,N,,,,T
2024,7/31/24,SGL103,2,B,6,RED365,N,WFM,F,JUV,39,15,24,1.3,,NA,7.7,,,0,,1 BOTFLY,Y,N,,,,C
2024,7/31/24,SGL103,2,B,6,RED365,N,WFM,F,JUV,39,35,4,1.3,,,7.7,,,0,,1,Y,N,,,,C
2024,7/31/24,SGL103,2,B,4,RED362,N,WFM,F,AD,46,,46,1.3,,,8,,,0,,1,Y,N,,,,T
2024,7/31/24,SGL103,2,B,9,RED109,N,WFM,M,AD,47,26,21,1.2,,NA,7.9,,,0,,0,Y,N,,,,T
2024,7/31/24,SGL103,2,B,1,TEAL500,N,WFM,M,AD,32,14,18,1.4,,NA,7.6,,,2,,1 BOTFLY,Y,N,,,,T
2024,7/31/24,SGL103,2,B,1,TEAL500-,N,WFM,M,AD,32,14,18,1.4,,,7.6,,,2,,0,Y,N,,,,T
2024,7/31/24,SGL103,2,A,4,RED362,N,WFM,F,AD,46,22,24,1.3,,NA,8,,,0,,0,Y,N,,,,T
2024,7/31/24,SGL103,3,B,2,TEAL392,N,RBV,M,AD,59,32,27,1.3,,NA,8.7,,,1,,0,Y,N,,,,C
2024,7/31/24,SGL103,3,B,9,TEAL391,N,RBV,F,AD,69,45,24,1.4,,NA,8.4,,,0,,0,Y,N,,,,C
2024,7/31/24,SGL103,3,A,8,RED359,N,WFM,M,JUV,29,12,17,1,,NA,7.8,,,3,,0,Y,N,,,,C
2024,7/31/24,SGL103,3,B,2,TEAL417,N,WFM,M,AD,30,9,21,1.2,,NA,8,,,1,,0,Y,Y,,,,T
2024,7/31/24,SGL103,4,B,7,RED138,N,WFM,M,SUBADULT,38,15,23,1.1,,NA,8.1,,,0,,0,Y,N,,,,C
2024,7/31/24,SGL103,4,B,1,TEAL496,N,WFM,F,AD,37,14,23,1.8,,NA,7.8,,,3,,1BOTFLY,Y,N,,,,C
2024,7/31/24,SGL103,4,A,8,TEAL419*,N,WFM,F,JUV,48,29,19,1.7,,NA,7.2,,,3,,0,Y,N,,,,C
2024,7/31/24,SGL103,4,B,5,TEAL403,N,WFM,M,AD,38,11,27,1.4,,NA,8,,,11,2,,Y,N,,,,T
2024,7/31/24,SGL103,4,B,1,TEAL395,N,WFM,F,JUV,49,31,18,1.6,,NA,6.5,,,3,,0,Y,N,,,,T
2024,7/31/24,SGL103,5,A,4,RED354,N,WFM,M,AD,42,13,29,1.4,,NA,8.3,,,4,,1BOTFLY,Y,N,,,,C
2024,7/31/24,SGL103,5,A,6,RED375,N,WFM,F,JUV,36,14,22,1.3,,NA,7.5,,,1,,,Y,N,,,,C
2024,7/31/24,SGL103,5,B,1,TEAL433,N,WFM,F,AD,31,10,21,1.6,,NA,8,,,0,,1 BOTFLY,Y,N,,,,T
2024,7/31/24,SGL103,6,B,9,8,N,NST,M,AD,31,9,22,,,1.8,8.9,,,13,,0,Y,N,,,,T
2024,7/31/24,SGL103,6,B,9,8,N,NST,M,AD,31,9,22,,,1.5,8.9,,,13,,0,N ,N,,,,T
2024,7/31/24,SGL103,6,B,10,7,N,NST,F,AD,28,9,19,,,2,8.7,,,0,,0,N ,N,,,,T
2024,7/31/24,SGL103,6,B,10,7,N,NST,F,AD,28,9,19,,,2,8.7,,,0,,0,Y,N,,,,T
2024,7/31/24,SGL103,7,A,7,4,N,NST,F,AD,39,22,17,,,2.1,9,,,0,,0,N,N,,,,C
2024,7/31/24,SGL103,7,A,7,4,N,NST,F,AD,39,22,17,,,2.1,9,,,0,,0,N ,N,,,,C
2024,7/31/24,SGL103,7,A,2,3,N,NST,M,AD,40,24,16,,,2,9,,,2,,0,N ,N,,,,T
2024,7/31/24,SGL103,7,A,7,2,N,NST,M,AD,40,25,15,,,1.3,8.7,,,1,,0,Y,N,,,,T
2024,7/31/24,SGL103,8,B,1,1,N,NST,F,AD,40,22,18,,,2,9.1,,,1,,,Y,N,,,,C
2024,7/31/24,SGL103,9,B,2,5,N,NST,F,AD,26,9,17,,,1.8,9,,,2,,0,N ,N,,,,C
2024,7/31/24,SGL103,9,B,2,5,N,NST,F,AD,26,9,17,,,1.8,9,,,2,,0,Y,N,,,,C
2024,7/31/24,SGL103,9,A,4,6,N,NST,F,AD,24,9,15,,,2,8.6,,,0,,0,N ,N,,,,T
2024,7/31/24,SGL103,9,A,4,6,N,NST,F,AD,24,9,15,,,2,8.6,,,0,,0,Y,N,,,,T
2024,7/30/24,SGL103,1,B,2,RED107,N,WFM,F,SUBADULT,42,20,22,1.3,,,8,,,1,,0,Y,Y,,,,C
2024,7/30/24,SGL103,1,B,1,RED141,N,WFM,F,SUBADULT,37,23,14,1.4,,,6,,,1,,0,Y,N,,,,C
2024,7/30/24,SGL103,1,A,5,RED103,N,WFM,M,AD,40,12,28,1.2,,,8.2,,,2,,0,Y,N,,,,C
2024,7/30/24,SGL103,1,B,1,RED140,N,RBV,M,JUV,29,11,18,1.3,,,8.3,,,0,,0,Y,N,,,,T
2024,7/30/24,SGL103,1,A,6,TEAL408,N,RBV,F,AD,34,12,22,0.9,,,11.3,,,0,,0,Y,N,,,,T
2024,7/30/24,SGL103,1,B,10,RED77,N,WFM,M,AD,35,12,23,1.5,,,8.5,,,5,,0,Y,Y,,,,T
2024,7/30/24,SGL103,2,B,1,RED136,N,RBV,F,AD,53,24,29,1.3,,,10.1,,,0,,0,Y,N,,,,C
2024,7/30/24,SGL103,2,A,9,TEAL423,N,RBV,F,AD,29,11,18,1,,,10.3,,,0,,0,Y,N,,,,C
2024,7/30/24,SGL103,2,A,5,TEAL480*,N,WFM,M,AD,40,16,24,1.4,,,8.6,,,3,,0,Y,N,,,,C
2024,7/30/24,SGL103,2,A,10,RED120,N,WFM,M,AD,44,21,23,1.2,,,7.7,,,0,,,Y,N,,,,T
2024,7/30/24,SGL103,2,A,9,RED113,N,WFM,F,JUV,42,25,17,1.3,,,7.5,,,0,,0,Y,N,,,,T
2024,7/30/24,SGL103,3,B,7,RED149,N,RBV,M,AD,53,25,17,0.9,,,9.3,,,0,,0,Y,N,,,,C
2024,7/30/24,SGL103,3,B,10,GREEN506,Y,WFM,M,AD,46,12,34,1.9,,,10.1,,,4,,,Y,N,,,,C
2024,7/30/24,SGL103,3,B,5,TEAL425,N,WFM,M,AD,37,11,26,1.9,,,8.8,,,4,,1BOTFLY,Y,N,,,,C
2024,7/30/24,SGL103,3,A,9,RED150,N,WFM,M,AD,35,11,24,1.4,,,9.2,,,3,,,Y,Y,,,,C
2024,7/30/24,SGL103,3,B,4,GREEN228,Y,WFM,M,JUV,38,11,27,1.3,,,7.5,,,0,,,Y,N,,,,T
2024,7/30/24,SGL103,3,A,6,TEAL454*,Y,WFM,M,AD,87,35,52,1.6,,,8.4,,,4,,,Y,N,,,,T
2024,7/30/24,SGL103,4,B,9,TEAL450,N,WFM,M,AD,36,11,25,1.4,,,9.3,,,5,,,Y,Y,,,,C
2024,7/30/24,SGL103,4,B,7,RED125,N,WFM,F,AD,49,22,27,1.6,,,8.4,,,3,1,1 BOTFLY,Y,N,,,,C
2024,7/30/24,SGL103,4,B,5,RED16,Y,WFM,F,AD,50,,50,1.5,,,7.5,,,4,,,Y,N,,,,C
2024,7/30/24,SGL103,4,B,4,RED100,N,WFM,F,JUV,25,11,14,1,,,7.3,,,2,,1,Y,N,,,,C
2024,7/30/24,SGL103,4,A,7,RED108,N,WFM,F,AD,55,29,26,1.3,,,8.4,,,3,,,Y,N,,,,C
2024,7/30/24,SGL103,4,A,1,BLACK54,Y,WFM,F,JUV,37,23,14,1.2,,,6.3,,,1,,,Y,N,,,,C
2024,7/30/24,SGL103,4,B,9,RED65,N,WFM,F,AD,35,12,23,1.5,,,9,,,7,,1,Y,N,,,,T
2024,7/30/24,SGL103,4,B,3,RED111,N,WFM,M,AD,42,15,27,1.3,,,8.5,,,2,,,,N,,,,T
2024,7/30/24,SGL103,4,B,7,RED73,N,WFM,F,AD,36,12,24,1.3,,,8.2,,,6,,,Y,Y,,,,T
2024,7/30/24,SGL103,4,B,6,RED38,N,WFM,M,AD,23,9,14,1.25,,,7,,,2,,0,Y,N,,,,T
2024,7/30/24,SGL103,4,B,6,TEAL464*,N,WFM,F,AD,26,9,17,1.5,,,6.9,,,4,,,Y,N,,,,T
2024,7/30/24,SGL103,4,A,8,RED12,N,WFM,F,AD,32,9,23,1.5,,,8,,,3,,2,Y,N,,,,T
2024,7/30/24,SGL103,5,B,7,RED85,N,WFM,M,AD,40,15,25,1.4,,,8.4,,,0,,0,Y,N,,,,C
2024,7/30/24,SGL103,5,B,1,GREEN373,N,WFM,M,AD,35,9,26,1.5,,,7.7,,,3,,1,Y,Y,,,,C
2024,7/30/24,SGL103,5,B,2,TEAL415,N,WFM,F,AD,37,12,25,1.8,,,9.2,,,3,,0,Y,N,,,,T
2024,7/30/24,SGL103,5,B,5,TEAL418,N,WFM,M,AD,34,11,23,1.7,,,8.8,,,1,,0,Y,N,,,,T
2024,7/30/24,SGL103,5,B,10,GREEN286-,Y,WFM,M,AD,56,31,25,1.4,,,8.4,,,0,,,Y,Y,,,,T
2024,7/30/24,SGL103,6,A,4,BLACK22,N,WFM,M,AD,39,13,26,1.6,,,8.3,,,8,,,Y,Y,,,,C
2024,7/30/24,SGL103,6,A,5,,N,NST,M,AD,27,9,18,,,NA,7.2,,,2,,,N ,Y,,,,T
2024,7/30/24,SGL103,6,A,5,,N,NST,F,AD,27,9,0,,,,7.2,,,2,,0,Y,N,,,,T
2024,7/30/24,SGL103,6,B,2,TEAL349,N,WFM,M,SUBADULT,44,26,18,1.4,,,7.7,,,3,,,Y,,,,,T
2024,7/30/24,SGL103,7,B,1,RED56,N,WFM,M,SUBADULT,35,12,23,1.4,,,7.5,,,1,,BOTFLY,Y,N,,,,C
2024,7/30/24,SGL103,7,B,1,RED101,N,WFM,F,AD,50,24,26,1.2,,,7.9,,,2,,0,Y,N,,,,T
2024,7/30/24,SGL103,8,B,8,RED116,N,WFM,F,SUBADULT,58,19,39,1.4,,,7.4,,,4,,0,Y,N,,,,C
2024,7/30/24,SGL103,8,B,7,RED143*,N,WFM,F,AD,48,26,22,1.4,,,9,,,6,,,Y,Y,,,,T
2024,7/30/24,SGL103,8,B,2,RED40,Y,WFM,M,AD,45,9,36,1.3,,,8.5,,,12,,,Y,N,,,,T
2024,7/30/24,SGL103,8,A,2,RED135,N,WFM,M,AD,36,13,23,1.7,,,10,,,11,,,Y,Y,,,,T
2024,7/30/24,SGL103,8,A,10,RED69,N,WFM,F,SUBADULT,35,,35,1.8,,,8.2,,,2,,2,Y,N,,,,T
2024,7/30/24,SGL103,9,B,1,,N,NST,F,AD,23,9,14,,,,7,,,0,,,Y,N,,,,C
2024,7/30/24,SGL103,9,A,6,,N,NST,F,AD,38,9,29,,,,8,,,0,,0,Y,N,,,,C
2024,7/30/24,SGL103,9,A,1,RED132,N,WFM,M,AD,50,24,26,1.3,,,8.1,,,1,,0,Y,Y,,,,T
2024,7/26/24,SGL33,2,B,9,TEAL347,N,WFM,M,SUBADULT,27,10,17,1.3,,,8.2,,,1,,0,Y,Y,,,,C
2024,7/26/24,SGL33,2,B,8,TEAL462,N,RBV,M,AD,67,36,31,1.6,,,9.7,,,0,,0,Y,N,,,,T
2024,7/26/24,SGL33,2,B,6,TEAL473,N,RBV,M,SUBADULT,72,55,17,1.3,,,8.2,,,3,,0,Y,N,,,,T
2024,7/26/24,SGL33,2,B,3,TEAL310,N,WFM,M,AD,43,19,24,1.4,,,8.2,,,1,,0,Y,N,,,,T
2024,7/26/24,SGL33,2,A,1,TEAL332,N,WFM,F,AD,36,21,15,1.3,,,8.4,,,3,,0,Y,Y,,,,T
2024,7/26/24,SGL33,2,A,7,RED37,N,WFM,M,AD,32,9,23,2,,,7.5,,,2,,0,Y,Y,,,,T
2024,7/26/24,SGL33,3,A,1,TEAL379,N,WFM,M,AD,40,14,26,1.3,,,8.3,,,1,,0,Y,Y,,,,C
2024,7/26/24,SGL33,3,A,10,TEAL488,N,RBV,F,JUV,41,25,16,1.3,,,8.2,,,2,,0,Y,N,,,,T
2024,7/26/24,SGL33,3,A,4,TEAL312,N,WFM,M,AD,34,11,23,1.5,,,9,,,0,,0,Y,N,,,,T
2024,7/26/24,SGL33,3,A,8,TEAL345,N,WFM,F,AD,33,11,22,1.2,,,8.5,,,3,,0,Y,Y,,,,T
2024,7/26/24,SGL33,4,B,8,TEAL354,N,WFM,M,AD,50,25,25,1.5,,,9,,,3,,0,Y,N,,,,T
2024,7/26/24,SGL33,4,A,7,TEAL348,N,WFM,F,SUBADULT,33,15,18,1.3,,,9.1,,,0,,0,Y,Y,,,,T
2024,7/26/24,SGL33,5,A,8,RED104,N,WFM,M,AD,69,46,23,1.2,,,7.4,,,2,,0,Y,Y,,,,C
2024,7/26/24,SGL33,5,A,10,RED146,N,WFM,M,JUV,56,39,17,1.5,,,6.6,,,5,,0,Y,N,,,,C
2024,7/26/24,SGL33,5,B,1,,,JM,,,,,,,,,,,,,,,,,,,,T
2024,7/26/24,SGL33,5,A,5,,N,NST,F,AD,27,9,18,,,,6,,,0,,0,Y,N,,,,T
2024,7/26/24,SGL33,5,B,8,TEAL494*,N,RBV,M,JUV,31,11,20,1.2,,,7.6,,,3,,0,Y,N,,,,T
2024,7/26/24,SGL33,5,A,9,TEAL485,N,RBV,F,AD,53,25,28,1.5,,,9.3,,,0,,0,Y,N,,,,T
2024,7/26/24,SGL33,5,B,10,TEAL330,N,WFM,F,AD,33,11,22,1.2,,,8.5,,,0,,0,Y,N,,,,T
2024,7/26/24,SGL33,5,B,1,TEAL335,N,WFM,F,AD,,,,,,,,,,0,,0,Y,N,,,,T
2024,7/26/24,SGL33,6,B,10,TEAL314,N,WFM,F,AD,54,33,21,1.3,,,8.6,,,1,,0,Y,Y,,,,C
2024,7/26/24,SGL33,7,B,4,TEAL453,N,RBV,F,AD,61,42,19,1.4,,,7.6,,,0,,0,Y,N,,,,C
2024,7/26/24,SGL33,7,A,5,TEAL350,N,WFM,M,AD,31,10,21,1.4,,,8,,,3,,0,Y,N,,,,T
2024,7/26/24,SGL33,7,A,10,RED129,N,WFM,F,SUBADULT,39,21,18,1.3,,,6.1,,,0,,0,Y,Y,,,,T
2024,7/26/24,SGL33,8,B,10,TEAL385,N,WFM,M,AD,57,35,22,1.6,,,7.5,,,3,,0,Y,Y,,,,C
2024,7/26/24,SGL33,8,B,1,TEAL339,N,WFM,M,AD,36,9,27,1.2,,,8.5,,,21,,0,Y,N,,,,T
2024,7/26/24,SGL33,8,B,2,RED3,N,WFM,M,AD,27,9,18,1.5,,,7.5,,,1,,0,Y,N,,,,T
2024,7/26/24,SGL33,8,A,3,TEAL319,N,WFM,M,JUV,41,25,16,1.3,,,6.8,,,2,,0,Y,N,,,,T
2024,7/26/24,SGL33,9,B,6,TEAL483,N,RBV,M,AD,45,11,34,1.6,,,9.7,,,2,,0,Y,N,,,,C
2024,7/26/24,SGL33,9,B,9,RED131,N,WFM,M,AD,49,14,35,1.3,,,9.1,,,4,,0,Y,Y,,,,C
2024,7/26/24,SGL33,9,B,4,TEAL340,N,WFM,F,AD,34,14,20,1.4,,,8.5,,,2,,0,Y,N,,,,C
2024,7/26/24,SGL33,9,A,8,TEAL353,N,WFM,F,AD,,,,1.3,,,8.1,,,0,,0,Y,N,,,,T
2024,7/25/24,SGL33,1,A,7,,N,NST,F,AD,25,10,15,,,NA,6.5,,,0,,0,Y,Y,,,,C
2024,7/25/24,SGL33,2,B,1,,N,NST,F,AD,23,11,12,,,NA,6,,,1,,0,Y,N,,,,C
2024,7/25/24,SGL33,2,B,6,TEAL464*,N,WFM,M,AD,53,31,22,1.3,,,9.4,,,1,,0,Y,Y,,,,C
2024,7/25/24,SGL33,2,A,2,TEAL399,N,WFM,F,JUV,26,11,15,1.4,,,7.5,,,1,,0,Y,N,,,,C
2024,7/25/24,SGL33,2,B,2,TEAL443,N,WFM,M,AD,78,51,27,1.7,,,9.5,,,5,,0,Y,Y,,,,T
2024,7/25/24,SGL33,3,A,6,RED133,N,RBV,F,SUBADULT,68,53,15,1.6,,NA,7.9,,,0,,0,Y,N,,,,C
2024,7/25/24,SGL33,3,B,4,TEAL402,N,WFM,M,AD,34,15,19,1.4,,,7.2,,,3,,0,Y,N,,,,C
2024,7/25/24,SGL33,3,B,1,TEAL447,N,WFM,F,AD,35,19,16,1.3,,,7.1,,,1,,0,Y,N,,,,C
2024,7/25/24,SGL33,3,A,1,RED112,N,RBV,M,AD,68,49,19,1.8,,NA,8.3,,,0,,0,Y,N,,,,T
2024,7/25/24,SGL33,3,A,5,TEAL343,N,WFM,M,AD,37,12,25,1.5,,NA,8.5,,,2,,1,Y,Y,,,,T
2024,7/25/24,SGL33,4,A,6,,N,NST,F,AD,34,18,16,,,NA,6.5,,,0,,0,Y,Y,,,,T
2024,7/25/24,SGL33,4,A,7,TEAL499,N,WFM,M,SUBADULT,28,11,17,1.4,,,8.1,,,1,,0,Y,N,,,,T
2024,7/25/24,SGL33,5,A,1,TEAL470,N,WFM,F,SUBADULT,65,47,18,1.7,,,7.7,,,2,,0,Y,Y,,,,C
2024,7/25/24,SGL33,5,A,6,TEAL304,N,WFM,M,AD,38,17,21,1.4,,NA,7.4,,,2,,1,Y,Y,,,,C
2024,7/25/24,SGL33,5,B,5,RED122,N,RBV,M,AD,43,33,10,1.7,,NA,8.3,,,0,,0,Y,N,,,,T
2024,7/25/24,SGL33,5,A,5,RED139,N,RBV,M,AD,58,21,37,2,,NA,9.2,,,0,,0,Y,N,,,,T
2024,7/25/24,SGL33,6,A,1,TEAL469,N,WFM,M,AD,55,29,26,1.5,,,9.5,,,2,,0,Y,Y,,,,C
2024,7/25/24,SGL33,6,A,10,TEAL318,N,WFM,M,AD,37,14,23,1.4,,NA,7.6,,,1,,0,Y,N,,,,C
2024,7/25/24,SGL33,8,A,5,TEAL378,N,WFM,M,AD,36,11,25,1.6,,,8.3,,,1,,0,N ,N,,,,C
2024,7/25/24,SGL33,8,A,9,TEAL441,N,WFM,M,AD,55,34,21,1.5,,,7.6,,,7,,0,Y,Y,,,,C
2024,7/25/24,SGL33,8,A,8,RED114,N,RBV,F,JUV,40,25,15,1.7,,NA,6,,,1,,0,Y,N,,,,T
2024,7/25/24,SGL33,8,B,8,TEAL422,N,WFM,M,AD,49,29,20,1.8,,,8.5,,,4,,0,Y,Y,,,,T
2024,7/25/24,SGL33,8,B,2,TEAL492,N,WFM,M,AD,29,11,18,1.5,,,8.2,,,1,,0,Y,Y,,,,T
2024,7/25/24,SGL33,8,B,3,TEAL352,N,WFM,M,JUV,29,12,17,1.4,,,7.2,,,2,,0,Y,N,,,,T
2024,7/25/24,SGL33,8,A,9,TEAL360,N,WFM,F,AD,34,11,23,1.5,,,8,,,3,,0,Y,N,,,,T
2024,7/25/24,SGL33,9,A,2,RED143,Y,RBV,F,AD,49,13,36,1.5,,NA,9.6,,,0,,0,Y,N,,,,C
2024,7/25/24,SGL33,9,A,9,TEAL375,N,WFM,F,AD,32,11,21,1.4,,,7.5,,,1,,0,Y,Y,,,,C
2024,7/25/24,SGL33,9,A,1,TEAL324,N,WFM,F,AD,65,46,19,1.4,,NA,7.3,,,4,,0,Y,Y,,,,C
2024,7/25/24,SGL33,9,B,7,TEAL366,N,WFM,F,AD,29,12,17,1.4,,,7,,,1,,0,Y,Y,,,,T
2024,7/25/24,SGL33,9,A,8,TEAL428,N,WFM,F,AD,38,15,23,1.5,,,8.9,,,2,,0,Y,N,,,,T
2024,7/25/24,SGL33,9,A,10,TEAL451*,N,WFM,M,AD,48,19,29,1.5,,,7.5,,,2,,1,Y,N,,,,T
2024,7/24/24,SGL33,1,B,5,,N,NST,F,AD,30,11,19,,,NA,6.5,,,0,,0,Y,N,,,,C
2024,7/24/24,SGL33,1,B,4,RED74,N,WFM,F,AD,29,9,20,1.3,,NA,9,,,2,,0,Y,N,,,,C
2024,7/24/24,SGL33,1,B,9,TEAL472,N,WFM,F,AD,50,37,13,1.5,,NA,7.9,,,7,,0,Y,Y,,,,T
2024,7/24/24,SGL33,1,A,4,BLACK435,Y,WFM,M,AD,52,29,23,1.3,,NA,7.5,,,2,,0,Y,N,,,,T
2024,7/24/24,SGL33,1,A,6,RED23,N,WFM,F,AD,47,30,17,1.2,,NA,7.5,,,3,,0,Y,N,,,,T
2024,7/24/24,SGL33,2,B,1,TEAL465,N,WFM,M,AD,91,73,18,1.9,,NA,8.6,,,2,,0,Y,N,,,,C
2024,7/24/24,SGL33,2,B,10,TEAL323,N,WFM,F,AD,25,11,14,1.5,,NA,8.1,,,0,,0,Y,N,,,,C
2024,7/24/24,SGL33,2,B,9,RED9,N,WFM,F,AD,31,12,19,1.3,,NA,8,,,0,,0,,N,,,,C
2024,7/24/24,SGL33,2,A,5,TEAL334,N,WFM,F,AD,31,11,20,1.4,,NA,7.1,,,1,,0,Y,N,,,,C
2024,7/24/24,SGL33,2,A,10,TEAL476,N,WFM,M,JUV,79,65,14,1.5,,NA,8.2,,,4,,0,Y,Y,,,,T
2024,7/24/24,SGL33,3,A,8,TEAL315,N,WFM,F,AD,55,32,23,1.6,,NA,10,,,0,,0,Y,N,,,,T
2024,7/24/24,SGL33,4,A,6,TEAL449,N,RBV,M,AD,49,23,26,2,,NA,9.2,,,0,,0,Y,N,,,,C
2024,7/24/24,SGL33,4,B,9,TEAL452,N,WFM,M,AD,50,23,27,1.7,,NA,9.5,,,0,,1,Y,N,,,,T
2024,7/24/24,SGL33,5,A,5,TEAL432,N,RBV,M,AD,75,42,33,1.3,,NA,9.9,,,1,,0,Y,N,,,,C
2024,7/24/24,SGL33,5,A,6,TEAL430,N,RBV,F,AD,33,13,20,1.3,,NA,8.1,,,0,,0,Y,N,,,,C
2024,7/24/24,SGL33,5,B,7,RED4,N,WFM,M,AD,59,34,25,1.6,,NA,8.7,,,3,,0,Y,Y,,,,C
2024,7/24/24,SGL33,5,A,4,RED19,N,WFM,M,SUBADULT,50,25,25,1.5,,NA,7.5,,,11,,0,Y,N,,,,C
2024,7/24/24,SGL33,5,A,3,TEAL362,N,WFM,M,SUBADULT,32,11,21,1.5,,NA,7.2,,,1,,0,Y,N,,,,C
2024,7/24/24,SGL33,6,B,3,TEAL413,N,RBV,M,AD,37.5,11,26.5,1.5,,NA,9.4,,,0,,0,Y,N,,,,C
2024,7/24/24,SGL33,6,B,7,TEAL338,N,WFM,M,AD,40,18,22,1.7,,NA,8.1,,,1,,0,Y,Y,,,,C
2024,7/24/24,SGL33,6,A,7,RED27,N,WFM,F,AD,49,32,17,1.5,,NA,8.5,,,3,,0,Y,Y,,,,C
2024,7/24/24,SGL33,6,A,2,TEAL322,N,WFM,M,JUV,31,11,20,1.4,,NA,7.2,,,5,,0,Y,N,,,,C
2024,7/24/24,SGL33,7,B,8,RED92,N,WFM,M,AD,42,17,25,1.4,,NA,8.3,,,4,,0,Y,N,,,,C
2024,7/24/24,SGL33,7,B,2,TEAL355,N,WFM,M,AD,81,59,22,1.2,,NA,8.2,,,2,,1,N,N,,,,C
2024,7/24/24,SGL33,7,B,2,TEAL482,N,WFM,M,AD,56,34,22,1.7,,NA,7.6,,,0,,0,Y,Y,,,,T
2024,7/24/24,SGL33,8,A,9,TEAL303,N,RBV,F,AD,44,28,16,1.3,,NA,8,,,3,,0,Y,N,,,,T
2024,7/24/24,SGL33,9,A,7,TEAL416,N,RBV,M,AD,52,16,36,1.5,,NA,10.1,,,0,,0,Y,N,,,,C
2024,7/24/24,SGL33,9,B,5,TEAL313,N,WFM,F,JUV,32,12,20,1.4,,NA,8.1,,,0,,0,Y,N,,,,C
2024,7/24/24,SGL33,9,B,3,RED43,N,WFM,F,JUV,44,23,21,1.5,,NA,7.2,,,3,,0,Y,N,,,,C
2024,7/24/24,SGL33,9,B,5,TEAL341,N,WFM,F,AD,36,11,25,1.6,,NA,8.1,,,0,,0,Y,N,,,,T
2024,7/24/24,SGL33,9,A,8,RED54,N,WFM,M,AD,34,9,25,1.4,,NA,10.1,,,2,,0,Y,N,,,,T
2024,7/23/24,SGL33,1,B,8,,N,NST,F,AD,27,9,18,,,NA,7.5,,,3,,0,Y,N,,,,C
2024,7/23/24,SGL33,1,A,8,TEAL467,N,WFM,M,SUBADULT,81,60,21,1.4,,NA,7.3,,,3,,0,Y,N,,,,C
2024,7/23/24,SGL33,2,B,5,TEAL424,N,WFM,M,AD,34,12,22,1.4,,NA,7.3,,,2,,0,Y,Y,,,,C
2024,7/23/24,SGL33,2,A,4,TEAL429,N,WFM,F,AD,34,13,21,1.7,,NA,8,,,3,,1,Y,N,,,,C
2024,7/23/24,SGL33,3,B,8,TEAL325,N,RBV,F,SUBADULT,64,37,27,1.4,,NA,7.8,,,0,,0,Y,N,,,,C
2024,7/23/24,SGL33,3,A,8,TEAL495,N,RBV,M,AD,43,25,18,1.6,,NA,8.2,,,0,,0,Y,N,,,,C
2024,7/23/24,SGL33,3,B,4,TEAL302,N,WFM,M,AD,33,11,22,1.6,,NA,9.1,,,4,,0,Y,Y,,,,C
2024,7/23/24,SGL33,3,B,2,TEAL321,N,WFM,F,JUV,27,12,15,1.7,,NA,8.3,,,5,,0,Y,N,,,,C
2024,7/23/24,SGL33,3,A,7,GREEN160,Y,WFM,F,SUBADULT,53,32,21,1.5,,NA,7.4,,,1,,0,Y,Y,,,,C
2024,7/23/24,SGL33,3,A,9,,N,NST,F,AD,37,20,17,,,NA,7,,,2,,0,Y,N,,,,T
2024,7/23/24,SGL33,3,B,10,TEAL316,N,WFM,M,AD,60,38,22,1.8,,NA,9.5,,,0,,0,Y,N,,,,T
2024,7/23/24,SGL33,5,A,9,RED102,N,WFM,F,SUBADULT,49,31,18,1.3,,NA,6.4,,,2,,1,Y,N,,,,T
2024,7/23/24,SGL33,7,B,2,RED45,N,RBV,M,AD,38,18,20,1.2,,NA,8.9,,,0,,0,Y,N,,,,C
2024,7/23/24,SGL33,7,B,10,TEAL455,N,WFM,M,SUBADULT,68,50,18,1.4,,NA,7.1,,,0,,0,Y,Y,,,,C
2024,7/23/24,SGL33,7,B,2,GREEN382,Y,WFM,F,SUBADULT,54,34,20,1.5,,NA,7,,,0,,0,Y,Y,,,,T
2024,7/23/24,SGL33,7,A,5,TEAL475,N,WFM,M,AD,38,20,18,1.7,,NA,7,,,0,,0,Y,N,,,,T
2024,7/23/24,SGL33,8,A,1,TEAL478,N,RBV,F,AD,80,61,19,1.4,,NA,8.9,,,0,,0,Y,N,,,,C
2024,7/23/24,SGL33,8,A,3,TEAL405,N,RBV,F,AD,37,18,19,1.2,,NA,8.3,,,0,,0,Y,N,,,,C
2024,7/23/24,SGL33,8,B,4,TEAL369,N,WFM,F,AD,36,21,15,1.6,,NA,9.9,,,0,,0,Y,Y,,,,C
2024,7/23/24,SGL33,8,B,9,TEAL359,N,WFM,M,AD,46,35,11,1.5,,NA,9.2,,,1,,0,Y,Y,,,,T
2024,7/23/24,SGL33,8,B,5,TEAL460,N,WFM,M,AD,65,41,24,1.7,,NA,8.2,,,0,,0,Y,Y,,,,T
2024,7/23/24,SGL33,8,B,6,TEAL387,N,WFM,M,JUV,29,10,19,1.5,,NA,7.6,,,8,,0,Y,N,,,,T
2024,7/23/24,SGL33,8,B,10,RED121,N,WFM,M,AD,32,9,23,1.4,,NA,7.1,,,1,,0,Y,N,,,,T
2024,7/23/24,SGL33,9,B,10,TEAL327,N,WFM,M,AD,60,33,27,1.9,,NA,9.1,,,3,,0,Y,N,,,,C
2024,7/23/24,SGL33,9,B,2,TEAL471,N,WFM,M,AD,52,26,26,1.5,,NA,8.9,,,1,,0,Y,Y,,,,C
2024,7/23/24,SGL33,9,B,9,TEAL328,N,WFM,M,AD,41,21,20,1.6,,NA,7.7,,,3,,0,Y,N,,,,C
2024,7/23/24,SGL33,9,A,5,TEAL317,N,WFM,F,AD,28,11,17,1.4,,NA,8.9,,,5,,0,Y,N,,,,C
2024,7/23/24,SGL33,9,A,8,RED144,N,WFM,F,AD,32,10,22,1.6,,NA,7.4,,,5,,0,Y,N,,,,C
2024,7/23/24,SGL33,9,A,1,TEAL367,N,WFM,M,AD,37,10,27,1.6,,NA,9.4,,,1,,0,Y,Y,,,,T
2024,7/3/24,SH,1,B,9,TEAL436,N,WFM,M,AD,48,28,20,1.3,,NA,9.8,,,1,,0,Y,N,,,,C
2024,7/3/24,SH,1,B,6,RED64,N,WFM,M,AD,44,22,22,2.1,,NA,9.3,,,4,,0,Y,Y,,,,C
2024,7/3/24,SH,1,B,7,TEAL454,N,WFM,M,AD,46,22,24,1.1,,NA,9.1,,,1,,0,Y,N,,,,C
2024,7/3/24,SH,3,A,2,TEAL336,N,WFM,F,AD,45,29,16,1.6,,NA,8.2,,,2,,0,Y,N,,,,C
2024,7/3/24,SH,3,B,3,TEAL406,N,WFM,F,AD,43,25,18,1.5,,NA,9.5,,,0,,0,Y,N,,,,T
2024,7/3/24,SH,3,B,8,RED41,N,WFM,M,AD,36,15,21,1.2,,NA,7.5,,,3,,0,Y,N,,,,T
2024,7/3/24,SH,4,B,4,RED78,N,WFM,M,AD,31,13,18,1.7,,NA,8.7,,,2,,0,Y,N,,,,C
2024,7/3/24,SH,4,B,1,TEAL448,N,WFM,F,SUBADULT,35,20,15,1.5,,NA,8.1,,,0,,0,Y,N,,,,C
2024,7/3/24,SH,4,A,5,TEAL410,N,WFM,F,AD,36,15,21,1.4,,NA,10.1,,,0,,0,Y,N,,,,C
2024,7/3/24,SH,4,A,10,RED5,N,WFM,M,AD,33,13,20,1.4,,NA,6.8,,,8,,0,Y,Y,,,,C
2024,7/3/24,SH,4,B,10,RED44,N,WFM,M,AD,36,16,20,1.3,,NA,7.4,,,0,,0,Y,N,,,,T
2024,7/3/24,SH,4,A,1,TEAL309,N,WFM,M,AD,40,13,27,1.7,,NA,9.1,,,1,,0,Y,N,,,,T
2024,7/3/24,SH,4,A,5,RED83,N,WFM,M,AD,34,13,21,1.6,,NA,8.9,,,0,,0,Y,Y,,,,T
2024,7/3/24,SH,4,A,7,TEAL333,N,WFM,F,SUBADULT,57,32,25,1.6,,NA,7.4,,,1,,0,Y,Y,,,,T
2024,7/3/24,SH,5,B,3,RED25,N,WFM,M,AD,23,40,-17,1.4,,NA,7.6,,,2,,0,Y,N,,,,C
2024,7/3/24,SH,5,B,8,TEAL307,N,WFM,M,AD,26,9,17,1.4,,NA,7.2,,,4,,0,Y,N,,,,C
2024,7/3/24,SH,5,A,4,RED55,N,WFM,M,AD,34,16,18,1.6,,NA,8.4,,,2,,0,Y,Y,,,,C
2024,7/3/24,SH,5,A,7,RED96,N,WFM,M,AD,41,18,23,1.7,,NA,8.2,,,1,,0,Y,N,,,,C
2024,7/3/24,SH,5,A,10,RED110,N,WFM,M,AD,29,10,19,1.4,,NA,6,,,1,,0,Y,Y,,,,C
2024,7/3/24,SH,5,B,7,TEAL326,N,WFM,M,AD,54,30,24,1.7,,NA,9.1,,,0,,0,Y,Y,,,,T
2024,7/3/24,SH,5,A,1,TEAL396,N,WFM,M,JUV,30,11,19,1.6,,NA,7.5,,,1,,0,Y,N,,,,T
2024,7/3/24,SH,5,A,10,TEAL363,N,WFM,M,JUV,30,11,19,1.3,,NA,7.2,,,1,,0,Y,N,,,,T
2024,7/3/24,SH,6,B,2,TEAL487,N,WFM,F,AD,35,18,17,1.5,,NA,8.7,,,2,,0,Y,Y,,,,C
2024,7/3/24,SH,6,B,10,RED75,N,WFM,F,AD,39,20,19,1.7,,NA,8.3,,,3,,0,Y,N,,,,C
2024,7/3/24,SH,6,A,7,RED21,N,WFM,M,AD,40,11,29,1.5,,NA,9.8,,,1,,,Y,Y,,,,C
2024,7/3/24,SH,6,A,3,RED20,N,WFM,M,AD,34,17,17,1.6,,NA,8.6,,,2,,0,Y,N,,,,C
2024,7/3/24,SH,6,A,5,TEAL477,N,WFM,F,AD,35,20,15,1.1,,NA,7.2,,,2,,0,Y,Y,,,,C
2024,7/3/24,SH,6,A,8,RED22,N,WFM,F,AD,40,16,24,1,,NA,7,,,0,,0,Y,Y,,,,C
2024,7/3/24,SH,6,B,2,RED7,N,WFM,M,AD,36,14,22,1.2,,NA,8.3,,,5,,0,Y,Y,,,,T
2024,7/3/24,SH,6,A,9,TEAL444,N,WFM,M,AD,29,9,20,1.4,,NA,9.2,,,0,,0,Y,Y,,,,T
2024,7/3/24,SH,7,B,2,TEAL388,N,WFM,M,JUV,28,14,14,1.4,,NA,6.8,,,2,,0,Y,N,,,,C
2024,7/3/24,SH,7,A,10,RED35,N,WFM,M,AD,35,17,18,1.4,,NA,8.9,,,0,,0,Y,N,,,,C
2024,7/3/24,SH,7,A,1,RED17,N,WFM,F,AD,39,21,18,1.3,,NA,7.3,,,0,,0,Y,Y,,,,C
2024,7/3/24,SH,7,B,4,,N,WFM,F,AD,51,20,31,1.5,,NA,7,,,0,,0,N ,N,,,,T
2024,7/3/24,SH,7,B,7,RED106,N,WFM,F,AD,33,10,23,1.5,,NA,7,,,3,,0,Y,Y,,,,T
2024,7/3/24,SH,7,A,10,TEAL331,N,WFM,F,AD,37,18,19,1.8,,NA,9.8,,,2,,0,Y,N,,,,T
2024,7/3/24,SH,7,A,5,TEAL409,N,WFM,F,JUV,44,31,13,1.5,,NA,8.8,,,1,,0,Y,N,,,,T
2024,7/3/24,SH,7,A,3,TEAL356,N,WFM,F,AD,36,10,26,1.5,,NA,7.5,,,0,,0,Y,N,,,,T
2024,7/2/24,SH,1,B,4,RED34,N,WFM,M,SUBADULT,36,21,15,1.3,,NA,7.8,,,1,,0,Y,Y,,,,C
2024,7/2/24,SH,1,A,1,TEAL458,N,WFM,M,JUV,34,16,18,1.3,,NA,7.5,,,0,,0,Y,N,,,,C
2024,7/2/24,SH,1,A,10,TEAL342,N,WFM,F,AD,34,12,22,1.8,,NA,7,,,0,,0,Y,N,,,,C
2024,7/2/24,SH,1,A,8,RED82,N,WFM,F,AD,39,20,19,1.4,,NA,9.1,,,2,,0,Y,N,,,,T
2024,7/2/24,SH,1,A,1,RED14,N,WFM,F,AD,45,21,24,1.5,,NA,9,,,3,,0,Y,Y,,,,T
2024,7/2/24,SH,2,B,5,TEAL486,N,WFM,M,AD,35,10,25,1.5,,NA,8,,,1,,0,Y,Y,,,,T
2024,7/2/24,SH,3,B,7,TEAL398,N,WFM,M,AD,47,24,23,1.5,,NA,9.7,,,2,,0,Y,Y,,,,C
2024,7/2/24,SH,3,B,4,TEAL419,N,WFM,F,AD,35,19,16,1.3,,NA,8.5,,,1,,0,Y,N,,,,T
2024,7/2/24,SH,4,B,2,TEAL407,N,WFM,M,AD,53,33,20,1.5,,NA,9.5,,,3,,0,Y,N,,,,C
2024,7/2/24,SH,4,B,5,TEAL440,N,WFM,F,SUBADULT,40,26,14,1.4,,NA,7.2,,,1,,0,Y,N,,,,C
2024,7/2/24,SH,4,A,7,TEAL421,N,WFM,M,AD,43,22,21,1.6,,NA,9.7,,,0,,0,Y,Y,,,,C
2024,7/2/24,SH,4,A,9,TEAL414,N,WFM,F,AD,39,24,15,1.5,,NA,8.4,,,0,,0,Y,Y,,,,C
2024,7/2/24,SH,4,A,3,RED18,N,WFM,F,AD,38,20,18,1.5,,NA,8,,,1,,0,Y,Y,,,,C
2024,7/2/24,SH,4,A,10,TEAL474,N,WFM,F,AD,42,22,20,1.4,,NA,7.6,,,1,,0,Y,N,,,,C
2024,7/2/24,SH,4,B,5,TEAL494,N,WFM,F,AD,28,10,18,1.5,,NA,7.5,,,2,,0,Y,Y,,,,T
2024,7/2/24,SH,4,B,6,TEAL464*,N,WFM,F,AD,,,0,1.5,,,6.9,,,,,,,,,,,T
2024,7/2/24,SH,4,A,8,RED124,N,WFM,F,AD,,,0,1.5,,,8,,,,,0,,,,,,T
2024,7/2/24,SH,5,B,6,RED97,N,WFM,F,AD,42,26,16,1.5,,NA,9.6,,,0,,0,Y,Y,,,,C
2024,7/2/24,SH,5,B,8,TEAL337,N,WFM,F,AD,35,24,11,1.4,,NA,8,,,0,,0,Y,Y,,,,C
2024,7/2/24,SH,5,B,3,TEAL451,N,WFM,M,AD,29,10,19,1.5,,NA,7,,,2,,0,Y,Y,,,,C
2024,7/2/24,SH,5,A,7,RED29,N,WFM,M,AD,52,28,24,1.4,,NA,8.2,,,4,,0,Y,Y,,,,C
2024,7/2/24,SH,5,A,4,RED53,N,WFM,M,AD,43,22,21,1.6,,NA,8.1,,,1,,0,Y,N,,,,C
2024,7/2/24,SH,5,B,7,TEAL397,N,WFM,M,AD,55,31,24,1.5,,NA,9.8,,,0,,0,Y,N,,,,T
2024,7/2/24,SH,5,A,4,TEAL365,N,WFM,F,AD,45,25,20,1.3,,NA,8.5,,,2,,0,Y,Y,,,,T
2024,7/2/24,SH,6,B,10,TEAL493,N,WFM,M,AD,32,10,22,1.5,,NA,8,,,5,,0,N ,Y,,,,C
2024,7/2/24,SH,6,A,9,RED94,N,WFM,M,AD,31,11,20,1.6,,NA,7.8,,,2,,0,Y,Y,,,,C
2024,7/2/24,SH,6,A,8,RED49,N,WFM,M,JUV,31,18,13,1.3,,NA,7,,,0,,0,Y,N,,,,C
2024,7/2/24,SH,6,B,2,RED80,N,WFM,F,AD,34,15,19,1.5,,NA,7.9,,,2,,0,Y,Y,,,,T
2024,7/2/24,SH,6,A,5,RED33,N,WFM,M,AD,36,13,23,1.2,,NA,9,,,2,,0,Y,Y,,,,T
2024,7/2/24,SH,6,A,6,TEAL351,N,WFM,M,AD,39,12,27,1.5,,NA,8.9,,,0,,0,Y,Y,,,,T
2024,7/2/24,SH,6,A,8,TEAL466,N,WFM,M,AD,35,16,19,1.5,,NA,7.7,,,0,,0,Y,Y,,,,T
2024,7/2/24,SH,7,B,9,RED81,N,WFM,F,AD,40,19,21,1.6,,NA,8.4,,,0,,0,Y,Y,,,,C
2024,7/2/24,SH,7,B,8,RED51,N,WFM,M,AD,45,19,26,1.5,,NA,8.4,,,7,,0,Y,Y,,,,C
2024,7/2/24,SH,7,B,10,TEAL489,N,WFM,M,AD,34,11,23,1.4,,NA,8.2,,,0,,0,Y,Y,,,,C
2024,7/2/24,SH,7,B,4,TEAL480,N,WFM,M,AD,30,10,20,1.5,,NA,7.5,,,3,,0,Y,N,,,,C
2024,7/2/24,SH,7,B,3,RED58,N,WFM,F,AD,34,15,19,1.4,,NA,7.5,,,0,,0,Y,N,,,,C
2024,7/2/24,SH,7,B,1,TEAL457,N,WFM,M,AD,33,10,23,1.5,,NA,7.2,,,0,,0,Y,Y,,,,C
2024,7/2/24,SH,7,B,7,RED30,N,WFM,M,AD,46,22,24,1.3,,NA,8.5,,,1,,0,Y,Y,,,,T
2024,7/2/24,SH,7,A,10,TEAL306,N,WFM,M,AD,37,19,18,1.8,,NA,8.8,,,1,,0,Y,Y,,,,T
2024,7/2/24,SH,7,A,7,RED42,N,WFM,F,AD,40,15,25,1.4,,NA,8,,,5,,0,Y,Y,,,,T
2024,7/2/24,SH,7,A,4,TEAL305,N,WFM,F,SUBADULT,41,26,15,1.6,,NA,7.5,,,3,,0,Y,Y,,,,T
2024,7/2/24,SH,7,A,2,TEAL459,N,WFM,M,AD,37,19,18,1.4,,NA,7.2,,,0,,0,Y,N,,,,T
2024,6/14/24,SGL103,1,B,10,GREEN463,N,RBV,M,AD,50,22,28,1.5,,NA,8.2,,,0,,0,Y,N,,,,C
2024,6/14/24,SGL103,1,B,8,,N,RBV,M,JUV,24,11,13,0.9,,NA,6.2,,,0,,0,Y,N,,,,C
2024,6/14/24,SGL103,1,B,7,GREEN492,N,RBV,F,AD,36,11,25,1.1,,NA,10.6,,,0,,0,Y,N,,,,T
2024,6/14/24,SGL103,1,B,9,GREEN467,N,RBV,M,JUV,24,11,13,1.4,,NA,7.3,,,0,,0,Y,N,,,,T
2024,6/14/24,SGL103,1,B,10,GREEN472*,N,WFM,F,AD,34,9,25,1.5,,NA,8,,,3,,0,Y,Y,,,,T
2024,6/14/24,SGL103,1,B,1,GREEN480,N,WFM,M,AD,38,11,27,1.5,,NA,6.5,,,0,,0,Y,N,,,,T
2024,6/14/24,SGL103,2,B,10,BLACK278,N,RBV,M,AD,37,13,24,1.2,,NA,10.2,,,1,,0,N ,N,,,,C
2024,6/14/24,SGL103,2,B,7,BLACK225,N,WFM,F,AD,32,11,21,1.8,,NA,9.4,,,3,,0,Y,Y,,,,C
2024,6/14/24,SGL103,2,B,8,BLACK239,N,WFM,F,AD,38,25,13,1.6,,NA,8.1,,,2,,0,Y,Y,,,,C
2024,6/14/24,SGL103,2,B,4,GREEN478,N,WFM,M,AD,39,18,21,1.4,,NA,8,,,1,,0,Y,N,,,,C
2024,6/14/24,SGL103,2,B,3,,,CHP,,,,,,,,,,,,,,,,,,,,T
2024,6/14/24,SGL103,2,A,3,GREEN454,N,WFM,M,AD,59,26,33,1.5,,NA,8.9,,,1,,0,Y,N,,,,T
2024,6/14/24,SGL103,2,A,8,GREEN490,N,WFM,M,AD,43,17,26,1.4,,NA,8.5,,,0,,0,Y,N,,,,T
2024,6/14/24,SGL103,2,A,7,GREEN496,N,WFM,F,AD,36,11,25,1.5,,NA,8,,,8,,0,Y,Y,,,,T
2024,6/14/24,SGL103,3,A,4,BLACK279,N,MV,F,AD,59,15,44,,,,,,,0,,0,Y,N,,,,C
2024,6/14/24,SGL103,3,A,2,GREEN455,N,MV,F,AD,68,21,47,1.1,,NA,10.8,,,0,,0,Y,N,,,,C
2024,6/14/24,SGL103,3,B,7,6.14.24.1,N,NST,M,AD,35,13,22,,,2,9,,,0,,0,Y,N,,,,C
2024,6/14/24,SGL103,3,B,2,6.14.24.2,N,NST,F,AD,25,11,14,,,2.1,8.2,,,0,,0,N ,N,,,,C
2024,6/14/24,SGL103,3,B,8,BLACK218,N,RBV,M,AD,54,30,24,1.4,,NA,9.6,,,6,,0,Y,N,,,,C
2024,6/14/24,SGL103,3,B,1,GREEN275,N,WFM,F,AD,55,33,22,1.4,,NA,9.5,,,1,,0,Y,Y,,,,C
2024,6/14/24,SGL103,3,B,5,GREEN483,N,WFM,M,AD,42,17,25,1.5,,NA,9,,,2,,0,Y,N,,,,C
2024,6/14/24,SGL103,3,B,9,GREEN500,N,WFM,M,AD,52,13,39,1.2,,NA,8.9,,,0,,0,Y,N,,,,C
2024,6/14/24,SGL103,3,A,4,,,CHP,,,,,,,,,,,,,,,,,,,,T
2024,6/14/24,SGL103,3,B,2,GREEN469,N,WFM,M,AD,50,17,33,1.4,,NA,9,,,6,,0,Y,Y,,,,T
2024,6/14/24,SGL103,3,B,1,,N,WFM,M,AD,40,11,29,1.4,,NA,8,,,0,,0,Y,N,,,,T
2024,6/14/24,SGL103,3,A,3,GREEN479,N,WFM,M,SUBADULT,36,24,12,1.5,,NA,8.6,,,0,,0,Y,N,,,,T
2024,6/14/24,SGL103,3,A,1,GREEN481,N,WFM,M,AD,31,9,22,1.5,,NA,7.5,,,2,,0,Y,N,,,,T
2024,6/14/24,SGL103,4,B,9,GREEN486,N,WFM,F,AD,37,9,28,1.5,,NA,9.3,,,5,,0,Y,N,,,,C
2024,6/14/24,SGL103,4,B,2,GREEN494,N,WFM,M,JUV,23,11,12,1.2,,NA,7,,,6,,0,Y,N,,,,C
2024,6/14/24,SGL103,4,B,3,BLACK213,N,WFM,F,JUV,20,11,9,1.7,,NA,6.6,,,2,,0,Y,N,,,,C
2024,6/14/24,SGL103,4,A,8,GREEN497,N,WFM,M,JUV,27,12,15,1.6,,NA,8.5,,,1,,0,Y,N,,,,C
2024,6/14/24,SGL103,4,A,8,GREEN477,N,WFM,M,JUV,25,11,14,1.4,,NA,7,,,0,,0,Y,N,,,,C
2024,6/14/24,SGL103,4,B,3,GREEN353,N,WFM,M,AD,32,11,21,1.5,,NA,8.7,,,0,,0,Y,Y,,,,T
2024,6/14/24,SGL103,4,B,1,GREEN462,N,WFM,M,SUBADULT,25,9,16,1.3,,NA,6.5,,,1,,0,Y,N,,,,T
2024,6/14/24,SGL103,4,A,4,BLACK210,N,WFM,M,AD,35,9,26,1.5,,NA,7.5,,,2,,0,Y,N,,,,T
2024,6/14/24,SGL103,4,A,2,BLACK250,N,WFM,M,JUV,18,9,9,1.25,,NA,5.5,,,0,,0,Y,N,,,,T
2024,6/14/24,SGL103,4,A,3,BLACK224,N,WFM,M,JUV,29,11,18,1,,NA,4.5,,,1,,0,Y,N,,,,T
2024,6/14/24,SGL103,5,B,1,BLACK255,N,WFM,M,SUBADULT,35,9,26,1.5,,NA,7.5,,,3,,0,Y,N,,,,C
2024,6/14/24,SGL103,5,A,10,6.14.24.3,N,NST,F,AD,24,11,13,,,2,8,,,0,,0,Y,N,,,,T
2024,6/14/24,SGL103,5,B,6,BLACK245,N,WFM,M,AD,58,35,23,1.3,,NA,7.5,,,3,,0,Y,N,,,,T
2024,6/14/24,SGL103,5,A,5,BLACK276,N,WFM,F,AD,38,17,21,1.7,,NA,8.8,,,1,,0,Y,Y,,,,T
2024,6/14/24,SGL103,6,B,10,GREEN263,N,WFM,M,AD,36,15,21,1.7,,NA,9.2,,,0,,0,Y,N,,,,C
2024,6/14/24,SGL103,6,A,4,GREEN451,N,WFM,F,AD,37,11,26,1.6,,NA,10,,,2,,0,Y,N,,,,T
2024,6/14/24,SGL103,6,A,5,GREEN363,N,WFM,M,JUV,33,19,14,1.3,,NA,6.5,,,2,,0,Y,N,,,,T
2024,6/14/24,SGL103,7,A,7,BLACK219,N,WFM,F,AD,35,12,23,1.5,,NA,8.9,,,9,,0,Y,N,,,,T
2024,6/14/24,SGL103,8,B,10,GREEN237,N,WFM,M,AD,35,11,24,1.7,,NA,10.1,,,0,,0,Y,Y,,,,C
2024,6/14/24,SGL103,8,B,7,GREEN470,N,WFM,F,AD,42,20,22,1.2,,NA,9,,,5,,0,Y,Y,,,,C
2024,6/14/24,SGL103,9,B,1,BLACK277,N,WFM,F,AD,50,28,22,1.5,,NA,8.5,,,1,,0,Y,N,,,,T
2024,6/13/24,SGL103,1,B,9,GREEN456,N,RBV,F,AD,45,12,33,1.2,,NA,10.2,,,0,,0,Y,N,,,,C
2024,6/13/24,SGL103,1,A,8,GREEN351,N,WFM,M,AD,47,22,25,1.4,,NA,8.1,,,7,,0,Y,Y,,,,C
2024,6/13/24,SGL103,1,B,1,GREEN452,N,RBV,M,JUV,35,20,15,1.5,,NA,8,,,0,,0,Y,N,,,,T
2024,6/13/24,SGL103,1,A,4,GREEN384,N,WFM,F,AD,37,16,21,1.3,,NA,8.5,,,3,,0,Y,N,,,,T
2024,6/13/24,SGL103,1,A,7,GREEN471,N,WFM,M,AD,46,25,21,1.7,,NA,8.3,,,2,,0,Y,N,,,,T
2024,6/13/24,SGL103,2,B,7,GREEN473,N,WFM,F,AD,47,12,35,1.4,,NA,9.3,,,0,,0,Y,Y,,,,C
2024,6/13/24,SGL103,2,B,6,GREEN459,N,WFM,M,AD,33,14,19,1.6,,NA,9,,,1,,0,Y,Y,,,,C
2024,6/13/24,SGL103,2,A,1,,,CHP,,,,,,,,,,,,,,0,,,,,,T
2024,6/13/24,SGL103,2,A,2,,,CHP,,,,,,,,,,,,,,,,,,,,T
2024,6/13/24,SGL103,2,B,2,GREEN386,N,WFM,M,AD,50,27,23,1.6,,NA,8.3,,,13,,0,Y,N,,,,T
2024,6/13/24,SGL103,2,A,7,GREEN491,N,WFM,M,AD,56,18,38,1.7,,NA,9.3,,,6,,0,Y,Y,,,,T
2024,6/13/24,SGL103,2,A,3,GREEN466,N,WFM,F,AD,44,18,26,1.3,,NA,9.2,,,2,,0,Y,Y,,,,T
2024,6/13/24,SGL103,2,A,9,GREEN484,N,WFM,M,AD,40,17,23,1.1,,NA,9,,,1,,0,Y,Y,,,,T
2024,6/13/24,SGL103,2,A,9,GREEN488,N,WFM,F,AD,35,15,20,1.5,,NA,8,,,4,,0,Y,N,,,,T
2024,6/13/24,SGL103,3,B,3,GREEN468,N,RBV,F,AD,30,15,15,0.9,,NA,10.1,,,0,,0,Y,N,,,,C
2024,6/13/24,SGL103,3,B,2,GREEN262,N,WFM,F,AD,41,16,25,1.4,,NA,9.2,,,1,,0,Y,N,,,,C
2024,6/13/24,SGL103,3,A,6,GREEN370,N,WFM,M,AD,47,21,26,1.5,,NA,9.3,,,2,,0,Y,N,,,,C
2024,6/13/24,SGL103,3,B,1,GREEN460,N,RBV,M,AD,41,15,26,1.4,,NA,10.8,,,1,,0,Y,N,,,,T
2024,6/13/24,SGL103,3,B,6,GREEN457,N,RBV,F,AD,45,14,31,1,,NA,10,,,0,,0,Y,N,,,,T
2024,6/13/24,SGL103,3,B,9,BLACK182,N,WFM,M,AD,51,29,22,1.6,,NA,7.5,,,4,,0,Y,Y,,,,T
2024,6/13/24,SGL103,3,A,10,GREEN273,N,WFM,M,AD,38,17,21,1.6,,NA,9.1,,,1,,0,Y,Y,,,,T
2024,6/13/24,SGL103,4,A,10,BLACK85,N,RBV,F,AD,40,10,30,1.3,,NA,11,,,0,,0,Y,N,,,,C
2024,6/13/24,SGL103,4,A,5,GREEN475,N,WFM,F,SUBADULT,32,11,21,1.3,,NA,8.7,,,2,,0,Y,Y,,,,C
2024,6/13/24,SGL103,4,A,3,GREEN236,N,WFM,F,SUBADULT,37,21,16,1.4,,NA,8.5,,,3,,0,Y,Y,,,,C
2024,6/13/24,SGL103,4,B,10,GREEN383,N,WFM,M,AD,52,23,29,1.3,,NA,8.5,,,4,,0,Y,N,,,,T
2024,6/13/24,SGL103,4,B,9,GREEN241,N,WFM,F,AD,53,25,28,1.6,,NA,8.2,,,0,,0,Y,N,,,,T
2024,6/13/24,SGL103,4,B,1,GREEN487,N,WFM,F,AD,40,16,24,1.7,,NA,8,,,0,,0,Y,N,,,,T
2024,6/13/24,SGL103,4,A,10,GREEN369,N,WFM,F,AD,37,13,24,1.4,,NA,9,,,11,,0,Y,Y,,,,T
2024,6/13/24,SGL103,4,A,4,BLACK118,N,WFM,M,JUV,37,29,8,1,,NA,5.9,,,0,,0,Y,N,,,,T
2024,6/13/24,SGL103,5,B,3,6.13.24.1,N,NST,F,AD,,,,,,3,9,,,7,,0,N ,N,,,,C
2024,6/13/24,SGL103,5,B,9,GREEN266,N,WFM,M,AD,46,24,22,1.4,,NA,8.9,,,1,,0,Y,Y,,,,T
2024,6/13/24,SGL103,5,B,1,GREEN234,N,WFM,M,AD,60,31,29,1.3,,NA,8,,,1,,0,Y,N,,,,T
2024,6/13/24,SGL103,5,B,10,GREEN281,N,WFM,F,AD,62,30,32,1.7,,NA,7.7,,,3,,0,Y,N,,,,T
2024,6/13/24,SGL103,5,A,10,GREEN474,N,WFM,M,AD,51,32,19,1.3,,NA,7.1,,,2,,0,Y,Y,,,,T
2024,6/13/24,SGL103,6,B,9,GREEN240,N,WFM,F,AD,46,25,21,1.4,,NA,9.6,,,1,,0,Y,Y,,,,C
2024,6/13/24,SGL103,6,B,10,BLACK107,N,WFM,F,AD,49,23,26,1.4,,NA,9,,,1,,0,Y,N,,,,C
2024,6/13/24,SGL103,6,B,6,GREEN253,N,WFM,F,AD,46,20,26,1.4,,NA,8.4,,,1,,0,Y,N,,,,T
2024,6/13/24,SGL103,6,B,4,GREEN493,N,WFM,M,AD,26,9,17,1.5,,NA,8,,,2,,0,Y,N,,,,T
2024,6/13/24,SGL103,6,B,9,GREEN284,N,WFM,M,JUV,40,25,15,1.2,,NA,7.1,,,2,,0,Y,N,,,,T
2024,6/13/24,SGL103,6,A,10,BLACK120,N,WFM,F,AD,51,25,26,1.4,,NA,9.7,,,6,,0,Y,N,,,,T
2024,6/13/24,SGL103,6,A,2,GREEN464,N,WFM,M,AD,47,18,29,1.7,,NA,9,,,2,,0,Y,Y,,,,T
2024,6/13/24,SGL103,6,A,7,GREEN453,N,WFM,F,AD,47,23,24,1.6,,NA,8.9,,,0,,0,Y,Y,,,,T
2024,6/13/24,SGL103,7,B,7,BLACK165,N,WFM,M,JUV,38,11,27,1.3,,NA,7.4,,,2,,0,Y,N,,,,T
2024,6/13/24,SGL103,7,A,1,BLACK50,N,WFM,M,AD,67,42,25,1.6,,NA,9.8,,,1,,0,Y,N,,,,T
2024,6/13/24,SGL103,8,B,2,GREEN269,N,WFM,F,AD,60,35,25,1.5,,NA,9.9,,,9,,1 FLEA,Y,Y,,,,C
2024,6/13/24,SGL103,8,B,1,GREEN283,N,WFM,F,AD,61,37,24,1.3,,NA,7.5,,,0,,0,Y,Y,,,,C
2024,6/13/24,SGL103,8,B,10,GREEN243,N,WFM,F,JUV,32,11,21,1.2,,NA,6.3,,,3,,0,Y,N,,,,C
2024,6/13/24,SGL103,8,A,2,GREEN265,N,WFM,M,AD,49,29,20,1.3,,NA,9,,,5,,0,Y,Y,,,,C
2024,6/13/24,SGL103,8,A,4,GREEN291,N,WFM,M,AD,51,30,21,1.2,,NA,8.1,,,14,,0,Y,Y,,,,C
2024,6/13/24,SGL103,8,B,10,GREEN260,N,WFM,F,AD,55,29,26,1.5,,NA,9.5,,,0,,0,Y,N,,,,T
2024,6/13/24,SGL103,8,B,3,GREEN279,N,WFM,F,AD,70,39,31,1.3,,NA,8.6,,,4,,0,Y,Y,,,,T
2024,6/13/24,SGL103,8,B,8,GREEN465,N,WFM,M,AD,41,17,24,1.7,,NA,8.5,,,2,,0,Y,N,,,,T
2024,6/13/24,SGL103,8,A,9,GREEN261,N,WFM,M,AD,62,30,32,1.5,,NA,9.1,,,1,,0,Y,N,,,,T
2024,6/13/24,SGL103,9,B,4,GREEN498,N,WFM,F,AD,52,16,36,1.5,,NA,9.4,,,5,,0,Y,Y,,,,T
2024,6/13/24,SGL103,9,B,8,GREEN250,N,WFM,F,AD,49,29,20,1.5,,NA,8.6,,,1,,0,Y,Y,,,,T
2024,6/13/24,SGL103,9,A,9,GREEN293,N,WFM,F,AD,58,34,24,1.5,,NA,10,,,1,,0,Y,Y,,,,T
2024,6/12/24,SGL103,1,B,9,GREEN327,N,WFM,M,JUV,39,25,14,1.3,,NA,6.7,,,2,,0,Y,N,,,,C
2024,6/12/24,SGL103,1,B,3,BLACK147,N,RBV,M,JUV,45,38,7,1.3,,NA,8,,,1,,2 FLEAS,Y,N,,,,T
2024,6/12/24,SGL103,1,B,10,BLACK147*,N,WFM,M,AD,65,38,27,1.6,,NA,9.4,,,4,,0,Y,N,,,,T
2024,6/12/24,SGL103,1,B,2,BLACK199,N,WFM,M,AD,68,36,32,1.6,,NA,9.3,,,4,,0,Y,N,,,,T
2024,6/12/24,SGL103,1,B,1,BLACK256,N,WFM,F,AD,30,16,14,1.4,,NA,7.2,,,7,,0,Y,N,,,,T
2024,6/12/24,SGL103,1,A,9,BLACK209,N,WFM,F,JUV,35,21,14,1.3,,NA,7.3,,,0,,1,Y,N,,,,T
2024,6/12/24,SGL103,2,A,10,BLACK260,N,WFM,M,AD,37,15,22,1.4,,NA,8.3,,,0,,0,Y,N,,,,C
2024,6/12/24,SGL103,2,A,7,BLACK63,N,WFM,M,AD,48,25,23,1.2,,NA,7.2,,,2,,0,Y,N,,,,C
2024,6/12/24,SGL103,2,A,6,GREEN230,N,WFM,F,AD,49,19,30,1.5,,NA,10,,,0,,0,Y,N,,,,T
2024,6/12/24,SGL103,2,A,9,BLACK29,N,WFM,M,SUBADULT,47,26,21,1.2,,NA,9.5,,,0,,0,Y,N,,,,T
2024,6/12/24,SGL103,2,A,1,BLACK78,N,WFM,F,AD,33,11,22,1.1,,NA,7.4,,,4,,0,Y,N,,,,T
2024,6/12/24,SGL103,3,B,2,BLACK128,N,RBV,M,AD,37,11,26,1,,NA,9,,,1,,0,Y,N,,,,C
2024,6/12/24,SGL103,3,B,10,GREEN280,N,WFM,F,SUBADULT,32,11,21,1.5,,NA,8,,,6,,0,Y,Y,,,,C
2024,6/12/24,SGL103,3,A,4,BLACK39,N,WFM,F,AD,35,15,20,1.2,,NA,9,,,3,,0,Y,N,,,,C
2024,6/12/24,SGL103,3,A,3,BLACK7,N,WFM,M,AD,36,15,21,1.4,,NA,8,,,0,,0,Y,N,,,,C
2024,6/12/24,SGL103,3,A,8,BLACK45,N,WFM,F,AD,51,29,22,1.3,,NA,8,,,0,,0,Y,Y,,,,C
2024,6/12/24,SGL103,3,B,2,BLACK105,N,RBV,F,JUV,27,14,13,1.1,,NA,9.4,,,0,,0,Y,N,,,,T
2024,6/12/24,SGL103,3,B,9,BLACK125,N,RBV,F,JUV,36,11,25,1.2,,NA,8.5,,,1,,0,Y,N,,,,T
2024,6/12/24,SGL103,3,B,1,BLACK177,N,WFM,F,AD,51,22,29,1.3,,NA,8.7,,,5,,0,Y,Y,,,,T
2024,6/12/24,SGL103,3,B,3,GREEN226,N,WFM,M,SUBADULT,45,26,19,1.5,,NA,7.5,,,0,,0,Y,N,,,,T
2024,6/12/24,SGL103,3,A,5,BLACK46,N,WFM,M,AD,47,22,25,1.5,,NA,8.5,,,1,,0,Y,N,,,,T
2024,6/12/24,SGL103,3,A,10,BLACK9,N,WFM,M,AD,39,11,28,1.2,,NA,7.8,,,0,,0,Y,Y,,,,T
2024,6/12/24,SGL103,4,B,10,BLACK173,N,RBV,F,AD,36,10,26,1.2,,NA,10.9,,,2,,0,Y,N,,,,C
2024,6/12/24,SGL103,4,B,6,BLACK176,N,WFM,F,AD,36,15,21,1.5,,NA,8.5,,,0,,0,Y,N,,,,C
2024,6/12/24,SGL103,4,B,8,BLACK81,N,WFM,F,AD,57,27,30,1.1,,NA,7.6,,,0,,0,Y,Y,,,,C
2024,6/12/24,SGL103,4,B,6,GREEN252,N,WFM,F,JUV,37,28,9,1.3,,NA,6.5,,,0,,0,Y,N,,,,C
2024,6/12/24,SGL103,4,A,10,BLACK145,N,WFM,F,AD,54,25,29,1.5,,NA,9,,,9,,0,Y,N,,,,C
2024,6/12/24,SGL103,4,A,1,GREEN365,N,WFM,M,AD,52,27,25,1.5,,NA,8.5,,,1,,0,Y,N,,,,C
2024,6/12/24,SGL103,4,A,3,BLACK181*,N,WFM,F,JUV,35,21,14,1.4,,NA,7.6,,,2,,0,Y,N,,,,C
2024,6/12/24,SGL103,4,A,8,,N,WFM,F,JUV,37,,,,,,,,,NA,,0,NA,NA,,,,C
2024,6/12/24,SGL103,4,B,10,BLACK223,N,WFM,M,AD,52,24,28,1.2,,NA,9,,,2,,0,Y,N,,,,T
2024,6/12/24,SGL103,4,A,2,BLACK56,N,WFM,M,SUBADULT,26,9,17,1.1,,NA,8.7,,,1,,0,Y,N,,,,T
2024,6/12/24,SGL103,4,A,10,BLACK153,N,WFM,F,JUV,26,11,15,1.4,,NA,7.3,,,5,,0,Y,N,,,,T
2024,6/12/24,SGL103,4,A,4,GREEN393,N,WFM,M,SUBADULT,41,25,16,1.3,,NA,7.1,,,0,,0,Y,N,,,,T
2024,6/12/24,SGL103,4,A,8,BLACK4,N,WFM,M,SUBADULT,45,26,19,1.5,,NA,7,,,0,,0,Y,N,,,,T
2024,6/12/24,SGL103,4,A,2,BLACK76,N,WFM,M,SUBADULT,37,18,19,1.4,,NA,7,,,0,,0,Y,N,,,,T
2024,6/12/24,SGL103,4,A,10,BLACK195,N,WFM,F,JUV,40,26,14,1.3,,NA,6.5,,,4,,0,Y,N,,,,T
2024,6/12/24,SGL103,5,B,8,GREEN300,N,WFM,M,AD,44,22,22,1.5,,NA,9.5,,,1,,0,Y,N,,,,C
2024,6/12/24,SGL103,5,B,9,BLACK18,N,WFM,M,SUBADULT,35,20,15,1.2,,NA,8,,,0,,0,Y,N,,,,C
2024,6/12/24,SGL103,5,B,9,GREEN294,N,WFM,M,SUBADULT,40,27,13,1.4,,NA,7.3,,,2,,0,Y,N,,,,C
2024,6/12/24,SGL103,5,B,9,GREEN373,N,WFM,M,SUBADULT,36,21,15,1.2,,NA,7,,,2,,0,Y,N,,,,C
2024,6/12/24,SGL103,5,A,10,GREEN371,N,WFM,F,AD,62,35,27,1.8,,NA,9.8,,,1,,1 FLEA,Y,N,,,,C
2024,6/12/24,SGL103,5,A,9,GREEN251,N,WFM,M,AD,45,21,24,1.7,,NA,9.2,,,2,,0,Y,N,,,,C
2024,6/12/24,SGL103,6,B,8,GREEN249,N,WFM,M,AD,43,17,26,1.4,,NA,9,,,1,,0,Y,N,,,,C
2024,6/12/24,SGL103,6,B,5,BLACK183,N,WFM,F,AD,81,54,27,1.6,,NA,8.7,,,3,,0,Y,Y,,,,C
2024,6/12/24,SGL103,6,A,9,BLACK88,N,WFM,F,SUBADULT,36,21,15,0.9,,NA,6.5,,,11,,0,Y,N,,,,C
2024,6/12/24,SGL103,6,B,3,BLACK40,N,WFM,M,AD,47,20,27,1.5,,NA,8.7,,,0,,0,Y,N,,,,T
2024,6/12/24,SGL103,6,B,1,GREEN400,N,WFM,F,SUBADULT,46,25,21,1.2,,NA,8,,,1,,0,Y,N,,,,T
2024,6/12/24,SGL103,6,B,10,GREEN366,N,WFM,F,AD,48,21,27,1.3,,NA,7.5,,,0,,0,Y,Y,,,,T
2024,6/12/24,SGL103,6,A,6,GREEN233,N,WFM,F,AD,40,12,28,1.5,,NA,8,,,2,,0,Y,N,,,,T
2024,6/12/24,SGL103,6,A,8,BLACK62,N,WFM,F,AD,35,8,27,1.3,,NA,7,,,0,,0,Y,Y,,,,T
2024,6/12/24,SGL103,7,B,2,BLACK155,N,WFM,F,AD,45,20,25,1.5,,NA,9.3,,,0,,0,Y,Y,,,,C
2024,6/12/24,SGL103,7,B,5,GREEN232,N,WFM,M,AD,40,12,28,1.5,,NA,9.1,,,2,,0,Y,Y,,,,C
2024,6/12/24,SGL103,7,B,1,GREEN394,N,WFM,F,JUV,38,18,20,1.5,,NA,8.9,,,3,,0,Y,N,,,,C
2024,6/12/24,SGL103,7,A,9,GREEN286,N,WFM,M,AD,36,11,25,1.9,,NA,9,,,1,,0,Y,Y,,,,C
2024,6/12/24,SGL103,7,B,9,GREEN244,N,WFM,F,AD,31,11,20,1.6,,NA,9.6,,,4,,0,Y,Y,,,,T
2024,6/12/24,SGL103,7,B,7,BLACK52,N,WFM,F,AD,42,11,31,1,,NA,9,,,7,,0,Y,N,,,,T
2024,6/12/24,SGL103,7,B,5,BLACK164,N,WFM,M,AD,47,21,26,1.4,,NA,8.5,,,11,,0,Y,Y,,,,T
2024,6/12/24,SGL103,7,B,6,BLACK144,N,WFM,M,JUV,35,21,14,1.1,,NA,6.5,,,1,,0,Y,N,,,,T
2024,6/12/24,SGL103,7,A,7,GREEN276,N,WFM,M,JUV,39,26,13,1.4,,NA,8.7,,,5,,0,Y,N,,,,T
2024,6/12/24,SGL103,7,A,9,BLACK66,N,WFM,M,AD,55,26,29,1.1,,NA,7.6,,,0,,0,Y,Y,,,,T
2024,6/12/24,SGL103,7,A,3,BLACK15,N,WFM,M,AD,33,20,13,1.4,,NA,7.5,,,2,,0,Y,N,,,,T
2024,6/12/24,SGL103,8,B,5,GREEN391,N,WFM,F,AD,52,22,30,1.4,,NA,9.5,,,1,,0,Y,Y,,,,C
2024,6/12/24,SGL103,9,B,3,BLACK180,N,WFM,M,AD,52,26,26,1.4,,NA,9.4,,,0,,0,Y,Y,,,,C
2024,6/12/24,SGL103,9,A,3,BLACK83,N,WFM,F,SUBADULT,46,29,17,1.2,,NA,8.5,,,1,,0,Y,N,,,,C
2024,6/12/24,SGL103,9,A,2,BLACK111,N,WFM,F,AD,58,31,27,1.3,,NA,7.5,,,3,,0,Y,Y,,,,C
2024,6/12/24,SGL103,9,A,1,GREEN248,N,WFM,M,JUV,44,34,10,1.5,,NA,7.4,,,3,,0,Y,N,,,,C
2024,6/12/24,SGL103,9,B,2,GREEN396,N,WFM,M,AD,58,33,25,1.3,,NA,8.5,,,0,,0,Y,Y,,,,T
2024,6/12/24,SGL103,9,A,6,GREEN267,N,WFM,F,AD,39,11,28,,,,,,,0,,0,Y,N,,,,T
2024,6/11/24,SGL103,1,B,9,BLACK169,N,WFM,M,AD,41,16,25,1.3,,NA,8,,,2,,0,Y,N,,,,C
2024,6/11/24,SGL103,1,B,3,BLACK37,N,WFM,M,AD,69,48,21,1.4,,NA,7,,,18,,,Y,Y,,,,C
2024,6/11/24,SGL103,1,A,9,BLACK325,N,WFM,M,SUBADULT,31,14,17,1.5,,NA,8.5,,,11,,0,Y,Y,,,,C
2024,6/11/24,SGL103,1,A,6,BLACK5,N,WFM,F,AD,41,15,26,1.3,,NA,8,,,0,,0,Y,Y,,,,C
2024,6/11/24,SGL103,1,A,2,BLACK441,N,WFM,F,AD,41,15,26,1.9,,NA,7.7,,,3,,0,Y,N,,,,C
2024,6/11/24,SGL103,1,A,7,BLACK92,N,WFM,F,AD,40,10,30,1.5,,NA,7,,,2,,0,Y,N,,,,C
2024,6/11/24,SGL103,1,B,8,BLACK68,N,WFM,F,AD,61,34,27,1.7,,NA,10.4,,,4,,1,Y,Y,,,,T
2024,6/11/24,SGL103,1,B,6,BLACK189,N,WFM,M,AD,53,24,29,1.8,,NA,10,,,0,,0,Y,N,,,,T
2024,6/11/24,SGL103,1,B,4,BLACK72,N,WFM,F,AD,62,49,13,1.6,,NA,8.3,,,0,,0,Y,Y,,,,T
2024,6/11/24,SGL103,1,B,9,BLACK70,N,WFM,M,AD,43,21,22,1.5,,NA,7.5,,,5,,0,Y,N,,,,T
2024,6/11/24,SGL103,1,B,5,BLACK31,N,WFM,F,JUV,37,22,15,0.8,,NA,6.5,,,0,,0,Y,Y,,,,T
2024,6/11/24,SGL103,1,A,6,BLACK251,N,WFM,F,AD,50,24,26,1.2,,NA,9,,,2,,0,Y,N,,,,T
2024,6/11/24,SGL103,1,A,1,BLACK311,N,WFM,M,AD,61,37,24,1.4,,NA,8,,,0,,0,Y,N,,,,T
2024,6/11/24,SGL103,1,A,10,BLACK253,N,WFM,M,AD,44,22,22,1.2,,NA,7.5,,,3,,0,Y,Y,,,,T
2024,6/11/24,SGL103,2,B,3,BLACK412*,N,WFM,F,AD,45,24,21,1.6,,NA,10,,,1,,0,Y,N,,,,C
2024,6/11/24,SGL103,2,B,1,BLACK74,N,WFM,M,AD,64,43,21,1.7,,NA,9.4,,,0,,0,Y,Y,,,,C
2024,6/11/24,SGL103,2,B,10,BLACK194,N,WFM,F,AD,33,10,23,1.5,,NA,8.5,,,0,,0,Y,N,,,,C
2024,6/11/24,SGL103,2,B,6,BLACK403*,N,WFM,F,AD,37,12,25,1.8,,NA,7.4,,,1,,0,Y,N,,,,C
2024,6/11/24,SGL103,2,A,8,BLACK53,N,WFM,F,AD,37,15,22,1.4,,NA,8.5,,,6,,0,Y,Y,,,,C
2024,6/11/24,SGL103,2,A,10,BLACK30,N,WFM,M,AD,48,30,18,0.8,,NA,8,,,1,,0,Y,N,,,,C
2024,6/11/24,SGL103,2,A,5,BLACK188,N,WFM,M,AD,45,11,34,1.7,,NA,7.9,,,2,,0,Y,N,,,,C
2024,6/11/24,SGL103,2,B,10,BLACK434*,N,WFM,F,AD,39,17,22,1.3,,NA,9,,,2,,0,Y,Y,,,,T
2024,6/11/24,SGL103,2,B,8,BLACK86,N,WFM,M,AD,77,54,23,1.8,,NA,8.8,,,4,,0,Y,Y,,,,T
2024,6/11/24,SGL103,2,B,6,BLACK221,N,WFM,F,AD,52,18,34,1.3,,NA,7.4,,,0,,0,Y,N,,,,T
2024,6/11/24,SGL103,3,B,3,BLACK236,N,WFM,F,AD,33,15,18,1.3,,NA,9.4,,,0,,0,Y,Y,,,,C
2024,6/11/24,SGL103,3,B,6,BLACK179,N,WFM,M,AD,46,21,25,1.5,,NA,9.1,,,3,,0,Y,Y,,,,C
2024,6/11/24,SGL103,3,B,10,BLACK212,N,WFM,M,AD,42,14,28,1.5,,NA,8.5,,,2,,0,Y,N,,,,C
2024,6/11/24,SGL103,3,A,4,BLACK385,N,WFM,M,AD,43,21,22,1.5,,NA,9.5,,,2,,0,Y,N,,,,C
2024,6/11/24,SGL103,3,A,10,GREEN495,N,WFM,F,AD,35,13,22,1.6,,NA,9,,,3,,0,Y,Y,,,,C
2024,6/11/24,SGL103,3,A,3,BLACK414*,N,WFM,M,AD,38,15,23,1.4,,NA,7.5,,,4,,0,Y,N,,,,C
2024,6/11/24,SGL103,3,A,10,6.11.24.1,N,NST,F,AD,29,17,12,,,1,9,,,4,,0,Y,N,,,,T
2024,6/11/24,SGL103,3,B,2,BLACK289,N,WFM,F,AD,37,10,27,1,,NA,8,,,0,,0,Y,N,,,,T
2024,6/11/24,SGL103,3,A,6,BLACK60,N,WFM,F,AD,39,11,28,1.7,,NA,9.3,,,2,,0,Y,Y,,,,T
2024,6/11/24,SGL103,3,A,10,BLACK265,N,WFM,M,AD,41,16,25,1.4,,NA,9,,,1,,0,Y,Y,,,,T
2024,6/11/24,SGL103,3,A,1,BLACK138,N,WFM,M,AD,41,13,28,1.2,,NA,7.6,,,2,,0,Y,Y,,,,T
2024,6/11/24,SGL103,4,B,4,BLACK190,N,WFM,F,SUBADULT,44,22,22,1.4,,NA,9,,,0,,0,Y,Y,,,,C
2024,6/11/24,SGL103,4,B,6,BLACK184,N,WFM,M,AD,43,11,32,1.3,,NA,9,,,0,,0,Y,N,,,,C
2024,6/11/24,SGL103,4,B,3,BLACK154,N,WFM,F,AD,45,22,23,1,,NA,8,,,0,,0,Y,N,,,,C
2024,6/11/24,SGL103,4,B,7,BLACK90,N,WFM,F,AD,78,52,26,1.7,,NA,7.8,,,1,,0,Y,Y,,,,C
2024,6/11/24,SGL103,4,B,2,BLACK75,N,WFM,F,SUBADULT,58,44,14,1.8,,NA,7.5,,,0,,0,Y,N,,,,C
2024,6/11/24,SGL103,4,B,10,BLACK378,N,WFM,F,JUV,22,11,11,1.2,,NA,7.5,,,2,,0,Y,N,,,,C
2024,6/11/24,SGL103,4,B,2,BLACK54,N,WFM,F,JUV,24,10,14,1.9,,NA,7.2,,,2,,0,Y,N,,,,C
2024,6/11/24,SGL103,4,A,1,BLACK406,N,WFM,F,AD,48,22,26,1.6,,NA,10.1,,,2,,0,Y,N,,,,C
2024,6/11/24,SGL103,4,A,2,BLACK91,N,WFM,M,AD,52,27,25,1.5,,NA,9.5,,,0,,0,Y,Y,,,,C
2024,6/11/24,SGL103,4,A,9,BLACK69,N,WFM,M,AD,54,23,31,1.4,,NA,8.7,,,4,,0,Y,N,,,,C
2024,6/11/24,SGL103,4,A,4,BLACK333,N,WFM,M,SUBADULT,44,26,18,1.5,,NA,7,,,1,,0,Y,Y,,,,C
2024,6/11/24,SGL103,4,A,4,BLACK77,N,WFM,M,JUV,37,23,14,1.6,,NA,6.4,,,0,,0,Y,Y,,,,C
2024,6/11/24,SGL103,4,B,7,BLACK167,N,WFM,F,AD,53,22,31,1.3,,NA,9.1,,,0,,0,Y,N,,,,T
2024,6/11/24,SGL103,4,B,3,BLACK175,N,WFM,F,AD,46,15,31,1.2,,NA,8.3,,,1,,0,Y,N,,,,T
2024,6/11/24,SGL103,4,B,8,BLACK13,N,WFM,M,SUBADULT,39,24,15,1.3,,NA,7.9,,,2,,0,Y,N,,,,T
2024,6/11/24,SGL103,4,A,6,BLACK84,N,WFM,F,AD,66,21,45,1.7,,NA,9.3,,,5,,0,Y,N,,,,T
2024,6/11/24,SGL103,4,A,7,BLACK47,N,WFM,M,AD,39,14,25,1.3,,NA,8.5,,,4,,0,Y,N,,,,T
2024,6/11/24,SGL103,5,B,4,BLACK435*,N,WFM,F,AD,49,23,26,1.6,,NA,10,,,1,,0,Y,Y,,,,C
2024,6/11/24,SGL103,5,B,3,BLACK359,N,WFM,M,AD,49,22,27,1.8,,NA,8,,,1,,0,Y,N,,,,C
2024,6/11/24,SGL103,5,A,8,BLACK44 ,N,WFM,F,AD,50,27,23,1.4,,NA,9.2,,,0,,0,Y,Y,,,,C
2024,6/11/24,SGL103,5,A,1,BLACK161,N,WFM,F,AD,39,15,24,1.4,,NA,9.1,,,1,,0,Y,Y,,,,C
2024,6/11/24,SGL103,5,A,6,BLACK20,N,WFM,M,AD,65,30,35,1.5,,NA,8,,,2,,0,Y,Y,,,,C
2024,6/11/24,SGL103,5,A,2,BLACK327,N,WFM,M,JUV,40,27,13,1.4,,NA,7,,,3,,0,Y,N,,,,C
2024,6/11/24,SGL103,5,B,3,BLACK336,N,WFM,F,AD,49,25,24,1.3,,NA,8.9,,,3,,0,Y,N,,,,T
2024,6/11/24,SGL103,5,B,4,BLACK328,N,WFM,M,AD,54,31,23,1.5,,NA,8.8,,,2,,0,Y,Y,,,,T
2024,6/11/24,SGL103,5,B,9,BLACK207,N,WFM,F,AD,44,20,24,1.6,,NA,8.5,,,1,,0,Y,Y,,,,T
2024,6/11/24,SGL103,5,B,10,BLACK237,N,WFM,M,AD,40,15,25,1.5,,NA,8.4,,,2,,0,Y,Y,,,,T
2024,6/11/24,SGL103,5,B,1,BLACK65,N,WFM,M,AD,55,21,34,1.4,,NA,7,,,3,,0,Y,N,,,,T
2024,6/11/24,SGL103,5,A,9,BLACK232,N,WFM,M,AD,43,15,28,1.5,,NA,8.4,,,3,,0,Y,Y,,,,T
2024,6/11/24,SGL103,6,A,3,BLACK220,N,WFM,M,AD,36,14,22,1.5,,NA,9,,,0,,0,Y,N,,,,C
2024,6/11/24,SGL103,6,A,1,BLACK375,N,WFM,F,AD,63,41,22,1.2,,NA,8.2,,,0,,0,Y,N,,,,C
2024,6/11/24,SGL103,6,A,6,BLACK400,N,WFM,F,SUBADULT,31,16,15,1.5,,NA,7.5,,,3,,0,Y,N,,,,C
2024,6/11/24,SGL103,6,B,10,BLACK347,N,MV,M,AD,42,11,31,1.4,,NA,10,,,0,,0,Y,N,,,,T
2024,6/11/24,SGL103,6,B,6,BLACK338,N,WFM,M,SUBADULT,80,60,20,1.5,,NA,8.5,,,0,,0,Y,N,,,,T
2024,6/11/24,SGL103,6,B,1,BLACK17,N,WFM,F,AD,56,35,21,1.6,,NA,8.4,,,0,,0,Y,Y,,,,T
2024,6/11/24,SGL103,7,A,6,BLACK244,N,WFM,M,JUV,40,25,15,0.8,,NA,7,,,3,,0,Y,N,,,,C
2024,6/11/24,SGL103,7,A,8,6.11.24.2,N,NST,F,AD,31,15,16,,,1.1,9.2,,,0,,,Y,N,,,,T
2024,6/11/24,SGL103,7,B,10,BLACK340,N,WFM,M,AD,59,35,24,1.4,,NA,9,,,3,,0,Y,Y,,,,T 
2024,6/11/24,SGL103,8,B,9,BLACK87,N,WFM,M,AD,53,25,28,1.7,,NA,10.4,,,11,,0,Y,Y,,,,C
2024,6/11/24,SGL103,8,A,6,BLACK200,N,WFM,F,AD,44,19,25,1.5,,NA,7.1,,,4,,0,Y,N,,,,C
2024,6/11/24,SGL103,8,B,8,BLACK408*,N,WFM,F,AD,40,16,24,1.6,,NA,9,,,0,,0,Y,Y,,,,T
2024,6/11/24,SGL103,8,B,8,BLACK198,N,WFM,M,AD,35,15,20,1.5,,NA,9,,,3,,0,Y,N,,,,T
2024,6/11/24,SGL103,8,B,7,BLACK156,N,WFM,M,AD,25,17,8,1.4,,NA,8.7,,,2,,0,Y,Y,,,,T
2024,6/11/24,SGL103,8,A,3,BLACK59,N,WFM,F,AD,66,41,25,1.6,,NA,10.6,,,2,,0,Y,Y,,,,T
2024,6/11/24,SGL103,8,A,10,BLACK431,N,WFM,M,AD,42,21,21,1.7,,NA,9.4,,,2,,0,Y,Y,,,,T
2024,6/11/24,SGL103,8,A,9,BLACK34 ,N,WFM,M,AD,34,14,20,1.5,,NA,9,,,0,,0,Y,Y,,,,T
2024,6/11/24,SGL103,8,A,2,BLACK71,N,WFM,F,AD,46,26,20,1.5,,NA,8.8,,,9,,0,Y,Y,,,,T
2024,6/11/24,SGL103,8,A,4,,,ECT,,,,,,,,,,,,,,,,,,,,T 
2024,6/11/24,SGL103,9,A,1,,N,WFM,M,AD,40,,,,,,,,,NA,,0,NA,NA,,,,C
2024,6/11/24,SGL103,9,B,2,BLACK314,N,WFM,M,AD,42,18,24,1.5,,NA,8.5,,,4,,0,Y,Y,,,,T
2024,6/11/24,SGL103,9,A,3,BLACK89,N,WFM,F,AD,52,28,24,1.7,,NA,8.7,,,0,,0,Y,Y,,,,T
2024,6/11/24,SGL103,9,A,8,BLACK102,N,WFM,M,AD,26,4,22,1.5,,NA,7.9,,,3,,0,Y,Y,,,,T
2024,6/7/24,SGL33,1,A,3,6.7.24.5,N,NST,F,AD,26,10,16,,,2,9.2,,,5,,0,Y,N,,,,C
2024,6/7/24,SGL33,1,B,10,GREEN168,N,RBV,F,AD,51,24,27,1.6,,NA,9.4,,,0,,0,Y,Y,,,,C
2024,6/7/24,SGL33,1,B,5,BLACK418,N,WFM,M,AD,41,17,24,1.4,,NA,9.5,,,7,,0,Y,Y,,,,C
2024,6/7/24,SGL33,1,B,4,GREEN388,N,WFM,M,AD,37,11,26,1.2,,NA,8,,,2,,0,Y,N,,,,C
2024,6/7/24,SGL33,1,B,8,GREEN489,N,WFM,F,AD,27,11,16,1.3,,NA,7,,,2,,0,Y,N,,,,T
2024,6/7/24,SGL33,1,A,4,BLACK353,N,WFM,F,AD,55,15,40,1.4,,NA,7.5,,,4,,0,Y,N,,,,T
2024,6/7/24,SGL33,2,B,2,GREEN476,N,RBV,M,JUV,41,27,14,1.4,,NA,7,,,0,,0,Y,N,,,,T
2024,6/7/24,SGL33,2,B,3,BLACK421,N,WFM,M,JUV,31,17,14,1.3,,NA,5.3,,,6,,0,Y,N,,,,T
2024,6/7/24,SGL33,2,A,1,BLACK187,N,WFM,M,AD,44,19,25,1.4,,NA,9,,,3,,0,Y,N,,,,T
2024,6/7/24,SGL33,3,A,4,6.7.24.4,N,NST,F,JUV,24,10,14,,,2.2,9.3,,,4,,0,Y,N,,,,C
2024,6/7/24,SGL33,3,A,10,GREEN140,N,WFM,F,SUBADULT,44,31,13,1.4,,NA,7.9,,,2,,0,Y,Y,,,,C
2024,6/7/24,SGL33,3,A,7,6.7.24.2,N,NST,F,AD,,,,,,2.1,9.5,,,3,,0,Y,N,,,,T
2024,6/7/24,SGL33,3,B,9,BLACK412,N,WFM,M,AD,79,54,25,1.5,,NA,8,,,6,,0,Y,N,,,,T
2024,6/7/24,SGL33,4,A,2,GREEN162,N,RBV,F,AD,60,33,27,1.3,,NA,9.2,,,1,,0,Y,N,,,,T
2024,6/7/24,SGL33,4,A,4,BLACK149,N,WFM,M,AD,35,11,24,1.5,,NA,7.5,,,2,,0,Y,Y,,,,T
2024,6/7/24,SGL33,5,B,6,GREEN153,N,MV,M,AD,82,40,42,1.2,,NA,12.2,,,3,,0,Y,N,,,,C
2024,6/7/24,SGL33,5,A,6,GREEN172,N,WFM,F,AD,61,42,19,1.6,,NA,7.9,,,4,,0,Y,Y,,,,C
2024,6/7/24,SGL33,5,B,4,BLACK483,N,RBV,F,AD,42,10,32,1.9,,NA,11.5,,,1,,0,Y,N,,,,T
2024,6/7/24,SGL33,5,B,1,GREEN362,N,WFM,F,JUV,33,20,13,1,,NA,7,,,3,,0,Y,N,,,,T
2024,6/7/24,SGL33,5,A,1,BLACK143,N,WFM,F,SUBADULT,33,11,22,1.5,,NA,8.2,,,0,,0,Y,N,,,,T
2024,6/7/24,SGL33,5,A,8,GREEN170,N,WFM,F,AD,65,46,19,1.6,,NA,8,,,2,,0,Y,Y,,,,T
2024,6/7/24,SGL33,5,A,6,GREEN359,N,WFM,F,JUV,27,11,16,1.2,,NA,5.5,,,4,,0,Y,N,,,,T
2024,6/7/24,SGL33,6,A,9,,,OPM,,,,,,,,,,,,,,,,,,,,C
2024,6/7/24,SGL33,6,A,6,GREEN485,N,WFM,F,AD,58,30,28,1.5,,NA,9,,,12,,0,Y,Y,,,,C
2024,6/7/24,SGL33,6,A,3,GREEN499,N,WFM,M,AD,47,32,15,1.2,,NA,8,,,12,,0,Y,Y,,,,C
2024,6/7/24,SGL33,6,B,3,GREEN188,N,WFM,M,AD,47,31,16,1.3,,NA,7.5,,,8,,0,Y,Y,,,,T
2024,6/7/24,SGL33,6,A,5,GREEN385,N,WFM,M,AD,40,26,14,1.3,,NA,7.5,,,5,,0,Y,Y,,,,T
2024,6/7/24,SGL33,7,B,3,GREEN163,N,RBV,F,AD,54,26,28,1.4,,NA,10.6,,,4,,0,Y,N,,,,C
2024,6/7/24,SGL33,7,B,1,6.7.24.3,N,NST,M,AD,30,10,20,,,2,9.1,,,5,,0,Y,N,,,,T
2024,6/7/24,SGL33,7,B,2,GREEN154,N,RBV,F,JUV,60,42,18,1.2,,NA,8.7,,,6,,0,Y,N,,,,T
2024,6/7/24,SGL33,7,B,6,BLACK181,N,WFM,F,AD,61,42,19,1.6,,NA,7.2,,,3,,0,Y,N,,,,T
2024,6/7/24,SGL33,7,B,2,GREEN390,N,WFM,M,JUV,45,17,28,1,,NA,7,,,1,,0,Y,N,,,,T
2024,6/7/24,SGL33,7,A,1,GREEN367,N,WFM,F,AD,45,23,22,1.6,,NA,10.5,,,6,,0,Y,Y,,,,T
2024,6/7/24,SGL33,7,A,4,BLACK410,N,WFM,M,AD,56,29,27,1.3,,NA,8.1,,,4,,0,Y,Y,,,,T
2024,6/7/24,SGL33,8,A,1,GREEN374,N,WFM,M,AD,41,16,25,1.4,,NA,9,,,0,,0,Y,N,,,,C
2024,6/7/24,SGL33,8,B,6,BLACK481,N,RBV,M,AD,66,37,29,1.5,,NA,11.5,,,0,,0,N ,N,,,,T
2024,6/7/24,SGL33,8,B,1,GREEN380,N,WFM,M,AD,56,29,27,1.2,,NA,8,,,0,,0,Y,N,,,,T
2024,6/7/24,SGL33,8,A,1,GREEN372,N,WFM,F,AD,44,19,25,1,,NA,10,,,1,,0,Y,N,,,,T
2024,6/7/24,SGL33,9,A,5,6.7.24.1,N,NST,F,AD,66,45,21,,,2,9.4,,,0,,0,N ,N,,,,C
2024,6/7/24,SGL33,9,B,8,GREEN185,N,RBV,M,AD,49,12,37,1.4,,NA,9.7,,,4,,0,Y,N,,,,C
2024,6/7/24,SGL33,9,A,10,,N,RBV,M,AD,38,10,28,1.3,,NA,9.1,,,2,,0,Y,N,,,,C
2024,6/7/24,SGL33,9,B,9,GREEN461,N,WFM,M,AD,43,19,24,1.5,,NA,8.5,,,1,,0,Y,Y,,,,C
2024,6/7/24,SGL33,9,B,5,GREEN458,N,RBV,M,JUV,26,10,16,1,,NA,7,,,0,,0,Y,N,,,,T
2024,6/7/24,SGL33,9,B,3,GREEN368,N,WFM,M,JUV,25,9,16,1.5,,NA,8.2,,,4,,0,Y,N,,,,T
2024,6/7/24,SGL33,9,A,3,BLACK404,N,WFM,F,AD,39,17,22,1.3,,NA,8.9,,,3,,0,Y,N,,,,T
2024,6/7/24,SGL33,9,A,7,,N,WFM,F,AD,34,11,23,1.2,,NA,8.7,,,2,,0,Y,N,,,,T
2024,6/7/24,SGL33,9,A,6,BLACK108,N,WFM,M,AD,42,14,28,1.3,,NA,8,,,1,,0,Y,N,,,,T
2024,6/7/24,SGL33,9,A,8,BLACK106,N,WFM,M,JUV,36,17,19,1,,NA,8,,,0,,0,Y,N,,,,T
2024,6/6/24,SGL33,1,B,9,BLACK427,N,RBV,F,AD,40,15,25,1.1,,NA,10,,,0,,0,N ,N,,,,C
2024,6/6/24,SGL33,1,B,8,GREEN161,N,WFM,M,AD,72,40,32,1.4,,NA,9,,,11,,0,Y,N,,,,C
2024,6/6/24,SGL33,1,A,9,GREEN198,N,WFM,M,JUV,50,33,17,1.2,,NA,7,,,1,,0,Y,N,,,,T
2024,6/6/24,SGL33,1,A,7,BLACK491,N,WFM,F,SUBADULT,51,36,15,1.3,,NA,5.6,,,2,,0,Y,N,,,,T
2024,6/6/24,SGL33,2,B,2,GREEN176,N,WFM,F,AD,59,34,25,1.4,,NA,7.9,,,2,,0,Y,N,,,,C
2024,6/6/24,SGL33,2,A,6,BLACK419,N,MV,F,JUV,42,37,5,0.7,,NA,8,,,1,,0,Y,N,,,,T
2024,6/6/24,SGL33,2,B,2,BLACK416,N,RBV,M,AD,58,24,34,1.5,,NA,11.3,,,2,,0,Y,N,,,,T
2024,6/6/24,SGL33,2,B,3,BLACK430,N,WFM,M,AD,84,55,29,1.4,,NA,7.2,,,4,,0,Y,N,,,,T
2024,6/6/24,SGL33,3,A,1,6.6.24.2,N,NST,F,AD,45,12,33,,,2,9,,,1,,0,N ,N,,,,C
2024,6/6/24,SGL33,3,A,7,6.6.24.1,N,NST,F,AD,47,15,32,,,2.1,9,,,5,,0,N ,N,,,,T
2024,6/6/24,SGL33,4,B,1,BLACK444,N,RBV,M,JUV,44,12,32,1.1,,NA,9.1,,,0,,0,N ,N,,,,C
2024,6/6/24,SGL33,5,A,6,,,MV,,,,,,,,,,,,,,,,,,,,C
2024,6/6/24,SGL33,5,B,1,GREEN193,N,WFM,F,AD,30,16,14,1.3,,NA,8,,,3,,0,N ,N,,,,T
2024,6/6/24,SGL33,5,B,4,GREEN164,N,WFM,F,AD,,,,,,,,,,NA,,0,Y,N,,,,T
2024,6/6/24,SGL33,6,A,4,BLACK475,N,WFM,F,AD,37,20,17,1.4,,NA,6.4,,,1,,0,Y,N,,,,C
2024,6/6/24,SGL33,6,A,5,GREEN159,N,WFM,M,JUV,47,36,11,1.5,,NA,6.1,,,1,,0,Y,N,,,,C
2024,6/6/24,SGL33,6,B,2,BLACK434,N,WFM,M,JUV,48,18,30,1.2,,NA,7.8,,,1,,0,Y,N,,,,T
2024,6/6/24,SGL33,7,B,8,BLACK414,N,RBV,F,AD,43,11,32,1.1,,NA,10.4,,,0,,EGGS IN EAR,Y,N,,,,C
2024,6/6/24,SGL33,8,B,1,BLACK403,N,RBV,F,JUV,42,34,8,0.6,,NA,8,,,0,,0,N ,N,,,,C
2024,6/6/24,SGL33,8,A,1,GREEN418,N,WFM,F,AD,45,17,28,1.4,,NA,9.4,,,4,,EGGS IN EAR,Y,N,,,,C
2024,6/6/24,SGL33,8,A,10,GREEN403,N,WFM,F,AD,32,12,20,1.4,,NA,9.3,,,6,,0,Y,N,,,,C
2024,6/6/24,SGL33,9,B,4,BLACK408,N,RBV,F,AD,44,12,32,1.2,,NA,10.4,,,0,,0,Y,N,,,,T
2024,6/6/24,SGL33,9,B,7,GREEN421,N,WFM,F,AD,52,31,21,1.5,,NA,9,,,1,,0,Y,N,,,,T
2024,6/6/24,SGL33,9,B,6,GREEN482,N,WFM,M,AD,45,24,21,1.6,,NA,8.4,,,4,,0,Y,N,,,,T
2024,6/6/24,SGL33,9,B,5,BLACK417,N,WFM,M,SUBADULT,35,25,10,1.2,,NA,8,,,0,,0,Y,N,,,,T
2024,6/6/24,SGL33,9,B,9,BLACK424,N,WFM,M,JUV,35,31,4,1,,NA,8,,,0,,0,Y,N,,,,T
2024,6/6/24,SGL33,9,A,10,GREEN472,N,WFM,F,AD,42,18,24,1.5,,NA,7.9,,,2,,0,Y,N,,,,T
2024,6/5/24,SGL33,1,B,10,,N,WFM,M,AD,46,10,36,,,,,,,NA,,0,N ,N,,,,C
2024,6/5/24,SGL33,1,B,9,BLACK498,N,WFM,M,AD,49,25,24,1.7,,NA,9.5,,,4,,0,Y,N,,,,C
2024,6/5/24,SGL33,1,B,8,GREEN398,N,WFM,F,AD,52,30,22,1.6,,NA,8.8,,,1,,0,Y,N,,,,C
2024,6/5/24,SGL33,1,B,1,GREEN440,N,WFM,M,AD,45,24,21,1.3,,NA,8.3,,,1,,0,Y,Y,,,,C
2024,6/5/24,SGL33,1,A,9,GREEN354,N,WFM,M,AD,54,29,25,1.3,,NA,8.5,,,1,,0,Y,N,,,,C
2024,6/5/24,SGL33,1,A,1,GREEN397,N,WFM,F,JUV,51,36,15,1.5,,NA,7.5,,,3,,0,Y,N,,,,C
2024,6/5/24,SGL33,1,A,7,GREEN392,N,WFM,M,JUV,45,34,11,1.1,,NA,6.5,,,2,,0,Y,N,,,,C
2024,6/5/24,SGL33,1,B,7,BLACK438,N,WFM,M,AD,43,15,28,1.5,,NA,9.5,,,6,,0,Y,N,,,,T
2024,6/5/24,SGL33,1,B,8,BLACK469,N,WFM,M,AD,83,68,15,1.4,,NA,8.2,,,5,,0,Y,N,,,,T
2024,6/5/24,SGL33,1,A,8,BLACK487,N,WFM,M,JUV,25,10,15,1,,NA,9,,,0,,0,Y,N,,,,T
2024,6/5/24,SGL33,1,A,6,BLACK460,N,WFM,M,AD,51,31,20,1.5,,NA,8.4,,,0,,0,Y,N,,,,T
2024,6/5/24,SGL33,1,A,5,BLACK435,N,WFM,M,AD,38,17,21,1.5,,NA,8,,,3,,0,Y,Y,,,,T
2024,6/5/24,SGL33,1,A,10,BLACK485,N,WFM,F,AD,51,31,20,1.5,,NA,7.5,,,1,,0,Y,N,,,,T
2024,6/5/24,SGL33,2,B,7,GREEN389,N,WFM,M,AD,57,32,25,1.6,,NA,9.2,,,4,,0,Y,Y,,,,C
2024,6/5/24,SGL33,2,A,8,BLACK455,N,WFM,F,AD,43,11,32,1.4,,NA,9,,,2,,0,Y,N,,,,C
2024,6/5/24,SGL33,2,A,10,BLACK449,N,WFM,M,SUBADULT,52,34,18,1.7,,NA,8.5,,,2,,0,Y,Y,,,,C
2024,6/5/24,SGL33,3,B,4,BLACK422,N,WFM,M,AD,41,10,31,1.3,,NA,9.1,,,4,,1,Y,N,,,,C
2024,6/5/24,SGL33,3,B,5,BLACK495,N,WFM,M,JUV,39,10,29,1.2,,NA,8.3,,,2,,0,Y,N,,,,C
2024,6/5/24,SGL33,3,A,2,GREEN364,N,WFM,M,AD,59,35,24,1.6,,NA,9.7,,,0,,0,Y,N,,,,T
2024,6/5/24,SGL33,3,A,1,BLACK478,N,WFM,M,AD,42,22,20,1.7,,NA,8,,,5,,0,Y,N,,,,T
2024,6/5/24,SGL33,4,A,10,GREEN439,N,WFM,F,AD,45,10,35,1.5,,NA,9,,,0,,0,Y,N,,,,T
2024,6/5/24,SGL33,5,A,3,BLACK490,N,WFM,M,JUV,32,10,22,1.2,,NA,8.1,,,3,,0,Y,N,,,,C
2024,6/5/24,SGL33,6,A,6,GREEN399,N,WFM,M,SUBADULT,68,53,15,1.5,,NA,8.6,,,33,,0,Y,Y,,,,C
2024,6/5/24,SGL33,6,A,5,GREEN361,N,WFM,F,SUBADULT,29,12,17,1.4,,NA,8,,,5,,0,Y,N,,,,C
2024,6/5/24,SGL33,6,A,9,BLACK426,N,WFM,M,AD,35,10,25,1.2,,NA,8,,,0,,0,Y,N,,,,C
2024,6/5/24,SGL33,6,B,10,GREEN378,N,WFM,M,SUBADULT,53,36,17,1.4,,NA,8.5,,,7,,0,Y,N,,,,T
2024,6/5/24,SGL33,6,A,9,GREEN358,N,WFM,F,JUV,26,16,10,1.3,,NA,7,,,2,,0,Y,N,,,,T
2024,6/5/24,SGL33,7,B,1,BLACK479,N,WFM,M,AD,52,10,42,1.3,,NA,9.8,,,4,,0,Y,N,,,,C
2024,6/5/24,SGL33,7,B,10,GREEN423,N,WFM,F,AD,47,10,37,1.7,,NA,8.4,,,11,,0,Y,N,,,,C
2024,6/5/24,SGL33,7,B,6,BLACK476,N,WFM,F,AD,48,32,16,1.1,,NA,8.2,,,0,,0,Y,N,,,,C
2024,6/5/24,SGL33,7,B,4,BLACK493,N,WFM,F,AD,51,31,20,1,,NA,8.1,,,4,,0,Y,Y,,,,C
2024,6/5/24,SGL33,7,B,7,BLACK437,N,WFM,M,AD,64,44,20,1.7,,NA,7.7,,,2,,0,Y,Y,,,,C
2024,6/5/24,SGL33,7,A,2,BLACK489,N,WFM,F,JUV,65,52,13,1.5,,NA,8.5,,,5,,0,Y,N,,,,C
2024,6/5/24,SGL33,7,A,9,BLACK500,N,WFM,F,AD,94,50,44,1.5,,NA,8.4,,,3,,0,Y,N,,,,C
2024,6/5/24,SGL33,7,A,10,BLACK497,N,WFM,M,AD,70,46,24,1.3,,NA,7.9,,,15,,0,Y,N,,,,C
2024,6/5/24,SGL33,7,A,6,BLACK464,N,WFM,M,JUV,72,58,14,1.3,,NA,6.8,,,4,,0,Y,N,,,,C
2024,6/5/24,SGL33,7,A,4,,N,WFM,NA,,,,,,,,,,,NA,,0,N ,N,,,,C
2024,6/5/24,SGL33,7,B,5,BLACK492,N,WFM,M,AD,32,10,22,1.3,,NA,8.9,,,0,,1,Y,N,,,,T
2024,6/5/24,SGL33,7,B,7,GREEN401,N,WFM,F,AD,40,14,26,1.6,,NA,8,,,2,,0,Y,N,,,,T
2024,6/5/24,SGL33,7,A,9,GREEN406,N,WFM,M,AD,35,13,22,1.5,,NA,9,,,5,,0,Y,Y,,,,T
2024,6/5/24,SGL33,7,A,2,GREEN382,N,WFM,F,AD,34,15,19,1.4,,NA,8.3,,,13,,0,Y,Y,,,,T
2024,6/5/24,SGL33,7,A,10,GREEN377,N,WFM,F,JUV,37,24,13,1.4,,NA,7.7,,,8,,0,Y,N,,,,T
2024,6/5/24,SGL33,8,B,4,GREEN410,N,WFM,F,AD,65,37,28,1.5,,NA,9,,,0,,0,Y,N,,,,C
2024,6/5/24,SGL33,8,B,4,GREEN381,N,WFM,M,AD,58,39,19,1.5,,NA,10,,,4,,0,Y,N,,,,T
2024,6/5/24,SGL33,8,B,7,BLACK470,N,WFM,M,SUBADULT,69,59,10,1.1,,NA,7,,,13,,0,Y,N,,,,T
2024,6/5/24,SGL33,8,A,7,GREEN428,N,WFM,F,SUBADULT,35,10,25,1.5,,NA,7,,,8,,0,Y,N,,,,T
2024,6/5/24,SGL33,8,A,4,BLACK465,N,WFM,F,JUV,34,22,12,1.1,,NA,6.8,,,6,,0,Y,N,,,,T
2024,6/5/24,SGL33,8,A,2,BLACK462,N,WFM,F,SUBADULT,39,26,13,1.2,,NA,6.6,,,15,,0,Y,N,,,,T
2024,6/5/24,SGL33,9,B,7,BLACK452,N,WFM,F,AD,,,,1,,,10.5,,,0,,0,Y,N,,,,C
2024,6/5/24,SGL33,9,B,3,GREEN356,N,WFM,M,AD,43,19,24,1.5,,NA,7.8,,,2,,0,Y,Y,,,,C
2024,6/5/24,SGL33,9,A,4,GREEN430,N,WFM,M,AD,71,47,24,1.7,,NA,8.2,,,3,,0,Y,N,,,,C
2024,6/5/24,SGL33,9,B,6,GREEN448,N,WFM,M,AD,35,10,25,1.6,,NA,8.7,,,0,,0,Y,N,,,,T
2024,6/5/24,SGL33,9,B,5,GREEN412,N,WFM,F,JUV,35,27,8,1,,NA,5,,,0,,0,Y,N,,,,T
2024,6/4/24,SGL33,1,B,1,GREEN446,N,WFM,M,AD,33,10,23,1.8,,NA,9.5,,,2,,0,Y,Y,,,,C
2024,6/4/24,SGL33,1,B,6,GREEN414,N,WFM,F,AD,78,60,18,1.4,,NA,9,,,5,,0,Y,N,,,,C
2024,6/4/24,SGL33,1,B,5,GREEN422,N,WFM,F,AD,38,10,28,1.5,,NA,8,,,4,,0,Y,Y,,,,C
2024,6/4/24,SGL33,1,B,1,GREEN441,N,WFM,M,AD,38,10,28,1.2,,NA,8.5,,,2,,0,Y,Y,,,,T
2024,6/4/24,SGL33,1,A,3,GREEN419,N,WFM,F,AD,62,33,29,1.5,,NA,8.5,,,3,,0,Y,N,,,,T
2024,6/4/24,SGL33,1,A,9,GREEN402,N,WFM,F,AD,45,21,24,1.5,,NA,8.5,,,4,,0,Y,Y,,,,T
2024,6/4/24,SGL33,2,B,10,GREEN404,N,WFM,M,JUV,37,22,15,1.5,,NA,7.5,,,4,,0,Y,N,,,,C
2024,6/4/24,SGL33,2,B,6,BLACK363,N,WFM,F,AD,38.5,10,28.5,1.2,,NA,9,,,3,,0,Y,Y,,,,T
2024,6/4/24,SGL33,3,A,5,GREEN415,N,WFM,M,AD,36,13,23,1.5,,NA,9,,,6,,0,Y,N,,,,C
2024,6/4/24,SGL33,3,A,1,GREEN424,N,WFM,F,AD,43,19,24,1.7,,NA,9.5,,,6,,0,Y,Y,,,,T
2024,6/4/24,SGL33,4,B,1,GREEN416,N,WFM,M,AD,33.5,10,23.5,1.5,,NA,9,,,13,,0,Y,N,,,,T
2024,6/4/24,SGL33,4,A,8,GREEN443,N,WFM,M,AD,42,25,17,1.4,,NA,8.7,,,10,,0,Y,Y,,,,T
2024,6/4/24,SGL33,5,B,4,GREEN435,N,WFM,F,AD,77,50,27,1.7,,NA,9.5,,,4,,0,Y,Y,,,,C
2024,6/4/24,SGL33,5,B,10,BLACK457,N,RBV,F,AD,42,12,30,1.4,,NA,12,,,0,,0,Y,N,,,,T
2024,6/4/24,SGL33,5,B,5,GREEN408,N,RBV,F,AD,,,,,,,,,,0,,0,Y,N,,,,T
2024,6/4/24,SGL33,5,B,9,GREEN445,N,WFM,F,AD,54,35,19,1.4,,NA,8.5,,,6,,0,Y,Y,,,,T
2024,6/4/24,SGL33,5,B,3,GREEN432,N,WFM,F,AD,33,10,23,1.5,,NA,8,,,6,,0,Y,N,,,,T
2024,6/4/24,SGL33,6,A,4,GREEN413,N,WFM,F,AD,54,,,,,,,,,4,,0,N ,N,,,,C
2024,6/4/24,SGL33,6,A,7,BLACK467,N,RBV,F,AD,64,42,22,1.4,,NA,10.1,,,0,,0,Y,N,,,,T
2024,6/4/24,SGL33,6,B,2,GREEN449,N,WFM,M,AD,40,10,30,1.7,,NA,9.5,,,9,,0,Y,Y,,,,T
2024,6/4/24,SGL33,6,B,7,GREEN411,N,WFM,F,AD,27,10,17,1.5,,NA,8,,,7,,0,Y,Y,,,,T
2024,6/4/24,SGL33,7,B,5,BLACK456,N,RBV,M,JUV,33,19,14,0.9,,NA,7.2,,,1,,0,Y,N,,,,C
2024,6/4/24,SGL33,7,A,10,GREEN437,N,WFM,M,AD,61,42,19,1.7,,NA,10,,,7,,0,Y,Y,,,,C
2024,6/4/24,SGL33,7,A,4,GREEN427,N,WFM,F,JUV,59,39,20,1.3,,NA,8.5,,,3,,0,Y,N,,,,C
2024,6/4/24,SGL33,7,A,5,GREEN425,N,WFM,F,AD,28,10,18,1.2,,NA,7.5,,,5,,0,Y,Y,,,,C
2024,6/4/24,SGL33,7,B,1,GREEN375,N,WFM,M,JUV,38,19,19,1.5,,NA,7.5,,,11,,0,Y,N,,,,T
2024,6/4/24,SGL33,7,A,8,GREEN405,N,WFM,M,AD,60,27,33,1.4,,NA,9.7,,,2,,0,Y,Y,,,,T
2024,6/4/24,SGL33,7,A,3,GREEN395,N,WFM,M,AD,51,30,21,1.8,,NA,7.6,,,7,,0,Y,Y,,,,T
2024,6/4/24,SGL33,8,A,5,BLACK466,N,WFM,F,AD,37,17,20,1.4,,NA,9.5,,,4,,0,Y,Y,,,,C
2024,6/4/24,SGL33,8,A,8,BLACK471,N,WFM,M,AD,49,28,21,1.7,,NA,9,,,0,,0,Y,Y,,,,C
2024,6/4/24,SGL33,8,A,1,BLACK458,N,WFM,F,AD,35,14,21,1.4,,NA,8.9,,,0,,0,Y,N,,,,C
2024,6/4/24,SGL33,8,A,3,BLACK499,N,WFM,M,AD,45,25,20,1.4,,NA,7.5,,,0,,0,Y,N,,,,C
2024,6/4/24,SGL33,8,B,5,BLACK454,N,WFM,F,AD,44,21,23,1.6,,NA,9.6,,,2,,EGGS IN EAR,Y,N,,,,T
2024,6/4/24,SGL33,9,B,5,BLACK488,N,WFM,F,JUV,37,17,20,1.3,,NA,8.7,,,0,,0,Y,N,,,,C
2024,6/4/24,SGL33,9,B,7,GREEN355,N,WFM,M,AD,48,26,22,1.4,,NA,8.5,,,4,,0,Y,Y,,,,C
2024,6/4/24,SGL33,9,A,9,BLACK486,N,WFM,F,AD,57,33,24,1.5,,NA,9.5,,,0,,0,Y,N,,,,C
2024,6/4/24,SGL33,9,B,9,GREEN447,N,WFM,M,AD,65,39,26,1.4,,NA,8.8,,,0,,0,Y,Y,,,,T
2024,6/4/24,SGL33,9,B,1,GREEN433,N,WFM,M,JUV,52,36,16,1.4,,NA,6.8,,,8,,0,Y,N,,,,T
2024,6/4/24,SGL33,9,B,6,GREEN442,N,WFM,M,JUV,39,25,14,1.5,,NA,6.2,,,1,,0,Y,N,,,,T
2024,6/4/24,SGL33,9,B,7,BLACK463,N,WFM,F,AD,43.5,,,,,,,,,0,,0,Y,Y,,,,T
2024,6/4/24,SGL33,9,A,10,BLACK436,N,WFM,F,AD,55,27,28,1.5,,NA,10.3,,,0,,0,Y,Y,,,,T
2024,6/4/24,SGL33,9,A,8,BLACK451,N,WFM,F,AD,42,16,26,1.4,,NA,10.1,,,0,,0,Y,N,,,,T
2024,6/4/24,SGL33,9,A,5,BLACK425,N,WFM,F,AD,50,26,24,1.5,,NA,9.5,,,0,,0,Y,Y,,,,T
2024,6/4/24,SGL33,9,A,5,BLACK411,N,WFM,M,AD,35,9,26,1.4,,NA,9.5,,,0,,0,Y,Y,,,,T
2024,6/4/24,SGL33,9,A,7,BLACK446,N,WFM,F,JUV,30,15,15,1.3,,NA,8,,,0,,0,Y,N,,,,T
2023,7/14/23,ADL,A,,12,DARKBLUE324,Y,WFM,,,,,,,,,,,,,,,,,,,,T
2023,7/14/23,ADL,C,,9,DARKBLUE362,Y,WFM,,,,,,,,,,,,,,,,,,,,C
2023,7/14/23,ADL,D,,6,DARKBLUE405,N,WFM,F,AD,34,15,19,1.6,,,,,,0,,,YES,YES,,,,T
2023,7/14/23,ADL,D,,3,DARKBLUE450,N,WFM,F,AD,40,23,17,1.3,,,,,,0,,,YES,YES,,,,T
2023,7/14/23,ADL,D,,4,GREEN434,Y,WFM,,,,,,,,,,,,,,,,,,,,T
2023,7/14/23,SGL33,A,,10,DARKBLUE459,N,WFM,M,AD,45,25,20,1.5,,,,,,2,,,YES,YES,,,,T
2023,7/14/23,SGL33,A,,3,DARKBLUE496,N,WFM,F,AD,40,22,18,1.5,,,,,,2,,,YES,NO,,,,T
2023,7/14/23,SGL33,A,,7,DARKBLUE307,Y,WFM,,,,,,,,,,,,,,,,,,,,T
2023,7/14/23,SGL33,A,,2,DARKBLUE355,Y,WFM,,,,,,,,,,,,,,,,,,,,T
2023,7/14/23,SGL33,A,,4,DARKBLUE363,Y,WFM,,,,,,,,,,,,,,,,,,,,T
2023,7/14/23,SGL33,A,,16,DARKBLUE441,Y,WFM,,,,,,,,,,,,,,,,,,,,T
2023,7/14/23,SGL33,A,,15,GREEN305,Y,WFM,,,,,,,,,,,,,,,,,,,,T
2023,7/14/23,SGL33,A,,18,GREEN314,Y,WFM,,,,,,,,,,,,,,,,,,,,T
2023,7/14/23,SGL33,A,,9,GREEN344,Y,WFM,,,,,,,,,,,,,,,,,,,,T
2023,7/14/23,SGL33,B,,11,N/A,,NST,,,,,,,,,,,,,,,,,,,,T
2023,7/14/23,SGL33,B,,1,DARKBLUE448,N,WFM,M,AD,49,20,29,1.6,,,,,,0,,,YES,YES,,,,T
2023,7/14/23,SGL33,B,,5,DARKBLUE468,N,WFM,F,AD,31,10,21,1.5,,,,,,0,,,YES,YES,,,,T
2023,7/14/23,SGL33,B,,16,DARKBLUE342,Y,WFM,,,,,,,,,,,,,,,,,,,,T
2023,7/14/23,SGL33,B,,18,GREEN338,Y,WFM,,,,,,,,,,,,,,,,,,,,T
2023,7/14/23,SGL33,C,,14,N/A,,RBV,,,,,,,,,,,,,,,,,,,,C
2023,7/14/23,SGL33,C,,18,N/A,,RBV,,,,,,,,,,,,,,,,,,,,C
2023,7/14/23,SGL33,C,,3,DARKBLUE473,N,WFM,M,AD,48,32,16,1.8,,,,,,0,,,YES,YES,,,,C
2023,7/14/23,SGL33,C,,13,DARKBLUE431,N,WFM,M,AD,35,13,22,1.5,,,,,,1,,,YES,YES,,,,C
2023,7/14/23,SGL33,C,,5,DARKBLUE432,N,WFM,M,JUV,26,10,16,1.4,,,,,,0,,,YES,NO,,,,C
2023,7/14/23,SGL33,C,,17,DARKBLUE361,Y,WFM,,,,,,,,,,,,,,,,,,,,C
2023,7/14/23,SGL33,C,,7,DARKBLUE384,Y,WFM,,,,,,,,,,,,,,,,,,,,C
2023,7/14/23,SGL33,C,,2,DARKBLUE388,Y,WFM,,,,,,,,,,,,,,,,,,,,C
2023,7/14/23,SGL33,C,,20,DARKBLUE389,Y,WFM,,,,,,,,,,,,,,,,,,,,C
2023,7/14/23,SGL33,D,,10,DARKBLUE447,N,WFM,F,AD,30,14,16,1.4,,,,,,0,,,YES,YES,,,,T
2023,7/14/23,SGL33,D,,16,DARKBLUE387,Y,WFM,,,,,,,,,,,,,,,,,,,,T
2023,7/14/23,SGL33,D,,14,DARKBLUE390,Y,WFM,,,,,,,,,,,,,,,,,,,,T
2023,7/14/23,SGL33,D,,2,DARKBLUE399,Y,WFM,,,,,,,,,,,,,,,,,,,,T
2023,7/14/23,SGL33,D,,13,DARKBLUE413,Y,WFM,,,,,,,,,,,,,,,,,,,,T
2023,7/14/23,SGL33,D,,20,DARKBLUE415,Y,WFM,,,,,,,,,,,,,,,,,,,,T
2023,7/13/23,ADL,A,,14,DARKBLUE324,Y,WFM,,,,,,,,,,,,,,,,,,,,T
2023,7/13/23,ADL,A,,2,GREEN431,Y,WFM,,,,,,,,,,,,,,,,,,,,T
2023,7/13/23,ADL,C,,18,DARKBLUE420,N,WFM,M,AD,34,10,24,1.6,,,,,,1,,,YES,NO,,,,C
2023,7/13/23,ADL,C,,20,DARKBLUE443,N,WFM,M,AD,38,23,15,1.4,,,,,,2,,,YES,YES,,,,C
2023,7/13/23,ADL,D,,20,GREEN346,Y,WFM,,,,,,,,,,,,,,,,,,,,T
2023,7/13/23,ADL,D,,6,GREEN434,Y,WFM,,,,,,,,,,,,,,,,,,,,T
2023,7/13/23,ADL,D,,15,GREEN436,Y,WFM,,,,,,,,,,,,,,,,,,,,T
2023,7/13/23,ADL,D,,14,GREEN450,Y,WFM,,,,,,,,,,,,,,,,,,,,T
2023,7/13/23,SGL33,A,,12,N/A,,PMS,,,,,,,,,,,,,,,,,,,,T
2023,7/13/23,SGL33,A,,17,N/A,,RBV,,,,,,,,,,,,,,,,,,,,T
2023,7/13/23,SGL33,A,,20,REDTAGNONUMBER,N,WFM,F,AD,50,17,33,1.5,,,,,,0,,,YES,NO,,,,T
2023,7/13/23,SGL33,A,,15,DARKBLUE441,N,WFM,M,AD,32,10,22,1.5,,,,,,0,,,YES,NO,,,,T
2023,7/13/23,SGL33,A,,13,DARKBLUE423,N,WFM,F,AD,47,29,18,1.5,,,,,,0,,,YES,NO,,,,T
2023,7/13/23,SGL33,A,,11,DARKBLUE307,Y,WFM,,,,,,,,,,,,,,,,,,,,T
2023,7/13/23,SGL33,A,,10,DARKBLUE327,Y,WFM,,,,,,,,,,,,,,,,,,,,T
2023,7/13/23,SGL33,A,,1,DARKBLUE355,Y,WFM,,,,,,,,,,,,,,,,,,,,T
2023,7/13/23,SGL33,A,,18,GREEN311,Y,WFM,,,,,,,,,,,,,,,,,,,,T
2023,7/13/23,SGL33,B,,4,N/A,,NST,,,,,,,,,,,,,,,,,,,,T
2023,7/13/23,SGL33,B,,8,N/A,,RBV,,,,,,,,,,,,,,,,,,,,T
2023,7/13/23,SGL33,B,,9,N/A,,RBV,,,,,,,,,,,,,,,,,,,,T
2023,7/13/23,SGL33,B,,1,DARKBLUE406,N,WFM,M,AD,45,21,24,1.8,,,,,,0,,,YES,NO,,,,T
2023,7/13/23,SGL33,B,,11,DARKBLUE402,N,WFM,M,AD,34,10,24,1.4,,,,,,0,,,YES,YES,,,,T
2023,7/13/23,SGL33,B,,2,DARKBLUE439,N,WFM,F,AD,44,26,18,1.4,,,,,,0,,,YES,YES,,,,T
2023,7/13/23,SGL33,B,,17,DARKBLUE409,N,WFM,M,AD,46,22,24,1.3,,,,,,0,,,YES,YES,,,,T
2023,7/13/23,SGL33,C,,16,DARKBLUE428,N,WFM,F,AD,52,32,20,1.6,,,,,,2,,,YES,YES,,,,C
2023,7/13/23,SGL33,C,,12,DARKBLUE358,Y,WFM,,,,,,,,,,,,,,,,,,,,C
2023,7/13/23,SGL33,C,,19,DARKBLUE389,Y,WFM,,,,,,,,,,,,,,,,,,,,C
2023,7/13/23,SGL33,D,,12,N/A,,MV,,,,,,,,,,,,,,,,,,,,T
2023,7/13/23,SGL33,D,,3,N/A,,RBV,,,,,,,,,,,,,,,,,,,,T
2023,7/13/23,SGL33,D,,14,DARKBLUE445,N,WFM,M,AD,50,25,25,1.5,,,,,,0,,,YES,YES,,,,T
2023,7/13/23,SGL33,D,,13,DARKBLUE413,N,WFM,F,AD,31,15,16,1.4,,,,,,0,,,YES,NO,,,,T
2023,7/13/23,SGL33,D,,19,DARKBLUE415,N,WFM,M,AD,36,18,18,1.2,,,,,,0,,,YES,YES,,,,T
2023,7/13/23,SGL33,D,,10,DARKBLUE359,Y,WFM,,,,,,,,,,,,,,,,,,,,T
2023,7/13/23,SGL33,D,,1,DARKBLUE399,Y,WFM,,,,,,,,,,,,,,,,,,,,T
2023,7/13/23,SGL33,D,,6,GREEN303,Y,WFM,,,,,,,,,,,,,,,,,,,,T
2023,7/13/23,SGL33,E,,19,N/A,,MV,,,,,,,,,,,,,,,,,,,,T
2023,7/13/23,SGL33,E,,4,N/A,,NST,,,,,,,,,,,,,,,,,,,,T
2023,7/13/23,SGL33,E,,6,N/A,,NST,,,,,,,,,,,,,,,,,,,,T
2023,7/13/23,SGL33,E,,10,N/A,,RBV,,,,,,,,,,,,,,,,,,,,T
2023,7/13/23,SGL33,E,,11,N/A,,RBV,,,,,,,,,,,,,,,,,,,,T
2023,7/13/23,SGL33,E,,15,N/A,,RBV,,,,,,,,,,,,,,,,,,,,T
2023,7/12/23,ADL,A,,14,DARKBLUE356,N,WFM,M,AD,63,35,28,1.5,,,,,,6,1,,YES,YES,,,,T
2023,7/12/23,ADL,A,,2,GREEN431,N,WFM,M,AD,28,11,17,1.5,,,,,,0,,,YES,YES,,,,T
2023,7/12/23,ADL,A,,7,DARKBLUE324,N,WFM,M,AD,50,25,25,1.3,,,,,,3,,,YES,YES,,,,T
2023,7/12/23,ADL,B,,11,DARKBLUE395,N,WFM,M,AD,51,30,21,1.7,,,,,,10,,,NO,YES,,,,T
2023,7/12/23,ADL,C,,15,N/A,,ECT,,,,,,,,,,,,,,,,,,,,C
2023,7/12/23,ADL,C,,6,DARKBLUE362,N,WFM,M,AD,39,19,20,1.4,,,,,,3,,,YES,NO,,,,C
2023,7/12/23,ADL,C,,19,DARKBLUE305,N,WFM,M,AD,39,10,29,1.3,,,,,,1,,,YES,YES,,,,C
2023,7/12/23,ADL,D,,20,GREEN346,Y,WFM,F,AD,35,10,25,1.5,,,,,,1,,,YES,NO,,,,T
2023,7/12/23,ADL,D,,15,GREEN450,N,WFM,F,AD,65,30,35,1.4,,,,,,0,,,YES,NO,,,,T
2023,7/12/23,ADL,D,,7,GREEN434,N,WFM,M,AD,38,15,23,1.4,,,,,,2,,,YES,NO,,,,T
2023,7/12/23,ADL,D,,16,GREEN436,N,WFM,M,AD,50,32,18,1.4,,,,,,0,,,YES,NO,,,,T
2023,7/12/23,ADL,D,,11,GREEN420,N,WFM,M,AD,34,16,18,1.4,,,,,,0,,,YES,NO,,,,T
2023,7/12/23,ADL,E,,18,GREEN438,Y,WFM,M,AD,37,10,27,1.5,,,,,,0,,,YES,NO,,,,T
2023,7/12/23,ADL,E,,15,GREEN429,N,WFM,F,AD,38,22,16,1.3,,,,,,0,,,YES,NO,,,,T
2023,7/12/23,SGL33,A,,6,N/A,,RBV,,,,,,,,,,,,,,,,,,,,T
2023,7/12/23,SGL33,A,,2,DARKBLUE355,N,WFM,F,AD,37,20,17,2,,,,,,0,,,NO,YES,,,,T
2023,7/12/23,SGL33,A,,19,GREEN305,Y,WFM,M,AD,37,18,19,1.6,,,,,,1,,,YES,NO,,,,T
2023,7/12/23,SGL33,A,,18,GREEN311,Y,WFM,F,AD,55,40,15,1.6,,,,,,0,,,YES,YES,,,,T
2023,7/12/23,SGL33,A,,11,DARKBLUE392,N,WFM,F,AD,27,15,12,1.6,,,,,,1,,,YES,NO,,,,T
2023,7/12/23,SGL33,A,,9,DARKBLUE327,N,WFM,M,AD,37,19,18,1.5,,,,,,3,,,YES,YES,,,,T
2023,7/12/23,SGL33,A,,7,DARKBLUE307,N,WFM,M,AD,25,10,15,1.5,,,,,,0,,,YES,YES,,,,T
2023,7/12/23,SGL33,A,,15,DARKBLUE366,N,WFM,F,AD,32,11,21,1.4,,,,,,3,,,YES,NO,,,,T
2023,7/12/23,SGL33,A,,5,DARKBLUE363,N,WFM,F,AD,28,10,18,1.4,,,,,,0,,,NO,NO,,,,T
2023,7/12/23,SGL33,B,,11,N/A,,PMS,,,,,,,,,,,,,,,,,,,,T
2023,7/12/23,SGL33,B,,7,N/A,,RBV,,,,,,,,,,,,,,,,,,,,T
2023,7/12/23,SGL33,B,,17,DARKBLUE342,N,WFM,M,AD,36,16,20,1.5,,,,,,1,,,YES,NO,,,,T
2023,7/12/23,SGL33,B,,16,DARKBLUE382,N,WFM,F,JUV,20,11,9,1.5,,,,,,0,,,YES,NO,,,,T
2023,7/12/23,SGL33,B,,18,GREEN338,Y,WFM,F,AD,32,10,22,1.4,,,,,,0,,,YES,NO,,,,T
2023,7/12/23,SGL33,C,,5,N/A,,RBV,,,,,,,,,,,,,,,,,,,,C
2023,7/12/23,SGL33,C,,10,DARKBLUE358,N,WFM,F,AD,40,13,27,1.6,,,,,,0,,,YES,NO,,,,C
2023,7/12/23,SGL33,C,,14,DARKBLUE361,N,WFM,M,AD,70,49,21,1.6,,,,,,3,,,YES,YES,,,,C
2023,7/12/23,SGL33,C,,19,DARKBLUE389,N,WFM,F,AD,43,16,27,1.5,,,,,,21,,,YES,YES,,,,C
2023,7/12/23,SGL33,C,,12,DARKBLUE353,N,WFM,M,AD,56,30,26,1.5,,,,,,1,,,YES,YES,,,,C
2023,7/12/23,SGL33,C,,4,DARKBLUE371,N,WFM,M,AD,50,30,20,1.5,,,,,,1,,,YES,YES,,,,C
2023,7/12/23,SGL33,C,,13,DARKBLUE407,N,WFM,F,AD,32,15,17,1.5,,,,,,4,,,YES,YES,,,,C
2023,7/12/23,SGL33,C,,3,DARKBLUE323,N,WFM,F,AD,31,10,21,1.4,,,,,,0,,,YES,NO,,,,C
2023,7/12/23,SGL33,C,,1,DARKBLUE388,N,WFM,F,AD,39,22,17,1.3,,,,,,0,,,YES,NO,,,,C
2023,7/12/23,SGL33,C,,7,DARKBLUE384,N,WFM,F,AD,36,19,17,1.3,,,,,,2,,,YES,NO,,,,C
2023,7/12/23,SGL33,D,,13,DARKBLUE390,N,WFM,M,AD,35,17,18,1.8,,,,,,0,,,YES,YES,,,,T
2023,7/12/23,SGL33,D,,18,DARKBLUE387,N,WFM,F,AD,35,16,19,1.7,,,,,,0,,,YES,NO,,,,T
2023,7/12/23,SGL33,D,,7,GREEN303,Y,WFM,F,AD,49,10,39,1.6,,,,,,0,,,YES,NO,,,,T
2023,7/12/23,SGL33,D,,9,DARKBLUE359,N,WFM,M,AD,39,14,25,1.6,,,,,,0,,,YES,NO,,,,T
2023,7/12/23,SGL33,D,,19,DARKBLUE319,N,WFM,M,AD,30,10,20,1.6,,,,,,5,,,YES,NO,,,,T
2023,7/12/23,SGL33,D,,10,DARKBLUE379,N,WFM,M,AD,37,21,16,1.6,,,,,,2,,,YES,NO,,,,T
2023,7/12/23,SGL33,D,,5,DARKBLUE352,N,WFM,F,AD,34,15,19,1.5,,,,,,1,,,YES,YES,,,,T
2023,7/12/23,SGL33,D,,8,DARKBLUE378,N,WFM,M,AD,27,10,17,1.3,,,,,,1,,,YES,YES,,,,T
2023,7/12/23,SGL33,D,,3,DARKBLUE399,N,WFM,M,AD,33,17,16,1.3,,,,,,0,,,YES,YES,,,,T
2023,7/12/23,SGL33,E,,3,N/A,,RBV,,,,,,,,,,,,,,,,,,,,T
2023,7/12/23,SGL33,E,,6,N/A,,RBV,,,,,,,,,,,,,,,,,,,,T
2023,7/12/23,SGL33,E,,10,N/A,,RBV,,,,,,,,,,,,,,,,,,,,T
2023,7/12/23,SGL33,E,,11,DARKBLUE401,N,WFM,F,AD,35,11,24,1.7,,,,,,0,,,YES,YES,,,,T
2023,7/8/23,SGL103 NORTH,C,,8,GREEN340,Y,WFM,,,,,,,,,,,,,,,,,,,,C
2023,7/8/23,SGL103 NORTH,D,,9,DARKBLUE368,N,WFM,F,AD,26,10,16,1.7,,,,,,0,,,YES,NO,,,,T
2023,7/8/23,SGL103 NORTH,D,,4,DARKBLUE372,N,WFM,M,AD,41,25,16,1.4,,,,,,1,,,YES,YES,,,,T
2023,7/8/23,SGL103 NORTH,D,,1,DARKBLUE341,Y,WFM,,,,,,,,,,,,,,,,,,,,T
2023,7/8/23,SGL103 NORTH,D,,2,DARKBLUE345,Y,WFM,,,,,,,,,,,,,,,,,,,,T
2023,7/8/23,SGL103 NORTH,D,,3,DARKBLUE349,Y,WFM,,,,,,,,,,,,,,,,,,,,T
2023,7/8/23,SGL103 NORTH,E,,8,DARKBLUE395,N,WFM,M,AD,29,10,19,1.6,,,,,,0,,,YES,NO,,,,T
2023,7/8/23,SGL103 NORTH,E,,6,DARKBLUE377,N,WFM,M,JUV,26,10,16,1.5,,,,,,6,,,YES,NO,,,,T
2023,7/8/23,SGL103 NORTH,E,,10,DARKBLUE308,N,WFM,F,JUV,47,36,11,1.5,,,,,,2,,,YES,YES,,,,T
2023,7/8/23,SGL103 NORTH,E,,1,DARKBLUE364,Y,WFM,,,,,,,,,,,,,,,,,,,,T
2023,7/8/23,SGL103 NORTH,E,,3,DARKBLUE364,Y,WFM,,,,,,,,,,,,,,,,,,,,T
2023,7/8/23,SGL103 SOUTH,A,,19,DARKBLUE354,N,WFM,M,AD,39,20,19,,,,,,,2,,,YES,NO,,,,T
2023,7/8/23,SGL103 SOUTH,A,,5,DARKBLUE351,N,WFM,F,AD,33,15,18,,,,,,,4,,,YES,YES,,,,T
2023,7/8/23,SGL103 SOUTH,A,,1,DARKBLUE316,N,WFM,M,AD,56,28,28,1.6,,,,,,0,,,YES,YES,,,,T
2023,7/8/23,SGL103 SOUTH,A,,8,DARKBLUE386,N,WFM,M,AD,33,17,16,1.4,,,,,,0,,,YES,YES,,,,T
2023,7/8/23,SGL103 SOUTH,A,,6,RED495,Y,WFM,,,,,,,,,,,,,,,,,,,,T
2023,7/8/23,SGL103 SOUTH,B,,14,DARKBLUE393,N,WFM,M,AD,30,13,17,1.2,,,,,,0,,,YES,YES,,,,T
2023,7/8/23,SGL103 SOUTH,B,,7,DARKBLUE330,Y,WFM,,,,,,,,,,,,,,,,,,,,T
2023,7/8/23,SGL103 SOUTH,B,,10,DARKBLUE340,Y,WFM,,,,,,,,,,,,,,,,,,,,T
2023,7/8/23,SGL103 SOUTH,B,,5,DARKBLUE391,Y,WFM,,,,,,,,,,,,,,,,,,,,T
2023,7/8/23,SGL103 SOUTH,C,,10,DARKBLUE400,N,WFM,M,AD,31,10,21,1.6,,,,,,3,1,,YES,NO,,,,C
2023,7/8/23,SGL103 SOUTH,C,,8,DARKBLUE317,N,WFM,F,AD,30,10,20,1.5,,,,,,3,1,,YES,NO,,,,C
2023,7/8/23,SGL103 SOUTH,C,,5,DARKBLUE306,Y,WFM,,,,,,,,,,,,,,,,,,,,C
2023,7/8/23,SGL103 SOUTH,C,,8,DARKBLUE338,Y,WFM,,,,,,,,,,,,,,,,,,,,C
2023,7/8/23,SGL103 SOUTH,D,,11,DARKBLUE385,N,WFM,F,AD,40,17,23,1.6,,,,,,5,,,YES,YES,,,,T
2023,7/8/23,SGL103 SOUTH,D,,20,DARKBLUE314,N,WFM,F,AD,49,20,29,1.5,,,,,,0,,,YES,NO,,,,T
2023,7/8/23,SGL103 SOUTH,D,,18,DARKBLUE303,N,WFM,F,AD,59,33,26,1.4,,,,,,0,,,YES,YES,,,,T
2023,7/8/23,SGL103 SOUTH,D,,19,DARKBLUE337,N,WFM,M,AD,55,32,23,1.4,,,,,,0,,,YES,NO,,,,T
2023,7/8/23,SGL103 SOUTH,D,,14,DARKBLUE360,N,WFM,F,AD,23,10,13,1.4,,,,,,0,,,YES,NO,,,,T
2023,7/8/23,SGL103 SOUTH,D,,17,DARKBLUE365,N,WFM,M,AD,44,23,21,1.3,,,,,,3,,,YES,YES,,,,T
2023,7/8/23,SGL103 SOUTH,D,,3,DARKBLUE320,N,WFM,M,AD,52,34.5,17.5,1.3,,,,,,0,,,YES,YES,,,,T
2023,7/8/23,SGL103 SOUTH,D,,12,DARKBLUE374,Y,WFM,,,,,,,,,,,,,,,,,,,,T
2023,7/7/23,SGL103 NORTH,A,,16,DARKBLUE309,N,WFM,M,AD,35,10,25,1.6,,,,,,4,1,,YES,NO,,,,T
2023,7/7/23,SGL103 NORTH,A,,1,DARKBLUE381,N,WFM,F,AD,53,26,27,1.5,,,,,,7,,,YES,YES,,,,T
2023,7/7/23,SGL103 NORTH,A,,3,DARKBLUE325,N,WFM,M,AD,49,34,15,1.5,,,,,,8,,,YES,YES,,,,T
2023,7/7/23,SGL103 NORTH,A,,4,DARKBLUE367,N,WFM,F,AD,40,17,23,1.4,,,,,,0,,,YES,YES,,,,T
2023,7/7/23,SGL103 NORTH,A,,18,DARKBLUE313,N,WFM,M,AD,46,26,20,1.2,,,,,,2,,,YES,YES,,,,T
2023,7/7/23,SGL103 NORTH,B,,17,DARKBLUE304,N,WFM,F,AD,48,32,16,,,,,,,0,,,YES,YES,,,,T
2023,7/7/23,SGL103 NORTH,B,,7,GREEN349,Y,WFM,F,AD,41,18,23,1.8,,,,,,0,,,NO,YES,,,,T
2023,7/7/23,SGL103 NORTH,B,,13,DARKBLUE370,N,WFM,M,JUV,31,16,15,1.2,,,,,,1,,,YES,NO,,,,T
2023,7/7/23,SGL103 NORTH,C,,10,GREEN340,Y,WFM,F,AD,42,18,24,1.6,,,,,,10,,,YES,YES,,,,C
2023,7/7/23,SGL103 NORTH,C,,6,TEAL135,N,WFM,F,AD,48,19,29,1.5,,,,,,9,,,NO,YES,,,,C
2023,7/7/23,SGL103 NORTH,C,,11,DARKBLUE315,N,WFM,M,JUV,25,9,16,1.3,,,,,,6,,,YES,YES,,,,C
2023,7/7/23,SGL103 NORTH,C,,5,DARKBLUE348,N,WFM,M,AD,37,10,27,1.2,,,,,,12,,,YES,YES,,,,C
2023,7/7/23,SGL103 NORTH,D,,17,N/A,,JM,,,,,,,,,,,,,,,,,,,,T
2023,7/7/23,SGL103 NORTH,D,,9,DARKBLUE331,N,WFM,F,AD,25,10,15,,,,,,,1,1,,YES,NO,,,,T
2023,7/7/23,SGL103 NORTH,D,,1,DARKBLUE345,N,WFM,M,AD,51,36,15,1.7,,,,,,5,,,YES,YES,,,,T
2023,7/7/23,SGL103 NORTH,D,,2,DARKBLUE341,N,WFM,F,AD,25,10,15,1.7,,,,,,5,,,YES,NO,,,,T
2023,7/7/23,SGL103 NORTH,E,,10,DARKBLUE326,N,WFM,M,AD,45,17,28,1.6,,,,,,2,,,YES,YES,,,,T
2023,7/7/23,SGL103 NORTH,E,,2,DARKBLUE364,N,WFM,M,AD,30,10.5,19.5,1.4,,,,,,0,,,YES,YES,,,,T
2023,7/7/23,SGL103 NORTH,E,,6,DARKBLUE312,Y,WFM,,,,,,,,,,,,,,,,,,,,T
2023,7/7/23,SGL103 SOUTH,A,,5,RED495,Y,WFM,F,AD,36,10,26,1.9,,,,,,1,,,YES,YES,,,,T
2023,7/7/23,SGL103 SOUTH,A,,6,DARKBLUE376,N,WFM,F,AD,41.5,20,21.5,1.5,,,,,,0,,,YES,YES,,,,T
2023,7/7/23,SGL103 SOUTH,A,,3,DARKBLUE333,N,WFM,M,AD,27,10,17,1.5,,,,,,2,,,YES,NO,,,,T
2023,7/7/23,SGL103 SOUTH,A,,8,DARKBLUE350,N,WFM,F,AD,34,16,18,1.4,,,,,,0,,,YES,YES,,,,T
2023,7/7/23,SGL103 SOUTH,A,,13,DARKBLUE328,Y,WFM,,,,,,,,,,,,,,,,,,,,T
2023,7/7/23,SGL103 SOUTH,A,,18,DARKBLUE339,Y,WFM,,,,,,,,,,,,,,,,,,,,T
2023,7/7/23,SGL103 SOUTH,A,,12,DARKBLUE347,Y,WFM,,,,,,,,,,,,,,,,,,,,T
2023,7/7/23,SGL103 SOUTH,B,,10,N/A,,NST,,,,,,,,,,,,,,,,,,,,T
2023,7/7/23,SGL103 SOUTH,B,,11,DARKBLUE332,N,WFM,M,AD,56,35,21,1.8,,,,,,0,,,YES,YES,,,,T
2023,7/7/23,SGL103 SOUTH,B,,5,DARKBLUE391,N,WFM,M,AD,44,26,18,1.2,,,,,,1,,,YES,YES,,,,T
2023,7/7/23,SGL103 SOUTH,B,,17,DARKBLUE334,Y,WFM,,,,,,,,,,,,,,,,,,,,T
2023,7/7/23,SGL103 SOUTH,C,,1,DARKBLUE343,N,WFM,F,AD,47,31,16,,,,,,,2,,,YES,YES,,,,C
2023,7/7/23,SGL103 SOUTH,C,,8,DARKBLUE346,N,WFM,F,AD,48,32,16,1.6,,,,,,7,,,YES,YES,,,,C
2023,7/7/23,SGL103 SOUTH,C,,6,DARKBLUE321,N,WFM,F,AD,32,10,22,1.4,,,,,,0,,,YES,NO,,,,C
2023,7/7/23,SGL103 SOUTH,C,,3,DARKBLUE357,N,WFM,F,AD,35,16,19,1.3,,,,,,8,,,YES,YES,,,,C
2023,7/7/23,SGL103 SOUTH,C,,5,DARKBLUE306,Y,WFM,,,,,,,,,,,,,,,,,,,,C
2023,7/7/23,SGL103 SOUTH,D,,3,DARKBLUE311,N,WFM,F,AD,34,18,16,1.6,,,,,,0,,,YES,YES,,,,T
2023,7/7/23,SGL103 SOUTH,D,,18,DARKBLUE383,N,WFM,F,AD,49,30,19,1.5,,,,,,0,,,YES,YES,,,,T
2023,7/7/23,SGL103 SOUTH,D,,15,DARKBLUE374,N,WFM,M,AD,36,17,19,1.5,,,,,,0,,,YES,NO,,,,T
2023,7/7/23,SGL103 SOUTH,D,,1,GREEN326,Y,WFM,F,AD,32,12,20,1.3,,,,,,0,,,YES,YES,,,,T
2023,7/7/23,SGL103 SOUTH,E,,9,DARKBLUE336,N,WFM,F,AD,32,10,22,1.6,,,,,,0,,,YES,NO,,,,T
2023,7/7/23,SGL103 SOUTH,E,,18,DARKBLUE375,N,WFM,M,AD,33,9.5,23.5,1.5,,,,,,1,,,YES,YES,,,,T
2023,7/7/23,SGL103 SOUTH,E,,17,DARKBLUE318,N,WFM,M,AD,40,17,23,1.5,,,,,,1,,,YES,NO,,,,T
2023,7/7/23,SGL103 SOUTH,E,,20,DARKBLUE335,N,WFM,F,AD,30,10,20,1.5,,,,,,0,,,YES,YES,,,,T
2023,7/7/23,SGL103 SOUTH,E,,19,DARKBLUE380,N,WFM,M,AD,28,9.5,18.5,1.5,,,,,,2,,,YES,NO,,,,T
2023,7/7/23,SGL103 SOUTH,E,,3,DARKBLUE397,N,WFM,M,AD,47.5,19.5,28,1.4,,,,,,0,,,YES,YES,,,,T
2023,7/7/23,SGL103 SOUTH,E,,7,DARKBLUE329,N,WFM,M,AD,36,11,25,1.4,,,,,,0,,,YES,YES,,,,T
2023,7/6/23,SGL103 NORTH,B,,9,GREEN349,Y,WFM,F,AD,37,10,27,1.5,,,,,,0,,,YES,NO,,,,T
2023,7/6/23,SGL103 NORTH,D,,9,DARKBLUE302,N,WFM,M,AD,32,8,24,1.5,,,,,,1,1,,YES,YES,,,,T
2023,7/6/23,SGL103 NORTH,D,,1,DARKBLUE349,N,WFM,M,AD,35,10,25,1.3,,,,,,2,1,,YES,NO,,,,T
2023,7/6/23,SGL103 NORTH,E,,3,DARKBLUE312,N,WFM,F,AD,41,18,23,1.7,,,,,,0,,,YES,YES,,,,T
2023,7/6/23,SGL103 NORTH,E,,6,DARKBLUE322,N,WFM,M,AD,35,18,17,1,,,,,,1,,,YES,NO,,,,T
2023,7/6/23,SGL103 SOUTH,A,,18,DARKBLUE339,N,WFM,M,AD,38,8,30,1.9,,,,,,0,,,YES,YES,,,,T
2023,7/6/23,SGL103 SOUTH,A,,16,DARKBLUE398,N,WFM,F,AD,50,23,27,1.5,,,,,,1,,,YES,NO,,,,T
2023,7/6/23,SGL103 SOUTH,A,,12,DARKBLUE328,N,WFM,F,AD,26,12,14,1.5,,,,,,0,,,YES,NO,,,,T
2023,7/6/23,SGL103 SOUTH,A,,11,DARKBLUE347,N,WFM,M,AD,39,11,28,1.3,,,,,,0,,,YES,YES,,,,T
2023,7/6/23,SGL103 SOUTH,B,,19,DARKBLUE344,N,WFM,F,AD,56,26,30,1.5,,,,,,2,,,YES,NO,,,,T
2023,7/6/23,SGL103 SOUTH,B,,15,DARKBLUE334,N,WFM,M,AD,35,10,25,1.4,,,,,,0,,,YES,YES,,,,T
2023,7/6/23,SGL103 SOUTH,B,,9,DARKBLUE340,N,WFM,F,AD,27,10,17,1.4,,,,,,0,,,YES,NO,,,,T
2023,7/6/23,SGL103 SOUTH,B,,6,DARKBLUE330,N,WFM,F,AD,42,19,23,1.3,,,,,,0,,,YES,YES,,,,T
2023,7/6/23,SGL103 SOUTH,C,,8,DARKBLUE338,N,WFM,M,AD,40,8,32,1.5,,,,,,9,,,YES,NO,,,,C
2023,7/6/23,SGL103 SOUTH,C,,5,DARKBLUE306,N,WFM,M,AD,45,17,28,1.5,,,,,,9,,,YES,YES,,,,C
2023,7/6/23,SGL103 SOUTH,C,,1,DARKBLUE310,N,WFM,M,AD,45,17,28,1.3,,,,,,1,,,YES,YES,,,,C
2023,6/9/23,ADL,A,,9,GREEN335,N,WFM,M,AD,34,10,24,1.5,,,,,,5,,,YES,YES,,,,T
2023,6/9/23,ADL,C,,19,GREEN379,Y,WFM,,,,,,,,,,,,,,,,,,,,C
2023,6/9/23,ADL,D,,17,GREEN346,Y,WFM,,,,,,,,,,,,,,,,,,,,T
2023,6/9/23,ADL,E,,2,GREEN309,N,WFM,M,AD,42,21,21,1.7,,,,,,3,,,YES,YES,,,,T
2023,6/9/23,ADL,E,,11,GREEN323,N,WFM,M,AD,35,13,22,1.2,,,,,,6,,,YES,YES,,,,T
2023,6/9/23,SGL33,A,,16,N/A,,RBV,,,,,,,,,,,,,,,,,,,,T
2023,6/9/23,SGL33,A,,17,GREEN311,N,WFM,F,AD,26,10,16,1.4,,,,,,2,,,YES,YES,,,,T
2023,6/9/23,SGL33,A,,7,GREEN336,Y,WFM,F,JUV,38,21,17,1.3,,,,,,7,,,NO,NO,,,,T
2023,6/9/23,SGL33,B,,1,N/A,,RBV,,,,,,,,,,,,,,,,,,,,T
2023,6/9/23,SGL33,B,,14,N/A,,RBV,,,,,,,,,,,,,,,,,,,,T
2023,6/9/23,SGL33,B,,20,GREEN338,N,WFM,F,AD,58,30,28,1.5,,,,,,1,,,YES,NO,,,,T
2023,6/9/23,SGL33,B,,3,GREEN376,N,WFM,M,AD,42,28,14,1.4,,,,,,2,,,YES,YES,,,,T
2023,6/9/23,SGL33,C,,10,N/A,,RBV,,,,,,,,,,,,,,,,,,,,C
2023,6/9/23,SGL33,C,,14,N/A,,RBV,,,,,,,,,,,,,,,,,,,,C
2023,6/9/23,SGL33,C,,16,GREEN306,Y,WFM,,,,,,,,,,,,,,,,,,,,C
2023,6/9/23,SGL33,C,,6,GREEN330,Y,WFM,,,,,,,,,,,,,,,,,,,,C
2023,6/9/23,SGL33,C,,12,GREEN334,Y,WFM,,,,,,,,,,,,,,,,,,,,C
2023,6/9/23,SGL33,D,,16,N/A,,ECT,,,,,,,,,,,,,,,,,,,,T
2023,6/9/23,SGL33,D,,2,N/A,,MV,,,,,,,,,,,,,,,,,,,,T
2023,6/9/23,SGL33,D,,5,N/A,,PMS,,,,,,,,,,,,,,,,,,,,T
2023,6/9/23,SGL33,D,,9,GREEN303,Y,WFM,,,,,,,,,,,,,,,,,,,,T
2023,6/9/23,SGL33,D,,13,GREEN304,Y,WFM,,,,,,,,,,,,,,,,,,,,T
2023,6/9/23,SGL33,D,,11,GREEN317,Y,WFM,,,,,,,,,,,,,,,,,,,,T
2023,6/8/23,ADL,C,,2,GREEN352,N,WFM,M,AD,49,29,20,1.3,,,,,,1,,,NO,NO,,,,C
2023,6/8/23,ADL,C,,17,GREEN379,N,WFM,M,JUV,33,17,16,1.1,,,,,,2,,,NO,NO,,,,C
2023,6/8/23,ADL,C,,5,GREEN350,Y,WFM,,,,,,,,,,,,,,,,,,,,C
2023,6/8/23,ADL,D,,17,GREEN346,Y,WFM,,,,,,,,,,,,,,,,,,,,T
2023,6/8/23,ADL,E,,4,GREEN360,N,WFM,F,AD,39,18,21,1.8,,,,,,4,,,NO,NO,,,,T
2023,6/8/23,ADL,E,,11,GREEN357,N,WFM,F,JUV,24,10,14,0.9,,,,,,1,,,NO,NO,,,,T
2023,6/8/23,SGL33,A,,14,GREEN82,Y,WFM,M,AD,46,17,29,1.6,,,,,,8,,,NO,YES,,,,T
2023,6/8/23,SGL33,A,,4,GREEN308,Y,WFM,,,,,,,,,,,,,,,,,,,,T
2023,6/8/23,SGL33,A,,6,GREEN314,Y,WFM,,,,,,,,,,,,,,,,,,,,T
2023,6/8/23,SGL33,A,,15,GREEN344,Y,WFM,,,,,,,,,,,,,,,,,,,,T
2023,6/8/23,SGL33,B,,2,N/A,,RBV,,,,,,,,,,,,,,,,,,,,T
2023,6/8/23,SGL33,B,,14,GREEN327,N,WFM,F,AD,51,33,18,1.2,,,,,,7,,,YES,YES,,,,T
2023,6/8/23,SGL33,B,,20,GREEN426,N,WFM,M,JUV,25,18,7,1,,,,,,5,,,YES,NO,,,,T
2023,6/8/23,SGL33,B,,1,GREEN332,Y,WFM,,,,,,,,,,,,,,,,,,,,T
2023,6/8/23,SGL33,C,,6,N/A,,RBV,,,,,,,,,,,,,,,,,,,,C
2023,6/8/23,SGL33,C,,14,N/A,,RBV,,,,,,,,,,,,,,,,,,,,C
2023,6/8/23,SGL33,C,,11,GREEN334,N,WFM,M,JUV,34,17,17,1.3,,,,,,6,,,YES,NO,,,,C
2023,6/8/23,SGL33,C,,8,GREEN316,Y,WFM,,,,,,,,,,,,,,,,,,,,C
2023,6/8/23,SGL33,C,,7,GREEN322,Y,WFM,,,,,,,,,,,,,,,,,,,,C
2023,6/8/23,SGL33,C,,17,GREEN339,Y,WFM,,,,,,,,,,,,,,,,,,,,C
2023,6/8/23,SGL33,D,,6,GREEN303,Y,WFM,,,,,,,,,,,,,,,,,,,,T
2023,6/8/23,SGL33,D,,16,GREEN304,Y,WFM,,,,,,,,,,,,,,,,,,,,T
2023,6/8/23,SGL33,E,,5,GREEN409,N,WFM,F,AD,54,36,18,1.4,,,,,,5,,,YES,YES,,,,T
2023,6/7/23,ADL,A,,9,GREEN328,N,WFM,F,AD,26,10,16,1.4,,,,,,7,1,,YES,NO,,,,T
2023,6/7/23,ADL,C,,2,GREEN350,N,WFM,F,AD,42,17,25,1.7,,,,,,0,,,YES,NO,,,,C
2023,6/7/23,ADL,D,,17,GREEN346,N,WFM,F,AD,46,20,26,1.4,,,,,,5,,,YES,YES,,,,T
2023,6/7/23,SGL33,A,,16,GREEN344,N,WFM,M,AD,39,13,26,1.5,,,,,,2,,,YES,YES,,,,T
2023,6/7/23,SGL33,A,,3,GREEN308,N,WFM,F,AD,31,10,21,1.2,,,,,,4,,,YES,YES,,,,T
2023,6/7/23,SGL33,A,,18,GREEN305,N,WFM,M,JUV,40,22,18,1.2,,,,,,2,,,YES,NO,,,,T
2023,6/7/23,SGL33,A,,7,GREEN314,N,WFM,F,JUV,31,14,17,1.2,,,,,,8,,,YES,NO,,,,T
2023,6/7/23,SGL33,B,,2,N/A,,NST,,,,,,,,,,,,,,,,,,,,T
2023,6/7/23,SGL33,B,,17,N/A,,RBV,,,,,,,,,,,,,,,,,,,,T
2023,6/7/23,SGL33,B,,1,GREEN332,N,WFM,F,AD,46,39,7,1.7,,,,,,2,,,YES,YES,,,,T
2023,6/7/23,SGL33,C,,10,GREEN316,N,WFM,F,AD,66,39,27,1.5,,,,,,1,,,YES,YES,,,,C
2023,6/7/23,SGL33,C,,8,GREEN322,N,WFM,M,JUV,45,30,15,1.4,,,,,,2,,,YES,NO,,,,C
2023,6/7/23,SGL33,C,,19,GREEN339,N,WFM,F,JUV,46,33,13,1.4,,,,,,7,,,YES,NO,,,,C
2023,6/7/23,SGL33,C,,14,GREEN306,N,WFM,M,AD,29,10,19,1.3,,,,,,12,,,YES,NO,,,,C
2023,6/7/23,SGL33,C,,6,GREEN330,N,WFM,F,JUV,37,21,16,1,,,,,,2,,,YES,NO,,,,C
2023,6/7/23,SGL33,D,,8,N/A,,MV,,,,,,,,,,,,,,,,,,,,T
2023,6/7/23,SGL33,D,,4,N/A,,PMS,,,,,,,,,,,,,,,,,,,,T
2023,6/7/23,SGL33,D,,11,GREEN317,Y,WFM,F,AD,45,15,30,1.5,,,,,,5,,,YES,YES,,,,T
2023,6/7/23,SGL33,D,,17,GREEN304,N,WFM,M,AD,40,18,22,1.5,,,,,,3,,,YES,YES,,,,T
2023,6/7/23,SGL33,D,,7,GREEN303,N,WFM,F,AD,38,10,28,1.4,,,,,,12,,,YES,NO,,,,T
2023,6/2/23,SGL103 NORTH,B,,6,GREEN331,Y,WFM,,,,,,,,,,,,,,,,,,,,T
2023,6/2/23,SGL103 NORTH,B,,10,GREEN349,Y,WFM,,,,,,,,,,,,,,,,,,,,T
2023,6/2/23,SGL103 NORTH,C,,9,GREEN340,N,WFM,F,AD,49,25,24,1.5,,,,,,46,,,YES,NO,,,,C
2023,6/2/23,SGL103 NORTH,C,,12,GREEN325,N,WFM,M,JUV,,,,1.5,,,,,,9,,,YES,NO,,,,C
2023,6/2/23,SGL103 NORTH,C,,2,GREEN345,Y,WFM,,,,,,,,,,,,,,,,,,,,C
2023,6/2/23,SGL103 SOUTH,A,,6,GREEN313,N,WFM,M,AD,40,19,21,1.8,,,,,,4,,,YES,YES,,,,T
2023,6/2/23,SGL103 SOUTH,D,,17,GREEN310,N,WFM,F,AD,47,17,30,1.6,,,,,,9,,,YES,NO,,,,T
2023,6/2/23,SGL103 SOUTH,D,,12,GREEN302,N,WFM,M,JUV,31,17,14,1.5,,,,,,1,,,YES,YES,,,,T
2023,6/2/23,SGL103 SOUTH,E,,16,GREEN342,Y,WFM,M,AD,39,16,23,1.5,,,,,,2,,,YES,YES,,,,T
2023,6/2/23,SGL103 SOUTH,E,,9,GREEN320,N,WFM,M,AD,37,19,18,1.5,,,,,,9,,,YES,YES,,,,T
2023,6/2/23,SGL103 SOUTH,E,,3,GREEN324,N,WFM,M,JUV,36,21,15,1.4,,,,,,2,,,YES,NO,,,,T
2023,6/2/23,SGL103 SOUTH,E,,19,GREEN347,Y,WFM,,,,,,,,,,,,,,,,,,,,T
2023,6/1/23,SGL103 NORTH,B,,4,GREEN349,Y,WFM,,,,,,,,,,,,,,,,,,,,T
2023,6/1/23,SGL103 NORTH,C,,7,TEAL135,Y,WFM,F,AD,38,10,28,1.4,,,,,,5,,,YES,NO,,,,C
2023,6/1/23,SGL103 NORTH,E,,2,GREEN348,N,WFM,M,JUV,28,14,14,,,,,,,8,,,YES,NO,,,,T
2023,6/1/23,SGL103 SOUTH,D,,13,GREEN319,N,WFM,M,AD,50,23,27,1.5,,,,,,2,,,YES,NO,,,,T
2023,6/1/23,SGL103 SOUTH,D,,1,GREEN326,N,WFM,F,JUV,20,10,10,1.3,,,,,,4,,,YES,NO,,,,T
2023,6/1/23,SGL103 SOUTH,E,,16,N/A,N,WFM,F,AD,,,25,1.7,,,,,,0,,,YES,NO,,,,T
2023,6/1/23,SGL103 SOUTH,E,,18,GREEN329,N,WFM,F,AD,31,11,20,1.5,,,,,,2,,,YES,YES,,,,T
2023,6/1/23,SGL103 SOUTH,E,,9,GREEN341,N,WFM,M,JUV,23,11,12,1.5,,,,,,3,1,,YES,NO,,,,T
2023,6/1/23,SGL103 SOUTH,E,,14,N/A,N,WFM,,,31,,,,,,,,,N/A,,,NO,NO,,,,T
2023,5/31/23,SGL103 NORTH,B,,7,GREEN331,N,WFM,M,AD,44,21,23,1.6,,,,,,1,,,YES,YES,,,,T
2023,5/31/23,SGL103 NORTH,B,,10,GREEN349,N,WFM,F,AD,38,10,28,1.5,,,,,,8,,,YES,YES,,,,T
2023,5/31/23,SGL103 NORTH,C,,4,GREEN345,N,WFM,M,AD,41,17,24,1.8,,,,,,6,,,YES,YES,,,,C
2023,5/31/23,SGL103 NORTH,D,,8,N/A,,RBV,,,,,,,,,,,,,,,,,,,,T
2023,5/31/23,SGL103 NORTH,E,,6,RED428,Y,WFM,F,AD,49,19.5,29.5,1.6,,,,,,1,,,NO,YES,,,,T
2023,5/31/23,SGL103 NORTH,E,,13,GREEN321,N,WFM,M,AD,45,17,28,1.6,,,,,,0,,,YES,YES,,,,T
2023,5/31/23,SGL103 SOUTH,A,,7,RED495,N,WFM,F,AD,43,19,24,1.5,,,,,,11,,,YES,YES,,,,T
2023,5/31/23,SGL103 SOUTH,A,,16,N/A,N,WFM,N/A,,,,,,,,,,,N/A,,,NO,NO,,,,T
2023,5/31/23,SGL103 SOUTH,A,,20,N/A,N,WFM,N/A,,,,,,,,,,,N/A,,,NO,NO,,,,T
2023,5/31/23,SGL103 SOUTH,B,,1,GREEN337,N,WFM,M,JUV,22,9,13,1.3,,,,,,3,,,YES,YES,,,,T
2023,5/31/23,SGL103 SOUTH,E,,15,GREEN318,N,WFM,F,AD,33,10,23,1.5,,,,,,1,,,YES,NO,,,,T
2023,5/31/23,SGL103 SOUTH,E,,20,GREEN347,N,WFM,F,AD,44,12,32,1.4,,,,,,0,,,YES,YES,,,,T
2022,10/27/22,SGL33,FALL TREATMENT,,28,N/A,,MV,,,,,,,,,,,,,,,,,,,,T
2022,10/27/22,SGL33,FALL TREATMENT,,8,N/A,,NST,,,,,,,,,,,,,,,,,,,,T
2022,10/27/22,SGL33,SPRING CONTROL,,15,N/A,,NST,,,,,,,,,,,,,,,,,,,,C
2022,10/27/22,SGL33,SPRING CONTROL,,8,GREY60,N,WFM,F,AD,39,17,22,1.8,,,,,,0,,,Y,Y,,,,C
2022,10/27/22,SGL33,SPRING CONTROL,,23,GREY92,N,WFM,M,AD,32,12,20,1.4,,,,,,1,,,Y,N,,,,C
2022,10/27/22,SGL33,SPRING CONTROL,,26,GREY66,N,WFM,F,AD,40,24,16,1.3,,,,,,0,,,Y,N,,,,C
2022,10/27/22,SGL33,SPRING CONTROL,,2,GREEN90,,WFM,,,,,,,,,,,,,,,,,,,,C
2022,10/27/22,SGL33,SPRING CONTROL,,12,GREY79,,WFM,,,,,,,,,,,,,,,,,,,,C
2022,10/27/22,SGL33,SPRING TREATMENT,,1,N/A,,NST,,,,,,,,,,,,,,,,,,,,T
2022,10/27/22,SGL33,SPRING TREATMENT,,1,RED493,Y,WFM,F,AD,36,16,20,1.3,,,,,,0,,,Y,N,,,,T
2022,10/27/22,SGL33,SPRING TREATMENT,,17,GREY47,,WFM,,,,,,,,,,,,,,,,,,,,T
2022,10/27/22,SGL33,SPRING TREATMENT,,18,BLACK193,,WFM,,,,,,,,,,,,,,,,,,,,T
2022,10/27/22,SGL33,SPRING TREATMENT,,25,GREY50,,WFM,,,,,,,,,,,,,,,,,,,,T
2022,10/27/22,SGL33,SUMMER CONTROL,,16,N/A,,NST,,,,,,,,,,,,,,,,,,,,C
2022,10/27/22,SGL33,SUMMER TREATMENT,,2,GREY68,N,WFM,F,AD,54,34,20,1.5,,,,,,0,,,Y,N,,,,T
2022,10/27/22,SGL33,SUMMER TREATMENT,,21,GREY78,N,WFM,M,AD,44,26,18,1.4,,,,,,0,,,Y,Y,,,,T
2022,10/27/22,SGL33,SUMMER TREATMENT,,23,GREY82,N,WFM,M,AD,44,34,10,1.4,,,,,,0,,,Y,Y,,,,T
2022,10/27/22,SGL33,SUMMER TREATMENT,,22,RED175,Y,WFM,F,AD,42,20,22,1.1,,,,,,0,,,Y,N,,,,T
2022,10/25/22,SGL33,FALL CONTROL,,13,N/A,,NST,,,,,,,,,,,,,,,,,,,,C
2022,10/25/22,SGL33,FALL CONTROL,,22,N/A,,NST,,,,,,,,,,,,,,,,,,,,C
2022,10/25/22,SGL33,FALL CONTROL,,10,GREY65,N,WFM,F,AD,36,14,22,1.1,,,,,,1,,,Y,Y,,,,C
2022,10/25/22,SGL33,FALL TREATMENT,,24,N/A,,NST,,,,,,,,,,,,,,,,,,,,T
2022,10/25/22,SGL33,FALL TREATMENT,,13,N/A,,NST,,,,,,,,,,,,,,,,,,,,T
2022,10/25/22,SGL33,FALL TREATMENT,,18,N/A,,NST,,,,,,,,,,,,,,,,,,,,T
2022,10/25/22,SGL33,FALL TREATMENT,,19,GREY86,N,WFM,F,AD,40,12,28,1.3,,,,,,0,,,Y,Y,,,,T
2022,10/25/22,SGL33,FALL TREATMENT,,25,GREY67,N,WFM,M,JUV,29,10,19,1.2,,,,,,0,,,Y,Y,,,,T
2022,10/25/22,SGL33,SPRING CONTROL,,23,N/A,,NST,,,,,,,,,,,,,,,,,,,,C
2022,10/25/22,SGL33,SPRING CONTROL,,4,GREY22,,WFM,,,,,,,,,,,,,,,,,,,,C
2022,10/25/22,SGL33,SPRING CONTROL,,18,GREY37,,WFM,,,,,,,,,,,,,,,,,,,,C
2022,10/25/22,SGL33,SPRING TREATMENT,,18,N/A,,NST,,,,,,,,,,,,,,,,,,,,T
2022,10/25/22,SGL33,SPRING TREATMENT,,21,RED354,Y,WFM,M,AD,32,10,22,1.6,,,,,,0,,,Y,Y,,,,T
2022,10/25/22,SGL33,SPRING TREATMENT,,8,GREY79,N,WFM,M,AD,38,16,22,1.5,,,,,,0,,,Y,Y,,,,T
2022,10/25/22,SGL33,SUMMER CONTROL,,20,N/A,,NST,,,,,,,,,,,,,,,,,,,,C
2022,10/25/22,SGL33,SUMMER CONTROL,,27,GREY81,N,WFM,F,JUV,22,13,9,1.4,,,,,,1,,,Y,N,,,,C
2022,10/25/22,SGL33,SUMMER TREATMENT,,29,N/A,,MV,,,,,,,,,,,,,,,,,,,,T
2022,10/25/22,SGL33,SUMMER TREATMENT,,11,GREY63,N,WFM,M,AD,57,38,19,1.5,,,,,,0,,,Y,Y,,,,T
2022,10/25/22,SGL33,SUMMER TREATMENT,,18,GREY99,N,WFM,M,AD,62,34,28,1.4,,,,,,0,,,Y,N,,,,T
2022,10/25/22,SGL33,SUMMER TREATMENT,,12,GREY91,N,WFM,F,AD,38,13,25,1.2,,,,,,0,,,Y,Y,,,,T
2022,10/25/22,SGL33,SUMMER TREATMENT,,5,RED471,,WFM,,,,,,,,,,,,,,,,,,,,T
2022,10/18/22,SGL33,FALL CONTROL,,6,N/A,,NST,,,,,,,,,,,,,,,,,,,,C
2022,10/18/22,SGL33,FALL CONTROL,,17,N/A,,NST,,,,,,,,,,,,,,,,,,,,C
2022,10/18/22,SGL33,FALL TREATMENT,,21,N/A,,NST,,,,,,,,,,,,,,,,,,,,T
2022,10/18/22,SGL33,FALL TREATMENT,,27,N/A,,NST,,,,,,,,,,,,,,,,,,,,T
2022,10/18/22,SGL33,FALL TREATMENT,,30,GREEN67,Y,WFM,F,AD,31,9,22,1.6,,,,,,0,,,Y,N,,,,T
2022,10/18/22,SGL33,FALL TREATMENT,,11,GREEN63,Y,WFM,F,AD,75,49,26,1.4,,,,,,0,,,Y,N,,,,T
2022,10/18/22,SGL33,FALL TREATMENT,,22,GREY14,N,WFM,F,AD,49,25,24,1.4,,,,,,0,,,Y,N,,,,T
2022,10/18/22,SGL33,FALL TREATMENT,,23,GREY42,N,WFM,F,AD,61,36,25,1.3,,,,,,0,,,Y,N,,,,T
2022,10/18/22,SGL33,FALL TREATMENT,,25,GREY40,N,WFM,M,AD,56,41,15,1.2,,,,,,0,,,Y,N,,,,T
2022,10/18/22,SGL33,FALL TREATMENT,,15,RED422,,WFM,,,,,,,,,,,,,,,,,,,,T
2022,10/18/22,SGL33,SPRING CONTROL,,18,N/A,,NST,,,,,,,,,,,,,,,,,,,,C
2022,10/18/22,SGL33,SPRING CONTROL,,20,N/A,,RBV,,,,,,,,,,,,,,,,,,,,C
2022,10/18/22,SGL33,SPRING CONTROL,,25,RED19,Y,WFM,F,AD,35,9,26,1.6,,,,,,0,,,Y,N,,,,C
2022,10/18/22,SGL33,SPRING CONTROL,,2,GREEN90,Y,WFM,F,AD,31,9,22,1.6,,,,,,0,,,Y,Y,,,,C
2022,10/18/22,SGL33,SPRING CONTROL,,26,GREY22,N,WFM,M,JUV,29,18,11,1.5,,,,,,0,,,Y,N,,,,C
2022,10/18/22,SGL33,SPRING CONTROL,,8,GREY37,N,WFM,M,JUV,29,15,14,1.4,,,,,,0,,,Y,N,,,,C
2022,10/18/22,SGL33,SPRING CONTROL,,28,GREEN84,Y,WFM,F,AD,45,24,21,1.1,,,,,,0,,,Y,N,,,,C
2022,10/18/22,SGL33,SPRING TREATMENT,,6,N/A,,NST,,,,,,,,,,,,,,,,,,,,T
2022,10/18/22,SGL33,SPRING TREATMENT,,21,N/A,,NST,,,,,,,,,,,,,,,,,,,,T
2022,10/18/22,SGL33,SPRING TREATMENT,,15,N/A,,RBV,,,,,,,,,,,,,,,,,,,,T
2022,10/18/22,SGL33,SPRING TREATMENT,,20,N/A,,RBV,,,,,,,,,,,,,,,,,,,,T
2022,10/18/22,SGL33,SPRING TREATMENT,,13,GREEN100,Y,WFM,F,AD,49,31,18,1.5,,,,,,0,,,Y,N,,,,T
2022,10/18/22,SGL33,SPRING TREATMENT,,5,GREY15,N,WFM,M,AD,33,15,18,1.5,,,,,,1,,,Y,N,,,,T
2022,10/18/22,SGL33,SPRING TREATMENT,,3,GREY27,N,WFM,M,AD,46,35,11,1.5,,,,,,0,,,Y,N,,,,T
2022,10/18/22,SGL33,SPRING TREATMENT,,16,GREY16,N,WFM,M,JUV,37,26,11,1.5,,,,,,0,,,Y,N,,,,T
2022,10/18/22,SGL33,SPRING TREATMENT,,19,GREY47,N,WFM,F,AD,,,,1.5,,,,,,1,,,Y,N,,,,T
2022,10/18/22,SGL33,SPRING TREATMENT,,10,GREY2,N,WFM,M,AD,57,33,24,1.4,,,,,,0,,,Y,N,,,,T
2022,10/18/22,SGL33,SPRING TREATMENT,,25,GREY50,N,WFM,M,AD,58,44,14,1.4,,,,,,0,,,Y,N,,,,T
2022,10/18/22,SGL33,SPRING TREATMENT,,28,GREY7,N,WFM,F,JUV,50,39,11,1.4,,,,,,0,,,Y,N,,,,T
2022,10/18/22,SGL33,SPRING TREATMENT,,7,GREY44,N,WFM,F,AD,29,9,20,1.3,,,,,,0,,,Y,N,,,,T
2022,10/18/22,SGL33,SUMMER CONTROL,,15,GREY49,N,WFM,F,AD,38,23,15,1.3,,,,,,0,,,Y,N,,,,C
2022,10/18/22,SGL33,SUMMER CONTROL,,4,GREY10,,WFM,,,,,,,,,,,,,,,,,,,,C
2022,10/18/22,SGL33,SUMMER CONTROL,,7,GREY31,,WFM,,,,,,,,,,,,,,,,,,,,C
2022,10/18/22,SGL33,SUMMER CONTROL,,14,GREY17,,WFM,,,,,,,,,,,,,,,,,,,,C
2022,10/18/22,SGL33,SUMMER TREATMENT,,21,N/A,,MV,,,,,,,,,,,,,,,,,,,,T
2022,10/18/22,SGL33,SUMMER TREATMENT,,6,N/A,,NST,,,,,,,,,,,,,,,,,,,,T
2022,10/18/22,SGL33,SUMMER TREATMENT,,29,N/A,,NST,,,,,,,,,,,,,,,,,,,,T
2022,10/18/22,SGL33,SUMMER TREATMENT,,7,RED471,N,WFM,F,AD,33,9,24,1.6,,,,,,0,,,Y,N,,,,T
2022,10/18/22,SGL33,SUMMER TREATMENT,,3,GREY39,N,WFM,M,AD,56,35,21,1.4,,,,,,0,,,Y,Y,,,,T
2022,10/18/22,SGL33,SUMMER TREATMENT,,24,GREY43,N,WFM,F,AD,74,48,26,1.3,,,,,,0,,,Y,N,,,,T
2022,10/17/22,SGL33,FALL CONTROL,,28,N/A,,MV,,,,,,,,,,,,,,,,,,,,C
2022,10/17/22,SGL33,FALL CONTROL,,7,N/A,,NST,,,,,,,,,,,,,,,,,,,,C
2022,10/17/22,SGL33,FALL CONTROL,,12,N/A,,NST,,,,,,,,,,,,,,,,,,,,C
2022,10/17/22,SGL33,FALL TREATMENT,,8,N/A,,NST,,,,,,,,,,,,,,,,,,,,T
2022,10/17/22,SGL33,FALL TREATMENT,,13,RED422,Y,WFM,F,AD,46,23,23,1.5,,,,,,0,,,Y,Y,,,,T
2022,10/17/22,SGL33,FALL TREATMENT,,21,GREY4,N,WFM,M,AD,50,24,26,1.4,,,,,,0,,,Y,Y,,,,T
2022,10/17/22,SGL33,SPRING CONTROL,,7,N/A,,NST,,,,,,,,,,,,,,,,,,,,C
2022,10/17/22,SGL33,SPRING CONTROL,,8,N/A,,NST,,,,,,,,,,,,,,,,,,,,C
2022,10/17/22,SGL33,SPRING CONTROL,,12,N/A,,NST,,,,,,,,,,,,,,,,,,,,C
2022,10/17/22,SGL33,SPRING CONTROL,,29,GREEN84,Y,WFM,F,AD,41.5,16,25.5,1.4,,,,,,0,,,Y,Y,,,,C
2022,10/17/22,SGL33,SPRING CONTROL,,2,BLACK180,N,WFM,M,JUV,34.5,15,19.5,1.2,,,,,,10,,,Y,Y,,,,C
2022,10/17/22,SGL33,SPRING TREATMENT,,26,N/A,,NST,,,,,,,,,,,,,,,,,,,,T
2022,10/17/22,SGL33,SPRING TREATMENT,,17,BLACK193,N,WFM,M,JUV,42,26,16,1.4,,,,,,0,,,Y,N,,,,T
2022,10/17/22,SGL33,SUMMER CONTROL,,5,GREY10,N,WFM,F,AD,50,26,24,1.4,,,,,,2,,,Y,Y,,,,C
2022,10/17/22,SGL33,SUMMER CONTROL,,13,GREY31,N,WFM,M,AD,50,27,23,1.2,,,,,,0,,,Y,Y,,,,C
2022,10/17/22,SGL33,SUMMER CONTROL,,14,GREY17,N,WFM,M,JUV,29.5,14,15.5,1.2,,,,,,0,,,Y,N,,,,C
2022,10/15/22,SGL103 SOUTH,SPRING CONTROL,,2,TEAL196,,WFM,,,,,,,,,,,,,,,,,,,,C
2022,10/15/22,SGL103 SOUTH,SPRING TREATMENT,,10,TEAL77,,WFM,,,,,,,,,,,,,,,,,,,,T
2022,10/15/22,SGL103 SOUTH,SPRING TREATMENT,,16,RED368,,WFM,,,,,,,,,,,,,,,,,,,,T
2022,10/15/22,SGL103 SOUTH,SUMMER TREATMENT,,10,N/A,,NST,,,,,,,,,,,,,,,,,,,,T
2022,10/15/22,SGL103 SOUTH,SUMMER TREATMENT,,2,GREY280,,WFM,,,,,,,,,,,,,,,,,,,,T
2022,10/15/22,SGL103 SOUTH,SUMMER TREATMENT,,28,RED438,,WFM,,,,,,,,,,,,,,,,,,,,T
2022,10/14/22,SGL103 SOUTH,SPRING CONTROL,,12,N/A,,WFM,,,,,,,,,,,,,,,,,,,,C
2022,10/14/22,SGL103 SOUTH,SPRING CONTROL,,2,GREEN133,,WFM,,,,,,,,,,,,,,,,,,,,C
2022,10/14/22,SGL103 SOUTH,SPRING CONTROL,,18,TEAL74,,WFM,,,,,,,,,,,,,,,,,,,,C
2022,10/14/22,SGL103 SOUTH,SPRING TREATMENT,,8,N/A,,NST,,,,,,,,,,,,,,,,,,,,T
2022,10/14/22,SGL103 SOUTH,SPRING TREATMENT,,4,GREY33,,WFM,,,,,,,,,,,,,,,,,,,,T
2022,10/11/22,SGL176,FALL CONTROL,,8,BLACK152,N,WFM,M,AD,32,10,22,1.8,,,,,,0,,,Y,N,,,,C
2022,10/11/22,SGL176,FALL CONTROL,,21,BLACK201,N,WFM,F,AD,32,10,22,1.3,,,,,,0,,,Y,N,,,,C
2022,10/11/22,SGL176,FALL CONTROL,,11,BLACK184,N,WFM,F,JUV,20,10,10,1.1,,,,,,0,,,Y,N,,,,C
2022,10/11/22,SGL176,FALL CONTROL,,16,GREY3,,WFM,,,,,,,,,,,,,,,,,,,,C
2022,10/11/22,SGL176,FALL TREATMENT,,18,BLACK196,N,WFM,F,JUV,21,10,11,1.3,,,,,,0,,,Y,N,,,,T
2022,10/11/22,SGL176,FALL TREATMENT,,8,BLACK189,N,WFM,M,AD,37,14,23,1.2,,,,,,0,,,Y,N,,,,T
2022,10/11/22,SGL176,FALL TREATMENT,,14,GREY46,,WFM,,,,,,,,,,,,,,,,,,,,T
2022,10/11/22,SGL176,SPRING CONTROL,,22,N/A,,NST,,,,,,,,,,,,,,,,,,,,C
2022,10/11/22,SGL176,SPRING CONTROL,,17,BLACK199,N,WFM,M,AD,32,10,22,1.7,,,,,,3,,,Y,N,,,,C
2022,10/11/22,SGL176,SPRING CONTROL,,6,RED311,,WFM,,,,,,,,,,,,,,,,,,,,C
2022,10/11/22,SGL176,SPRING TREATMENT,,8,GREY18,,WFM,,,,,,,,,,,,,,,,,,,,T
2022,10/11/22,SGL176,SUMMER CONTROL,,11,BLACK197,N,WFM,F,JUV,20,14,6,1.2,,,,,,0,,,Y,N,,,,C
2022,10/11/22,SGL176,SUMMER CONTROL,,6,GREY54,,WFM,,,,,,,,,,,,,,,,,,,,C
2022,10/11/22,SGL176,SUMMER TREATMENT,,9,BLACK198,N,WFM,F,AD,32,10,22,1.4,,,,,,0,,,Y,N,,,,T
2022,10/11/22,SGL176,SUMMER TREATMENT,,6,BLACK200,N,WFM,M,AD,27,10,17,1.3,,,,,,0,,,Y,N,,,,T
2022,10/11/22,SGL176,SUMMER TREATMENT,,14,GREY38,,WFM,,,,,,,,,,,,,,,,,,,,T
2022,10/11/22,SGL176,SUMMER TREATMENT,,16,RED327,,WFM,,,,,,,,,,,,,,,,,,,,T
2022,10/7/22,SGL176,FALL CONTROL,,13,GREY75,N,WFM,F,AD,32,10,22,1.7,,,,,,1,,,Y,Y,,,,C
2022,10/7/22,SGL176,FALL CONTROL,,29,GREY3,,WFM,,,,,,,,,,,,,,,,,,,,C
2022,10/7/22,SGL176,FALL TREATMENT,,8,N/A,,NST,,,,,,,,,,,,,,,,,,,,T
2022,10/7/22,SGL176,FALL TREATMENT,,9,GREY58,N,WFM,F,AD,33,10,23,1.9,,,,,,0,,,Y,Y,,,,T
2022,10/7/22,SGL176,SPRING TREATMENT,,11,N/A,,NST,,,,,,,,,,,,,,,,,,,,T
2022,10/7/22,SGL176,SUMMER CONTROL,,17,N/A,,CHP,,,,,,,,,,,,,,,,,,,,C
2022,10/7/22,SGL176,SUMMER CONTROL,,25,N/A,,CHP,,,,,,,,,,,,,,,,,,,,C
2022,10/7/22,SGL176,SUMMER CONTROL,,26,N/A,,CHP,,,,,,,,,,,,,,,,,,,,C
2022,10/7/22,SGL176,SUMMER CONTROL,,1,GREY59,N,WFM,F,AD,33,10,23,1.4,,,,,,3,,,Y,Y,,,,C
2022,10/7/22,SGL176,SUMMER CONTROL,,9,N/A,,WFM,,,,,,,,,,,,,,,,,,,,C
2022,10/7/22,SGL176,SUMMER TREATMENT,,16,N/A,,NST,,,,,,,,,,,,,,,,,,,,T
2022,10/7/22,SGL176,SUMMER TREATMENT,,11,GREY64,N,WFM,F,AD,34,10,24,1.4,,,,,,0,,,Y,Y,,,,T
2022,10/7/22,SGL176,SUMMER TREATMENT,,20,BLACK158,N,WFM,M,AD,30,10,20,1.3,,,,,,0,,,Y,Y,,,,T
2022,10/7/22,SGL176,SUMMER TREATMENT,,7,GREY38,,WFM,,,,,,,,,,,,,,,,,,,,T
2022,10/7/22,SGL176,SUMMER TREATMENT,,9,GREY32,,WFM,,,,,,,,,,,,,,,,,,,,T
2022,10/4/22,SGL176,FALL CONTROL,,18,N/A,,NST,,,,,,,,,,,,,,,,,,,,C
2022,10/4/22,SGL176,FALL CONTROL,,27,GREY3,N,WFM,F,AD,31,9,22,1.4,,,,,,1,,,Y,N,,,,C
2022,10/4/22,SGL176,FALL TREATMENT,,13,N/A,,NST,,,,,,,,,,,,,,,,,,,,T
2022,10/4/22,SGL176,FALL TREATMENT,,27,GREY28,N,WFM,F,AD,28,9,19,1.5,,,,,,0,,,Y,Y,,,,T
2022,10/4/22,SGL176,FALL TREATMENT,,6,GREY46,N,WFM,F,AD,45,23,22,1.2,,,,,,0,,,N,N,,,,T
2022,10/4/22,SGL176,SPRING CONTROL,,23,N/A,,NST,,,,,,,,,,,,,,,,,,,,C
2022,10/4/22,SGL176,SPRING CONTROL,,24,N/A,,NST,,,,,,,,,,,,,,,,,,,,C
2022,10/4/22,SGL176,SPRING CONTROL,,4,RED311,Y,WFM,M,AD,37,16,21,1.6,,,,,,0,,,N,N,,,,C
2022,10/4/22,SGL176,SPRING CONTROL,,5,GREY12,N,WFM,F,AD,30,10,20,1.4,,,,,,3,,,Y,Y,,,,C
2022,10/4/22,SGL176,SPRING TREATMENT,,22,N/A,,NST,,,,,,,,,,,,,,,,,,,,T
2022,10/4/22,SGL176,SPRING TREATMENT,,4,GREY18,N,WFM,M,JUV,18,10,8,1.1,,,,,,10,,,Y,N,,,,T
2022,10/4/22,SGL176,SUMMER CONTROL,,19,N/A,,NST,,,,,,,,,,,,,,,,,,,,C
2022,10/4/22,SGL176,SUMMER CONTROL,,28,GREY94,N,WFM,M,AD,32,12,20,1.6,,,,,,2,,,Y,N,,,,C
2022,10/4/22,SGL176,SUMMER CONTROL,,10,GREY54,N,WFM,F,AD,39,13,26,1.5,,,,,,8,,,Y,N,,,,C
2022,10/4/22,SGL176,SUMMER CONTROL,,5,GREY30,N,WFM,F,AD,24,9,15,1.4,,,,,,1,,,Y,Y,,,,C
2022,10/4/22,SGL176,SUMMER CONTROL,,20,GREY34,N,WFM,M,JUV,38,24,14,1.2,,,,,,13,,,Y,Y,,,,C
2022,10/4/22,SGL176,SUMMER TREATMENT,,11,GREY38,N,WFM,M,AD,39.5,22,17.5,1.6,,,,,,0,,,Y,N,,,,T
2022,10/4/22,SGL176,SUMMER TREATMENT,,15,RED104,Y,WFM,F,AD,34,10,24,1.4,,,,,,0,,,Y,Y,,,,T
2022,10/4/22,SGL176,SUMMER TREATMENT,,7,GREY32,N,WFM,F,AD,40,22,18,1.4,,,,,,0,,,Y,N,,,,T
2022,10/4/22,SGL176,SUMMER TREATMENT,,13,GREY76,N,WFM,M,JUV,20,10,10,1.4,,,,,,0,,,Y,N,,,,T
2022,10/4/22,SGL176,SUMMER TREATMENT,,21,RED327,Y,WFM,F,AD,36,10,26,1.2,,,,,,1,,,Y,N,,,,T
2022,10/4/22,SGL176,SUMMER TREATMENT,,20,GREY48,N,WFM,F,AD,30,16,14,1.1,,,,,,0,,,Y,Y,,,,T
2022,10/3/22,SGL176,FALL CONTROL,,14,N/A,,NST,,,,,,,,,,,,,,,,,,,,C
2022,10/3/22,SGL176,SPRING CONTROL,,27,N/A,,NST,,,,,,,,,,,,,,,,,,,,C
2022,10/3/22,SGL176,SPRING CONTROL,,23,GREY45,N,WFM,F,AD,29,10,19,1.9,,,,,,16,,,Y,N,,,,C
2022,10/3/22,SGL176,SPRING CONTROL,,2,GREY19,N,WFM,M,JUV,28,10,18,1.2,,,,,,7,,,Y,Y,,,,C
2022,10/3/22,SGL176,SPRING TREATMENT,,23,RED116,Y,WFM,F,AD,43,17,26,1.7,,,,,,0,,,Y,Y,,,,T
2022,10/3/22,SGL176,SPRING TREATMENT,,4,GREY36,N,WFM,M,AD,40,16,24,1.4,,,,,,0,,,Y,N,,,,T
2022,10/3/22,SGL176,SUMMER CONTROL,,29,N/A,,CHP,,,,,,,,,,,,,,,,,,,,C
2022,10/3/22,SGL176,SUMMER CONTROL,,7,N/A,,NST,,,,,,,,,,,,,,,,,,,,C
2022,10/3/22,SGL176,SUMMER CONTROL,,20,N/A,,NST,,,,,,,,,,,,,,,,,,,,C
2022,10/3/22,SGL176,SUMMER TREATMENT,,14,N/A,,NST,,,,,,,,,,,,,,,,,,,,T
2022,10/3/22,SGL176,SUMMER TREATMENT,,1,GREY8,N,WFM,F,AD,38,12,26,1.3,,,,,,0,,,Y,Y,,,,T
2022,9/30/22,SGL103 NORTH,FALL TREATMENT,,17,GREY24,N,WFM,F,AD,51,24,27,1.7,,,,,,34,,,Y,Y,,,,T
2022,9/30/22,SGL103 NORTH,FALL TREATMENT,,27,GREEN166,,WFM,,,,,,,,,,,,,,,,,,,,T
2022,9/30/22,SGL103 NORTH,SUMMER TREATMENT,,11,N/A,,MV,,,,,,,,,,,,,,,,,,,,T
2022,9/30/22,SGL103 NORTH,SUMMER TREATMENT,,15,N/A,,MV,,,,,,,,,,,,,,,,,,,,T
2022,9/30/22,SGL103 NORTH,SUMMER TREATMENT,,3,N/A,,NST,,,,,,,,,,,,,,,,,,,,T
2022,9/30/22,SGL103 NORTH,SUMMER TREATMENT,,27,GREY29,N,WFM,M,JUV,40,27,13,1.4,,,,,,2,,,Y,N,,,,T
2022,9/30/22,SGL103 SOUTH,FALL TREATMENT,,1,N/A,,CHP,,,,,,,,,,,,,,,,,,,,T
2022,9/30/22,SGL103 SOUTH,FALL TREATMENT,,9,N/A,,NST,,,,,,,,,,,,,,,,,,,,T
2022,9/30/22,SGL103 SOUTH,SPRING CONTROL,,8,N/A,,NST,,,,,,,,,,,,,,,,,,,,C
2022,9/30/22,SGL103 SOUTH,SPRING TREATMENT,,7,GREY13,N,WFM,M,JUV,42,30,12,1.3,,,,,,0,,,Y,N,,,,T
2022,9/30/22,SGL103 SOUTH,SUMMER CONTROL,,8,N/A,,NST,,,,,,,,,,,,,,,,,,,,C
2022,9/29/22,SGL103 NORTH,FALL TREATMENT,,9,N/A,,STW,,,,,,,,,,,,,,,,,,,,T
2022,9/29/22,SGL103 NORTH,FALL TREATMENT,,3,GREY1,N,WFM,M,AD,33,14,19,1.6,,,,,,0,,,Y,Y,,,,T
2022,9/29/22,SGL103 NORTH,FALL TREATMENT,,29,GREEN196,N,WFM,M,JUV,20,11,9,1.4,,,,,,0,,,Y,N,,,,T
2022,9/29/22,SGL103 NORTH,FALL TREATMENT,,15,GREEN192,N,WFM,F,AD,36,10,26,1.3,,,,,,1,,,Y,N,,,,T
2022,9/29/22,SGL103 SOUTH,FALL CONTROL,,9,GREEN174,,WFM,,,,,,,,,,,,,,,,,,,,C
2022,9/29/22,SGL103 SOUTH,FALL CONTROL,,19,GREEN177,,WFM,,,,,,,,,,,,,,,,,,,,C
2022,9/29/22,SGL103 SOUTH,FALL TREATMENT,,19,N/A,,NST,,,,,,,,,,,,,,,,,,,,T
2022,9/29/22,SGL103 SOUTH,SUMMER CONTROL,,9,N/A,,NST,,,,,,,,,,,,,,,,,,,,C
2022,9/29/22,SGL103 SOUTH,SUMMER CONTROL,,25,N/A,,NST,,,,,,,,,,,,,,,,,,,,C
2022,9/29/22,SGL103 SOUTH,SUMMER CONTROL,,5,N/A,,WFM,,,,,,,,,,,,,,,,,,,,C
2022,9/28/22,SGL103 NORTH,FALL TREATMENT,,5,GREEN183,N,WFM,M,AD,48,27.5,20.5,2,,,,,,0,,,Y,Y,,,,T
2022,9/28/22,SGL103 NORTH,FALL TREATMENT,,25,GREEN166,N,WFM,F,AD,29,11,18,1.5,,,,,,7,,,Y,Y,,,,T
2022,9/28/22,SGL103 NORTH,FALL TREATMENT,,11,N/A,,WFM,,,,,,,,,,,,,,,,,,,,T
2022,9/28/22,SGL103 NORTH,FALL TREATMENT,,7,TEAL158,,WFM,,,,,,,,,,,,,,,,,,,,T
2022,9/28/22,SGL103 NORTH,FALL TREATMENT,,17,GREY248,,WFM,,,,,,,,,,,,,,,,,,,,T
2022,9/28/22,SGL103 NORTH,SPRING CONTROL,,17,GREY192,Y,WFM,M,AD,34,10,24,1.4,,,,,,21,,,Y,Y,,,,C
2022,9/28/22,SGL103 NORTH,SPRING CONTROL,,7,N/A,,WFM,,,,,,,,,,,,,,,,,,,,C
2022,9/28/22,SGL103 NORTH,SPRING TREATMENT,,3,N/A,,WFM,,,,,,,,,,,,,,,,,,,,T
2022,9/28/22,SGL103 NORTH,SPRING TREATMENT,,27,GREY240,,WFM,,,,,,,,,,,,,,,,,,,,T
2022,9/28/22,SGL103 NORTH,SUMMER CONTROL,,3,RED353,Y,WFM,M,AD,43,12,31,1.4,,,,,,16,,,Y,N,,,,C
2022,9/28/22,SGL103 NORTH,SUMMER CONTROL,,13,GREEN165,N,WFM,M,AD,31,10,21,1.4,,,,,,3,,,Y,Y,,,,C
2022,9/28/22,SGL103 NORTH,SUMMER CONTROL,,29,GREY220,,WFM,,,,,,,,,,,,,,,,,,,,C
2022,9/28/22,SGL103 NORTH,SUMMER TREATMENT,,21,N/A,,NST,,,,,,,,,,,,,,,,,,,,T
2022,9/28/22,SGL103 NORTH,SUMMER TREATMENT,,27,GREY243,,WFM,,,,,,,,,,,,,,,,,,,,T
2022,9/28/22,SGL103 SOUTH,FALL CONTROL,,7,GREEN174,N,WFM,F,AD,31,10,21,1.5,,,,,,20,,,Y,Y,,,,C
2022,9/28/22,SGL103 SOUTH,FALL CONTROL,,11,GREY112,,WFM,,,,,,,,,,,,,,,,,,,,C
2022,9/28/22,SGL103 SOUTH,FALL CONTROL,,17,GREEN121,,WFM,,,,,,,,,,,,,,,,,,,,C
2022,9/28/22,SGL103 SOUTH,FALL CONTROL,,19,GREEN137,,WFM,,,,,,,,,,,,,,,,,,,,C
2022,9/28/22,SGL103 SOUTH,FALL CONTROL,,25,GREEN129,,WFM,,,,,,,,,,,,,,,,,,,,C
2022,9/28/22,SGL103 SOUTH,FALL TREATMENT,,15,N/A,,NST,,,,,,,,,,,,,,,,,,,,T
2022,9/28/22,SGL103 SOUTH,FALL TREATMENT,,21,N/A,,NST,,,,,,,,,,,,,,,,,,,,T
2022,9/28/22,SGL103 SOUTH,FALL TREATMENT,,27,N/A,,NST,,,,,,,,,,,,,,,,,,,,T
2022,9/28/22,SGL103 SOUTH,FALL TREATMENT,,1,GREEN175,N,WFM,M,AD,35,19,16,1.6,,,,,,1,,,Y,Y,,,,T
2022,9/28/22,SGL103 SOUTH,FALL TREATMENT,,5,GREEN190,N,WFM,M,AD,35,21,14,1.4,,,,,,0,,,Y,Y,,,,T
2022,9/28/22,SGL103 SOUTH,FALL TREATMENT,,3,TEAL3,,WFM,,,,,,,,,,,,,,,,,,,,T
2022,9/28/22,SGL103 SOUTH,SUMMER CONTROL,,9,N/A,,NST,,,,,,,,,,,,,,,,,,,,C
2022,9/28/22,SGL103 SOUTH,SUMMER CONTROL,,13,N/A,,NST,,,,,,,,,,,,,,,,,,,,C
2022,9/27/22,SGL103 NORTH,FALL CONTROL,,16,TEAL78,Y,WFM,F,AD,49,11,38,1.6,,,,,,2,,,Y,N,,,,C
2022,9/27/22,SGL103 NORTH,FALL CONTROL,,19,GREEN197,N,WFM,F,AD,40,11,29,1.6,,,,,,15,,,Y,N,,,,C
2022,9/27/22,SGL103 NORTH,FALL CONTROL,,29,GREEN155,N,WFM,F,AD,45,11,34,1.5,,,,,,9,,,Y,N,,,,C
2022,9/27/22,SGL103 NORTH,FALL CONTROL,,25,GREY241,Y,WFM,F,AD,39,11,28,1.4,,,,,,12,,,N,N,,,,C
2022,9/27/22,SGL103 NORTH,FALL CONTROL,,3,GREEN167,N,WFM,F,JUV,20,11,9,1.4,,,,,,10,,,Y,N,,,,C
2022,9/27/22,SGL103 NORTH,FALL TREATMENT,,11,N/A,,NST,,,,,,,,,,,,,,,,,,,,T
2022,9/27/22,SGL103 NORTH,FALL TREATMENT,,12,N/A,,NST,,,,,,,,,,,,,,,,,,,,T
2022,9/27/22,SGL103 NORTH,FALL TREATMENT,,26,N/A,,NST,,,,,,,,,,,,,,,,,,,,T
2022,9/27/22,SGL103 NORTH,FALL TREATMENT,,7,TEAL118,Y,WFM,F,AD,45,25.5,19.5,1.5,,,,,,0,,,Y,N,,,,T
2022,9/27/22,SGL103 NORTH,FALL TREATMENT,,5,GREY26,N,WFM,M,AD,55.5,29.5,26,1.4,,,,,,0,,,Y,Y,,,,T
2022,9/27/22,SGL103 NORTH,FALL TREATMENT,,2,GREY9,N,WFM,M,AD,56,35,21,1.4,,,,,,0,,,Y,Y,,,,T
2022,9/27/22,SGL103 NORTH,FALL TREATMENT,,21,GREY23,N,WFM,M,AD,32,12,20,1.4,,,,,,0,,,Y,N,,,,T
2022,9/27/22,SGL103 NORTH,FALL TREATMENT,,14,GREEN199,N,WFM,M,AD,31,11,20,1.4,,,,,,0,,,N,N,,,,T
2022,9/27/22,SGL103 NORTH,FALL TREATMENT,,6,TEAL158,Y,WFM,M,AD,40,21.5,18.5,1.4,,,,,,0,,,Y,Y,,,,T
2022,9/27/22,SGL103 NORTH,FALL TREATMENT,,25,GREEN189,N,WFM,F,AD,28,10,18,1.4,,,,,,0,,,N,N,,,,T
2022,9/27/22,SGL103 NORTH,FALL TREATMENT,,30,GREY182,Y,WFM,F,AD,51,29,22,1.3,,,,,,0,,,Y,N,,,,T
2022,9/27/22,SGL103 NORTH,FALL TREATMENT,,28,GREY41,N,WFM,M,AD,48,29.5,18.5,1.3,,,,,,0,,,Y,Y,,,,T
2022,9/27/22,SGL103 NORTH,FALL TREATMENT,,1,TEAL37,Y,WFM,M,AD,54,29,25,1.1,,,,,,0,,,Y,Y,,,,T
2022,9/27/22,SGL103 NORTH,SPRING CONTROL,,29,GREY88,N,WFM,M,AD,38,10,28,1.6,,,,,,13,,,Y,Y,,,,C
2022,9/27/22,SGL103 NORTH,SPRING CONTROL,,26,GREY179,N,WFM,F,AD,41,16,25,1.5,,,,,,12,,,N,N,,,,C
2022,9/27/22,SGL103 NORTH,SPRING CONTROL,,14,GREY84,N,WFM,F,AD,45,10,35,1.4,,,,,,6,,,Y,N,,,,C
2022,9/27/22,SGL103 NORTH,SPRING CONTROL,,17,GREY225,Y,WFM,F,AD,31,11,20,1.4,,,,,,18,,,Y,Y,,,,C
2022,9/27/22,SGL103 NORTH,SPRING CONTROL,,6,GREEN146,N,WFM,M,AD,38,19,19,1.4,,,,,,4,,,Y,N,,,,C
2022,9/27/22,SGL103 NORTH,SPRING TREATMENT,,18,N/A,,NST,,,,,,,,,,,,,,,,,,,,T
2022,9/27/22,SGL103 NORTH,SPRING TREATMENT,,20,N/A,,NST,,,,,,,,,,,,,,,,,,,,T
2022,9/27/22,SGL103 NORTH,SPRING TREATMENT,,23,TEAL187,Y,WFM,F,AD,38,12,26,1.6,,,,,,0,,,Y,Y,,,,T
2022,9/27/22,SGL103 NORTH,SPRING TREATMENT,,19,GREY197,Y,WFM,M,AD,54,32,22,1.5,,,,,,0,,,Y,Y,,,,T
2022,9/27/22,SGL103 NORTH,SPRING TREATMENT,,8,GREY151,Y,WFM,F,AD,34,13,21,1.5,,,,,,0,,,Y,Y,,,,T
2022,9/27/22,SGL103 NORTH,SPRING TREATMENT,,17,RED357,Y,WFM,M,AD,49,33,16,1.5,,,,,,0,,,Y,N,,,,T
2022,9/27/22,SGL103 NORTH,SPRING TREATMENT,,25,GREY25,N,WFM,M,AD,41,30,11,1.5,,,,,,1,,,Y,Y,,,,T
2022,9/27/22,SGL103 NORTH,SPRING TREATMENT,,12,RED497,Y,WFM,F,AD,34,10,24,1.4,,,,,,2,,,Y,Y,,,,T
2022,9/27/22,SGL103 NORTH,SPRING TREATMENT,,14,GREY11,N,WFM,M,AD,52,32,20,1.4,,,,,,0,,,Y,Y,,,,T
2022,9/27/22,SGL103 NORTH,SPRING TREATMENT,,22,GREEN171,N,WFM,F,AD,49,17,32,1.3,,,,,,0,,,Y,N,,,,T
2022,9/27/22,SGL103 NORTH,SPRING TREATMENT,,1,RED364,Y,WFM,F,AD,38,14,24,1.3,,,,,,0,,,Y,Y,,,,T
2022,9/27/22,SGL103 NORTH,SPRING TREATMENT,,7,TEAL186,Y,WFM,F,AD,51,30.5,20.5,1.2,,,,,,0,,,Y,N,,,,T
2022,9/27/22,SGL103 NORTH,SPRING TREATMENT,,21,GREY204,Y,WFM,F,AD,51,31,20,1.1,,,,,,0,,,Y,N,,,,T
2022,9/27/22,SGL103 NORTH,SPRING TREATMENT,,5,TEAL153,Y,WFM,F,AD,45,30.5,14.5,1.1,,,,,,0,,,Y,Y,,,,T
2022,9/27/22,SGL103 NORTH,SUMMER CONTROL,,21,N/A,,NST,,,,,,,,,,,,,,,,,,,,C
2022,9/27/22,SGL103 NORTH,SUMMER CONTROL,,12,GREY213,Y,WFM,M,AD,31,10,21,,,,,,,29,,,Y,N,,,,C
2022,9/27/22,SGL103 NORTH,SUMMER CONTROL,,20,GREY100,N,WFM,F,AD,27,10,17,2,,,,,,4,,,Y,Y,,,,C
2022,9/27/22,SGL103 NORTH,SUMMER CONTROL,,30,GREY71,N,WFM,M,AD,35,10,25,1.5,,,,,,0,,,Y,Y,,,,C
2022,9/27/22,SGL103 NORTH,SUMMER CONTROL,,8,GREY158,Y,WFM,F,AD,34,10,24,1.5,,,,,,8,,,Y,Y,,,,C
2022,9/27/22,SGL103 NORTH,SUMMER CONTROL,,16,GREY95,N,WFM,M,AD,31,10,21,1.5,,,,,,9,,,Y,Y,,,,C
2022,9/27/22,SGL103 NORTH,SUMMER CONTROL,,14,GREY93,N,WFM,M,AD,35,17,18,1.5,,,,,,2,3,,Y,Y,,,,C
2022,9/27/22,SGL103 NORTH,SUMMER CONTROL,,25,GREY195,Y,WFM,M,AD,34,10,24,1.3,,,,,,12,,,N,N,,,,C
2022,9/27/22,SGL103 NORTH,SUMMER CONTROL,,2,TEAL63,Y,WFM,F,AD,,,,,,,,,,4,,,N,N,,,,C
2022,9/27/22,SGL103 NORTH,SUMMER TREATMENT,,3,N/A,,CHP,,,,,,,,,,,,,,,,,,,,T
2022,9/27/22,SGL103 NORTH,SUMMER TREATMENT,,10,N/A,,NST,,,,,,,,,,,,,,,,,,,,T
2022,9/27/22,SGL103 NORTH,SUMMER TREATMENT,,1,GREY164,Y,WFM,M,AD,37,17,20,1.6,,,,,,0,,,Y,Y,,,,T
2022,9/27/22,SGL103 NORTH,SUMMER TREATMENT,,2,GREEN107,N,WFM,F,AD,45,13,32,1.5,,,,,,0,,,Y,N,,,,T
2022,9/27/22,SGL103 NORTH,SUMMER TREATMENT,,25,TEAL180,Y,WFM,F,AD,40,11,29,1.5,,,,,,0,,,N,N,,,,T
2022,9/27/22,SGL103 NORTH,SUMMER TREATMENT,,6,GREY166,Y,WFM,M,AD,38,11,27,1.4,,,,,,0,,,Y,Y,,,,T
2022,9/27/22,SGL103 NORTH,SUMMER TREATMENT,,23,GREY231,Y,WFM,M,AD,29,11,18,1.4,,,,,,1,,,Y,Y,,,,T
2022,9/27/22,SGL103 NORTH,SUMMER TREATMENT,,14,GREEN144,N,WFM,M,AD,37,17,20,1.3,,,,,,0,,,Y,Y,,,,T
2022,9/27/22,SGL103 SOUTH,FALL CONTROL,,17,GREEN121,N,WFM,M,AD,31,10,21,1.9,,,,,,2,,,Y,Y,,,,C
2022,9/27/22,SGL103 SOUTH,FALL CONTROL,,14,GREEN115,N,WFM,M,AD,29,10,19,1.7,,,,,,3,,,Y,Y,,,,C
2022,9/27/22,SGL103 SOUTH,FALL CONTROL,,24,GREEN129,N,WFM,F,AD,31,10,21,1.6,,,,,,0,,,Y,Y,,,,C
2022,9/27/22,SGL103 SOUTH,FALL CONTROL,,10,RED346,Y,WFM,F,AD,36,10,26,1.4,,,,,,6,1,,Y,N,,,,C
2022,9/27/22,SGL103 SOUTH,FALL CONTROL,,18,RED428,Y,WFM,F,AD,42,19,23,1.4,,,,,,2,,,Y,Y,,,,C
2022,9/27/22,SGL103 SOUTH,FALL CONTROL,,26,GREY149,N,WFM,M,AD,32,10,22,1.4,,,,,,3,,,Y,Y,,,,C
2022,9/27/22,SGL103 SOUTH,FALL CONTROL,,22,GREEN137,N,WFM,M,AD,35,11,24,1.3,,,,,,2,,,Y,N,,,,C
2022,9/27/22,SGL103 SOUTH,FALL CONTROL,,30,GREEN44,Y,WFM,F,AD,51,31,20,1.3,,,,,,0,,,Y,N,,,,C
2022,9/27/22,SGL103 SOUTH,FALL CONTROL,,8,RED494,Y,WFM,M,AD,29,11,18,1.3,,,,,,10,,,N,N,,,,C
2022,9/27/22,SGL103 SOUTH,FALL CONTROL,,25,GREEN132,N,WFM,M,AD,30,13,17,1.3,,,,,,0,,,Y,Y,,,,C
2022,9/27/22,SGL103 SOUTH,FALL CONTROL,,20,GREY5,N,WFM,F,AD,52,31.5,20.5,1.2,,,,,,3,,,N,N,,,,C
2022,9/27/22,SGL103 SOUTH,FALL CONTROL,,28,RED441,,WFM,,,,,,,,,,,,,,,,,,,,C
2022,9/27/22,SGL103 SOUTH,FALL TREATMENT,,9,N/A,,NST,,,,,,,,,,,,,,,,,,,,T
2022,9/27/22,SGL103 SOUTH,FALL TREATMENT,,11,N/A,,NST,,,,,,,,,,,,,,,,,,,,T
2022,9/27/22,SGL103 SOUTH,FALL TREATMENT,,16,N/A,,NST,,,,,,,,,,,,,,,,,,,,T
2022,9/27/22,SGL103 SOUTH,FALL TREATMENT,,22,RED393,Y,WFM,F,AD,30,10,20,1.7,,,,,,0,,,Y,Y,,,,T
2022,9/27/22,SGL103 SOUTH,FALL TREATMENT,,26,GREY131,N,WFM,M,AD,34,10,24,1.6,,,,,,0,,,Y,N,,,,T
2022,9/27/22,SGL103 SOUTH,FALL TREATMENT,,5,TEAL3,Y,WFM,F,AD,39,10,29,1.5,,,,,,0,,,N,N,,,,T
2022,9/27/22,SGL103 SOUTH,FALL TREATMENT,,8,GREY141,Y,WFM,F,AD,34,10,24,1.5,,,,,,0,,,Y,Y,,,,T
2022,9/27/22,SGL103 SOUTH,FALL TREATMENT,,30,RED458,Y,WFM,M,AD,37,15,22,1.3,,,,,,0,,,Y,Y,,,,T
2022,9/27/22,SGL103 SOUTH,FALL TREATMENT,,4,N/A (SEE NOTES),N,WFM,F,AD,21,11,10,,,,,,,12,,,N,N,,,,T
2022,9/27/22,SGL103 SOUTH,FALL TREATMENT,,10,RED400,,WFM,,,,,,,,,,,,,,,,,,,,T
2022,9/27/22,SGL103 SOUTH,SPRING CONTROL,,27,N/A,,NST,,,,,,,,,,,,,,,,,,,,C
2022,9/27/22,SGL103 SOUTH,SPRING CONTROL,,1,GREEN133,N,WFM,F,AD,38,16,22,1.6,,,,,,2,,,Y,N,,,,C
2022,9/27/22,SGL103 SOUTH,SPRING CONTROL,,12,TEAL196,Y,WFM,M,AD,59,35,24,1.4,,,,,,12,,,Y,Y,,,,C
2022,9/27/22,SGL103 SOUTH,SPRING CONTROL,,17,TEAL74,Y,WFM,F,AD,52,30,22,1.2,,,,,,4,,,Y,Y,,,,C
2022,9/27/22,SGL103 SOUTH,SPRING TREATMENT,,5,N/A,,NST,,,,,,,,,,,,,,,,,,,,T
2022,9/27/22,SGL103 SOUTH,SPRING TREATMENT,,28,RED398,Y,WFM,F,AD,28,10,18,1.6,,,,,,0,,,Y,N,,,,T
2022,9/27/22,SGL103 SOUTH,SPRING TREATMENT,,8,GREY72,N,WFM,F,AD,30,10,20,1.5,,,,,,0,,,Y,Y,,,,T
2022,9/27/22,SGL103 SOUTH,SPRING TREATMENT,,26,GREY80,N,WFM,M,AD,32,16,16,1.5,,,,,,0,,,Y,N,,,,T
2022,9/27/22,SGL103 SOUTH,SPRING TREATMENT,,3,GREEN103,N,WFM,M,AD,40,16,24,1.4,,,,,,0,,,Y,N,,,,T
2022,9/27/22,SGL103 SOUTH,SPRING TREATMENT,,14,TEAL184,Y,WFM,M,AD,51,30.5,20.5,1.4,,,,,,0,,,Y,Y,,,,T
2022,9/27/22,SGL103 SOUTH,SPRING TREATMENT,,16,TEAL77,Y,WFM,F,AD,50.5,31,19.5,1.4,,,,,,0,,,Y,Y,,,,T
2022,9/27/22,SGL103 SOUTH,SPRING TREATMENT,,4,TEAL62,Y,WFM,M,AD,30,11,19,1.3,,,,,,9,,,Y,Y,,,,T
2022,9/27/22,SGL103 SOUTH,SPRING TREATMENT,,15,GREY251,Y,WFM,F,AD,53.5,35,18.5,1.3,,,,,,2,,,Y,Y,,,,T
2022,9/27/22,SGL103 SOUTH,SPRING TREATMENT,,11,RED368,Y,WFM,F,AD,51,31,20,1.2,,,,,,0,,,Y,Y,,,,T
2022,9/27/22,SGL103 SOUTH,SPRING TREATMENT,,2,GREY33,N,WFM,F,AD,49,30,19,1.1,,,,,,0,,,Y,Y,,,,T
2022,9/27/22,SGL103 SOUTH,SPRING TREATMENT,,10,GREY6 ,N,WFM,F,JUV,34,20,14,1,,,,,,0,,,Y,N,,,,T
2022,9/27/22,SGL103 SOUTH,SUMMER CONTROL,,1,N/A,,NST,,,,,,,,,,,,,,,,,,,,C
2022,9/27/22,SGL103 SOUTH,SUMMER CONTROL,,2,RED360,Y,WFM,M,AD,40,18,22,1.7,,,,,,10,,,Y,Y,,,,C
2022,9/27/22,SGL103 SOUTH,SUMMER CONTROL,,24,TEAL17,Y,WFM,M,AD,54,30,24,1.4,,,,,,13,,,N,N,,,,C
2022,9/27/22,SGL103 SOUTH,SUMMER CONTROL,,6,GREY266,Y,WFM,M,AD,45,23,22,1.3,,,,,,6,2,1,Y,Y,,,,C
2022,9/27/22,SGL103 SOUTH,SUMMER TREATMENT,,16,N/A,,NST,,,,,,,,,,,,,,,,,,,,T
2022,9/27/22,SGL103 SOUTH,SUMMER TREATMENT,,14,GREY21,N,WFM,F,AD,49,29,20,1.4,,,,,,6,,,Y,Y,,,,T
2022,9/27/22,SGL103 SOUTH,SUMMER TREATMENT,,28,GREY202,Y,WFM,F,AD,41,25,16,1.4,,,,,,0,,,Y,N,,,,T
2022,9/27/22,SGL103 SOUTH,SUMMER TREATMENT,,7,GREY103,Y,WFM,F,AD,47,23,24,1.3,,,,,,0,,,Y,Y,,,,T
2022,9/27/22,SGL103 SOUTH,SUMMER TREATMENT,,6,GREY280,Y,WFM,M,AD,57,35,22,1.1,,,,,,0,,,Y,Y,,,,T
2022,9/27/22,SGL103 SOUTH,SUMMER TREATMENT,,22,RED438,Y,WFM,M,AD,39,19,20,1.1,,,,,,0,,,Y,Y,,,,T
2022,9/27/22,SGL103 SOUTH,SUMMER TREATMENT,,3,GREY35,N,WFM,F,AD,54,35,19,1.1,,,,,,0,,,Y,Y,,,,T
2022,9/27/22,SGL103 SOUTH,SUMMER TREATMENT,,13,GREY20,N,WFM,F,AD,48,33,15,1.1,,,,,,0,,,Y,N,,,,T
2022,8/8/22,SGL103 NORTH,FALL CONTROL,,1,GREY175,,WFM,,,,,,,,,,,,,,,,,,,,C
2022,8/8/22,SGL103 NORTH,FALL CONTROL,,8,GREY215,,WFM,,,,,,,,,,,,,,,,,,,,C
2022,8/8/22,SGL103 NORTH,FALL CONTROL,,9,RED337,,WFM,,,,,,,,,,,,,,,,,,,,C
2022,8/8/22,SGL103 NORTH,FALL CONTROL,,11,GREY157,,WFM,,,,,,,,,,,,,,,,,,,,C
2022,8/8/22,SGL103 NORTH,FALL TREATMENT,,15,N/A,,NST,,,,,,,,,,,,,,,,,,,,T
2022,8/8/22,SGL103 NORTH,FALL TREATMENT,,23,RED356,N,WFM,M,AD,52,28,24,1.6,,,,,,0,,,Y,N,,,,T
2022,8/8/22,SGL103 NORTH,FALL TREATMENT,,28,RED384,N,WFM,F,AD,37,16,21,1.5,,,,,,1,,,Y,N,,,,T
2022,8/8/22,SGL103 NORTH,FALL TREATMENT,,4,RED373,N,WFM,F,AD,32,12,20,1.5,,,,,,2,,,Y,N,,,,T
2022,8/8/22,SGL103 NORTH,FALL TREATMENT,,1,TEAL37,,WFM,,,,,,,,,,,,,,,,,,,,T
2022,8/8/22,SGL103 NORTH,FALL TREATMENT,,5,TEAL118,,WFM,,,,,,,,,,,,,,,,,,,,T
2022,8/8/22,SGL103 NORTH,FALL TREATMENT,,9,RED314,,WFM,,,,,,,,,,,,,,,,,,,,T
2022,8/8/22,SGL103 NORTH,FALL TREATMENT,,10,TEAL158,,WFM,,,,,,,,,,,,,,,,,,,,T
2022,8/8/22,SGL103 NORTH,FALL TREATMENT,,12,RED326,,WFM,,,,,,,,,,,,,,,,,,,,T
2022,8/8/22,SGL103 NORTH,FALL TREATMENT,,13,RED347,,WFM,,,,,,,,,,,,,,,,,,,,T
2022,8/8/22,SGL103 NORTH,FALL TREATMENT,,19,GREY168,,WFM,,,,,,,,,,,,,,,,,,,,T
2022,8/8/22,SGL103 NORTH,FALL TREATMENT,,22,RED401,,WFM,,,,,,,,,,,,,,,,,,,,T
2022,8/8/22,SGL103 NORTH,SPRING CONTROL,,10,N/A,,NST,,,,,,,,,,,,,,,,,,,,C
2022,8/8/22,SGL103 NORTH,SPRING CONTROL,,11,RED358,N,WFM,M,AD,38,11,27,1.6,,,,,,6,,,Y,Y,,,,C
2022,8/8/22,SGL103 NORTH,SPRING CONTROL,,4,RED495,N,WFM,F,AD,39,20,19,1.6,,,,,,0,,,Y,N,,,,C
2022,8/8/22,SGL103 NORTH,SPRING CONTROL,,15,RED374,N,WFM,M,AD,38,10,28,1.5,,,,,,31,,,Y,Y,,,,C
2022,8/8/22,SGL103 NORTH,SPRING CONTROL,,3,RED395,N,WFM,M,AD,29,9,20,1.4,,,,,,1,,,Y,N,,,,C
2022,8/8/22,SGL103 NORTH,SPRING CONTROL,,7,RED387,N,WFM,M,AD,32,9,23,1.1,,,,,,4,,,Y,N,,,,C
2022,8/8/22,SGL103 NORTH,SPRING CONTROL,,1,GREY234,,WFM,,,,,,,,,,,,,,,,,,,,C
2022,8/8/22,SGL103 NORTH,SPRING CONTROL,,2,GREY222,,WFM,,,,,,,,,,,,,,,,,,,,C
2022,8/8/22,SGL103 NORTH,SPRING CONTROL,,5,TEAL4,,WFM,,,,,,,,,,,,,,,,,,,,C
2022,8/8/22,SGL103 NORTH,SPRING CONTROL,,12,GREY235,,WFM,,,,,,,,,,,,,,,,,,,,C
2022,8/8/22,SGL103 NORTH,SPRING CONTROL,,14,GREY192,,WFM,,,,,,,,,,,,,,,,,,,,C
2022,8/8/22,SGL103 NORTH,SPRING CONTROL,,16,GREY188,,WFM,,,,,,,,,,,,,,,,,,,,C
2022,8/8/22,SGL103 NORTH,SPRING CONTROL,,16,GREY225,,WFM,,,,,,,,,,,,,,,,,,,,C
2022,8/8/22,SGL103 NORTH,SPRING CONTROL,,21,GREY187,,WFM,,,,,,,,,,,,,,,,,,,,C
2022,8/8/22,SGL103 NORTH,SPRING CONTROL,,23,TEAL50,,WFM,,,,,,,,,,,,,,,,,,,,C
2022,8/8/22,SGL103 NORTH,SPRING CONTROL,,25,TEAL2,,WFM,,,,,,,,,,,,,,,,,,,,C
2022,8/8/22,SGL103 NORTH,SPRING CONTROL,,29,GREY212,,WFM,,,,,,,,,,,,,,,,,,,,C
2022,8/8/22,SGL103 NORTH,SPRING CONTROL,,30,GREY184,,WFM,,,,,,,,,,,,,,,,,,,,C
2022,8/8/22,SGL103 NORTH,SPRING TREATMENT,,13,RED410,Y,WFM,M,AD,49,27,22,1.8,,,,,,0,,,Y,N,,,,T
2022,8/8/22,SGL103 NORTH,SPRING TREATMENT,,5,TEAL162,Y,WFM,M,AD,35,10,25,1.6,,,,,,0,,,Y,N,,,,T
2022,8/8/22,SGL103 NORTH,SPRING TREATMENT,,28,RED351,N,WFM,M,AD,37,14,23,1.6,,,,,,0,,,Y,N,,,,T
2022,8/8/22,SGL103 NORTH,SPRING TREATMENT,,24,TEAL187,Y,WFM,F,AD,33,12,21,1.5,,,,,,0,,,Y,Y,,,,T
2022,8/8/22,SGL103 NORTH,SPRING TREATMENT,,11,RED497,N,WFM,F,AD,31,9,22,1.4,,,,,,0,,,Y,N,,,,T
2022,8/8/22,SGL103 NORTH,SPRING TREATMENT,,18,RED357,N,WFM,M,AD,28,9,19,1.4,,,,,,0,,,Y,Y,,,,T
2022,8/8/22,SGL103 NORTH,SPRING TREATMENT,,25,RED457,N,WFM,F,AD,27,9,18,1.4,,,,,,0,,,Y,Y,,,,T
2022,8/8/22,SGL103 NORTH,SPRING TREATMENT,,3,RED364,N,WFM,F,AD,26,10,16,1.2,,,,,,0,,,Y,N,,,,T
2022,8/8/22,SGL103 NORTH,SPRING TREATMENT,,1,GREY172,,WFM,,,,,,,,,,,,,,,,,,,,T
2022,8/8/22,SGL103 NORTH,SPRING TREATMENT,,2,GREY189,,WFM,,,,,,,,,,,,,,,,,,,,T
2022,8/8/22,SGL103 NORTH,SPRING TREATMENT,,4,GREY250,,WFM,,,,,,,,,,,,,,,,,,,,T
2022,8/8/22,SGL103 NORTH,SPRING TREATMENT,,7,TEAL186,,WFM,,,,,,,,,,,,,,,,,,,,T
2022,8/8/22,SGL103 NORTH,SPRING TREATMENT,,9,GREY211,,WFM,,,,,,,,,,,,,,,,,,,,T
2022,8/8/22,SGL103 NORTH,SPRING TREATMENT,,14,GREY244,,WFM,,,,,,,,,,,,,,,,,,,,T
2022,8/8/22,SGL103 NORTH,SPRING TREATMENT,,16,TEAL191,,WFM,,,,,,,,,,,,,,,,,,,,T
2022,8/8/22,SGL103 NORTH,SPRING TREATMENT,,30,GREY180,,WFM,,,,,,,,,,,,,,,,,,,,T
2022,8/8/22,SGL103 NORTH,SPRING TREATMENT,,27,GREY163,,WFM,,,,,,,,,,,,,,,,,,,,T
2022,8/8/22,SGL103 NORTH,SUMMER CONTROL,,24,N/A,,NST,,,,,,,,,,,,,,,,,,,,C
2022,8/8/22,SGL103 NORTH,SUMMER CONTROL,,3,RED353,N,WFM,M,AD,32,9,23,1.4,,,,,,18,,,Y,Y,,,,C
2022,8/8/22,SGL103 NORTH,SUMMER CONTROL,,2,TEAL63,,WFM,,,,,,,,,,,,,,,,,,,,C
2022,8/8/22,SGL103 NORTH,SUMMER CONTROL,,4,GREY219,,WFM,,,,,,,,,,,,,,,,,,,,C
2022,8/8/22,SGL103 NORTH,SUMMER CONTROL,,6,GREY158,,WFM,,,,,,,,,,,,,,,,,,,,C
2022,8/8/22,SGL103 NORTH,SUMMER CONTROL,,7,GREY229,,WFM,,,,,,,,,,,,,,,,,,,,C
2022,8/8/22,SGL103 NORTH,SUMMER CONTROL,,12,GREY233,,WFM,,,,,,,,,,,,,,,,,,,,C
2022,8/8/22,SGL103 NORTH,SUMMER CONTROL,,14,GREY213,,WFM,,,,,,,,,,,,,,,,,,,,C
2022,8/8/22,SGL103 NORTH,SUMMER CONTROL,,15,GREY177,,WFM,,,,,,,,,,,,,,,,,,,,C
2022,8/8/22,SGL103 NORTH,SUMMER CONTROL,,18,GREY209,,WFM,,,,,,,,,,,,,,,,,,,,C
2022,8/8/22,SGL103 NORTH,SUMMER CONTROL,,22,RED499,,WFM,,,,,,,,,,,,,,,,,,,,C
2022,8/8/22,SGL103 NORTH,SUMMER CONTROL,,23,GREY242,,WFM,,,,,,,,,,,,,,,,,,,,C
2022,8/8/22,SGL103 NORTH,SUMMER CONTROL,,25,GREY195,,WFM,,,,,,,,,,,,,,,,,,,,C
2022,8/8/22,SGL103 NORTH,SUMMER CONTROL,,29,GREY220,,WFM,,,,,,,,,,,,,,,,,,,,C
2022,8/8/22,SGL103 NORTH,SUMMER TREATMENT,,6,RED464,N,WFM,F,AD,22,10,12,1.9,,,,,,0,,,Y,N,,,,T
2022,8/8/22,SGL103 NORTH,SUMMER TREATMENT,,28,RED455,N,WFM,M,AD,38,13,25,1.7,,,,,,4,,,Y,Y,,,,T
2022,8/8/22,SGL103 NORTH,SUMMER TREATMENT,,29,RED352,N,WFM,F,AD,34,9,25,1.6,,,,,,0,,,Y,N,,,,T
2022,8/8/22,SGL103 NORTH,SUMMER TREATMENT,,13,RED369,N,WFM,M,AD,31,9,22,1.4,,,,,,0,,,N,N,,,,T
2022,8/8/22,SGL103 NORTH,SUMMER TREATMENT,,2,RED362,N,WFM,F,AD,28,9,19,1.3,,,,,,2,,,Y,Y,,,,T
2022,8/8/22,SGL103 NORTH,SUMMER TREATMENT,,5,TEAL116,,WFM,,,,,,,,,,,,,,,,,,,,T
2022,8/8/22,SGL103 NORTH,SUMMER TREATMENT,,7,GREY164,,WFM,,,,,,,,,,,,,,,,,,,,T
2022,8/8/22,SGL103 NORTH,SUMMER TREATMENT,,8,GREY153,,WFM,,,,,,,,,,,,,,,,,,,,T
2022,8/8/22,SGL103 NORTH,SUMMER TREATMENT,,9,GREY190,,WFM,,,,,,,,,,,,,,,,,,,,T
2022,8/8/22,SGL103 NORTH,SUMMER TREATMENT,,17,GREY193,,WFM,,,,,,,,,,,,,,,,,,,,T
2022,8/8/22,SGL103 NORTH,SUMMER TREATMENT,,23,GREY230,,WFM,,,,,,,,,,,,,,,,,,,,T
2022,8/8/22,SGL103 NORTH,SUMMER TREATMENT,,24,GREY243,,WFM,,,,,,,,,,,,,,,,,,,,T
2022,8/8/22,SGL103 SOUTH,FALL CONTROL,,23,GREY128,N,WFM,M,JUV,22,11,11,1.2,,,,,,8,,,Y,N,,,,C
2022,8/8/22,SGL103 SOUTH,FALL CONTROL,,9,TEAL87,,WFM,,,,,,,,,,,,,,,,,,,,C
2022,8/8/22,SGL103 SOUTH,FALL CONTROL,,13,GREY112,,WFM,,,,,,,,,,,,,,,,,,,,C
2022,8/8/22,SGL103 SOUTH,FALL CONTROL,,27,RED441,,WFM,,,,,,,,,,,,,,,,,,,,C
2022,8/8/22,SGL103 SOUTH,FALL CONTROL,,29,TEAL36,,WFM,,,,,,,,,,,,,,,,,,,,C
2022,8/8/22,SGL103 SOUTH,FALL TREATMENT,,11,N/A,,NST,,,,,,,,,,,,,,,,,,,,T
2022,8/8/22,SGL103 SOUTH,FALL TREATMENT,,6,RED355,,WFM,,,,,,,,,,,,,,,,,,,,T
2022,8/8/22,SGL103 SOUTH,FALL TREATMENT,,7,GREY141,,WFM,,,,,,,,,,,,,,,,,,,,T
2022,8/8/22,SGL103 SOUTH,FALL TREATMENT,,9,RED405,,WFM,,,,,,,,,,,,,,,,,,,,T
2022,8/8/22,SGL103 SOUTH,FALL TREATMENT,,10,RED400,,WFM,,,,,,,,,,,,,,,,,,,,T
2022,8/8/22,SGL103 SOUTH,FALL TREATMENT,,17,TEAL169,,WFM,,,,,,,,,,,,,,,,,,,,T
2022,8/8/22,SGL103 SOUTH,FALL TREATMENT,,20,RED458,,WFM,,,,,,,,,,,,,,,,,,,,T
2022,8/8/22,SGL103 SOUTH,FALL TREATMENT,,23,RED403,,WFM,,,,,,,,,,,,,,,,,,,,T
2022,8/8/22,SGL103 SOUTH,FALL TREATMENT,,25,GREEN41,,WFM,,,,,,,,,,,,,,,,,,,,T
2022,8/8/22,SGL103 SOUTH,FALL TREATMENT,,26,GREEN44,,WFM,,,,,,,,,,,,,,,,,,,,T
2022,8/8/22,SGL103 SOUTH,FALL TREATMENT,,27,GREY102,,WFM,,,,,,,,,,,,,,,,,,,,T
2022,8/8/22,SGL103 SOUTH,SPRING CONTROL,,7,GREY278,N,WFM,F,JUV,30,16.5,13.5,1.6,,,,,,1,,,N,N,,,,C
2022,8/8/22,SGL103 SOUTH,SPRING CONTROL,,8,GREY262,N,WFM,M,AD,45,20.5,24.5,1.4,,,,,,8,,,Y,Y,,,,C
2022,8/8/22,SGL103 SOUTH,SPRING CONTROL,,18,GREY279,N,WFM,F,AD,31,13,18,1.4,,,,,,9,,,Y,Y,,,,C
2022,8/8/22,SGL103 SOUTH,SPRING CONTROL,,9,TEAL60,Y,WFM,M,AD,35,11,24,1.3,,,,,,6,,,Y,N,,,,C
2022,8/8/22,SGL103 SOUTH,SPRING CONTROL,,5,TEAL31,,WFM,,,,,,,,,,,,,,,,,,,,C
2022,8/8/22,SGL103 SOUTH,SPRING TREATMENT,,10,N/A,,NST,,,,,,,,,,,,,,,,,,,,T
2022,8/8/22,SGL103 SOUTH,SPRING TREATMENT,,15,N/A,,NST,,,,,,,,,,,,,,,,,,,,T
2022,8/8/22,SGL103 SOUTH,SPRING TREATMENT,,5,GREY260,N,WFM,M,AD,33,9,24,1.5,,,,,,0,,,Y,Y,,,,T
2022,8/8/22,SGL103 SOUTH,SPRING TREATMENT,,2,GREY254,N,WFM,F,AD,26,9,17,1.5,,,,,,0,,,Y,Y,,,,T
2022,8/8/22,SGL103 SOUTH,SPRING TREATMENT,,18,GREY251,N,WFM,F,AD,40,16,24,1.4,,,,,,0,,,N,N,,,,T
2022,8/8/22,SGL103 SOUTH,SPRING TREATMENT,,19,TEAL77,Y,WFM,F,AD,39.5,16.5,23,1.4,,,,,,0,,,Y,N,,,,T
2022,8/8/22,SGL103 SOUTH,SPRING TREATMENT,,6,TEAL62,,WFM,,,,,,,,,,,,,,,,,,,,T
2022,8/8/22,SGL103 SOUTH,SPRING TREATMENT,,13,TEAL184,,WFM,,,,,,,,,,,,,,,,,,,,T
2022,8/8/22,SGL103 SOUTH,SPRING TREATMENT,,14,RED474,,WFM,,,,,,,,,,,,,,,,,,,,T
2022,8/8/22,SGL103 SOUTH,SPRING TREATMENT,,21,TEAL89,,WFM,,,,,,,,,,,,,,,,,,,,T
2022,8/8/22,SGL103 SOUTH,SPRING TREATMENT,,22,TEAL26,,WFM,,,,,,,,,,,,,,,,,,,,T
2022,8/8/22,SGL103 SOUTH,SPRING TREATMENT,,25,RED466,,WFM,,,,,,,,,,,,,,,,,,,,T
2022,8/8/22,SGL103 SOUTH,SPRING TREATMENT,,26,RED398,,WFM,,,,,,,,,,,,,,,,,,,,T
2022,8/8/22,SGL103 SOUTH,SPRING TREATMENT,,28,TEAL21,,WFM,,,,,,,,,,,,,,,,,,,,T
2022,8/8/22,SGL103 SOUTH,SUMMER CONTROL,,5,GREY266,N,WFM,M,AD,44,28,16,1.2,,,,,,3,,,Y,Y,,,,C
2022,8/8/22,SGL103 SOUTH,SUMMER CONTROL,,3,RED360,,WFM,,,,,,,,,,,,,,,,,,,,C
2022,8/8/22,SGL103 SOUTH,SUMMER CONTROL,,7,RED389,,WFM,,,,,,,,,,,,,,,,,,,,C
2022,8/8/22,SGL103 SOUTH,SUMMER CONTROL,,8,RED437,,WFM,,,,,,,,,,,,,,,,,,,,C
2022,8/8/22,SGL103 SOUTH,SUMMER CONTROL,,11,RED440,,WFM,,,,,,,,,,,,,,,,,,,,C
2022,8/8/22,SGL103 SOUTH,SUMMER CONTROL,,14,TEAL46,,WFM,,,,,,,,,,,,,,,,,,,,C
2022,8/8/22,SGL103 SOUTH,SUMMER CONTROL,,17,TEAL17,,WFM,,,,,,,,,,,,,,,,,,,,C
2022,8/8/22,SGL103 SOUTH,SUMMER TREATMENT,,18,TEAL55,Y,WFM,F,AD,41,11,30,1.6,,,,,,0,,,N,Y,,,,T
2022,8/8/22,SGL103 SOUTH,SUMMER TREATMENT,,15,GREY267,N,WFM,M,AD,31,12,19,1.4,,,,,,0,,,Y,N,,,,T
2022,8/8/22,SGL103 SOUTH,SUMMER TREATMENT,,10,GREY261,N,WFM,M,AD,33,19,14,1.4,,,,,,3,,,Y,Y,,,,T
2022,8/8/22,SGL103 SOUTH,SUMMER TREATMENT,,7,GREY280,N,WFM,M,AD,44,22,22,1.2,,,,,,0,,,Y,Y,,,,T
2022,8/8/22,SGL103 SOUTH,SUMMER TREATMENT,,15,GREY281,N,WFM,F,AD,20,10,10,1.2,,,,,,0,,,Y,N,,,,T
2022,8/8/22,SGL103 SOUTH,SUMMER TREATMENT,,3,GREY142,N,WFM,M,AD,41.5,23.5,18,1,,,,,,0,,,Y,N,,,,T
2022,8/8/22,SGL103 SOUTH,SUMMER TREATMENT,,7,TEAL82,,WFM,,,,,,,,,,,,,,,,,,,,T
2022,8/8/22,SGL103 SOUTH,SUMMER TREATMENT,,20,RED438,,WFM,,,,,,,,,,,,,,,,,,,,T
2022,8/8/22,SGL103 SOUTH,SUMMER TREATMENT,,24,RED496,,WFM,,,,,,,,,,,,,,,,,,,,T
2022,8/4/22,SGL103 NORTH,FALL CONTROL,,6,RED499,N,WFM,F,AD,30.5,10,20.5,1.5,,,,,,0,,,Y,N,,,,C
2022,8/4/22,SGL103 NORTH,FALL CONTROL,,1,GREY175,N,WFM,F,AD,31.5,12.5,19,1.3,,,,,,2,,,Y,N,,,,C
2022,8/4/22,SGL103 NORTH,FALL CONTROL,,4,GREY242,,WFM,,,,,,,,,,,,,,,,,,,,C
2022,8/4/22,SGL103 NORTH,FALL CONTROL,,7,RED337,,WFM,,,,,,,,,,,,,,,,,,,,C
2022,8/4/22,SGL103 NORTH,FALL CONTROL,,8,RED325,,WFM,,,,,,,,,,,,,,,,,,,,C
2022,8/4/22,SGL103 NORTH,FALL CONTROL,,10,GREY215,,WFM,,,,,,,,,,,,,,,,,,,,C
2022,8/4/22,SGL103 NORTH,FALL CONTROL,,14,GREY157,,WFM,,,,,,,,,,,,,,,,,,,,C
2022,8/4/22,SGL103 NORTH,FALL CONTROL,,16,GREY181,,WFM,,,,,,,,,,,,,,,,,,,,C
2022,8/4/22,SGL103 NORTH,FALL CONTROL,,19,GREY249,,WFM,,,,,,,,,,,,,,,,,,,,C
2022,8/4/22,SGL103 NORTH,FALL CONTROL,,21,RED303,,WFM,,,,,,,,,,,,,,,,,,,,C
2022,8/4/22,SGL103 NORTH,FALL CONTROL,,25,GREY246,,WFM,,,,,,,,,,,,,,,,,,,,C
2022,8/4/22,SGL103 NORTH,FALL TREATMENT,,10,N/A,,NST,,,,,,,,,,,,,,,,,,,,T
2022,8/4/22,SGL103 NORTH,FALL TREATMENT,,28,GREY200,N,WFM,M,AD,34.5,10.5,24,1.4,,,,,,0,,,Y,N,,,,T
2022,8/4/22,SGL103 NORTH,FALL TREATMENT,,16,GREY168,N,WFM,M,AD,28.5,10,18.5,1.4,,,,,,0,,,Y,N,,,,T
2022,8/4/22,SGL103 NORTH,FALL TREATMENT,,23,GREY173,N,WFM,M,AD,24,12.5,11.5,1.3,,,,,,0,,,Y,N,,,,T
2022,8/4/22,SGL103 NORTH,FALL TREATMENT,,18,GREY155,N,WFM,M,JUV,28,13,15,1.2,,,,,,0,,,Y,N,,,,T
2022,8/4/22,SGL103 NORTH,FALL TREATMENT,,1,RED314,,WFM,,,,,,,,,,,,,,,,,,,,T
2022,8/4/22,SGL103 NORTH,FALL TREATMENT,,12,RED347,,WFM,,,,,,,,,,,,,,,,,,,,T
2022,8/4/22,SGL103 NORTH,FALL TREATMENT,,15,GREY185,,WFM,,,,,,,,,,,,,,,,,,,,T
2022,8/4/22,SGL103 NORTH,FALL TREATMENT,,19,RED401,,WFM,,,,,,,,,,,,,,,,,,,,T
2022,8/4/22,SGL103 NORTH,FALL TREATMENT,,22,GREY248,,WFM,,,,,,,,,,,,,,,,,,,,T
2022,8/4/22,SGL103 NORTH,FALL TREATMENT,,25,TEAL52,,WFM,,,,,,,,,,,,,,,,,,,,T
2022,8/4/22,SGL103 NORTH,SPRING CONTROL,,9,N/A,,NST,,,,,,,,,,,,,,,,,,,,C
2022,8/4/22,SGL103 NORTH,SPRING CONTROL,,24,TEAL2,Y,WFM,F,AD,33.5,9.5,24,1.5,,,,,,0,,,Y,N,,,,C
2022,8/4/22,SGL103 NORTH,SPRING CONTROL,,30,GREY169,N,WFM,F,AD,26,10,16,1.5,,,,,,3,,,Y,N,,,,C
2022,8/4/22,SGL103 NORTH,SPRING CONTROL,,18,GREY192,N,WFM,M,AD,30,10,20,1.4,,,,,,5,,,Y,N,,,,C
2022,8/4/22,SGL103 NORTH,SPRING CONTROL,,3,GREY159,N,WFM,F,AD,38,10,28,1.3,,,,,,2,,,Y,N,,,,C
2022,8/4/22,SGL103 NORTH,SPRING CONTROL,,26,GREY179,N,WFM,F,AD,31,10,21,1.3,,,,,,6,,,Y,N,,,,C
2022,8/4/22,SGL103 NORTH,SPRING CONTROL,,19,GREY194,N,WFM,F,AD,31,13.5,17.5,1.3,,,,,,6,,,Y,Y,,,,C
2022,8/4/22,SGL103 NORTH,SPRING CONTROL,,1,GREY234,,WFM,,,,,,,,,,,,,,,,,,,,C
2022,8/4/22,SGL103 NORTH,SPRING CONTROL,,5,TEAL4,,WFM,,,,,,,,,,,,,,,,,,,,C
2022,8/4/22,SGL103 NORTH,SPRING CONTROL,,12,GREY235,,WFM,,,,,,,,,,,,,,,,,,,,C
2022,8/4/22,SGL103 NORTH,SPRING CONTROL,,14,GREY171,,WFM,,,,,,,,,,,,,,,,,,,,C
2022,8/4/22,SGL103 NORTH,SPRING CONTROL,,16,GREY188,,WFM,,,,,,,,,,,,,,,,,,,,C
2022,8/4/22,SGL103 NORTH,SPRING CONTROL,,17,GREY225,,WFM,,,,,,,,,,,,,,,,,,,,C
2022,8/4/22,SGL103 NORTH,SPRING CONTROL,,21,GREY152,,WFM,,,,,,,,,,,,,,,,,,,,C
2022,8/4/22,SGL103 NORTH,SPRING CONTROL,,25,GREY238,,WFM,,,,,,,,,,,,,,,,,,,,C
2022,8/4/22,SGL103 NORTH,SPRING CONTROL,,27,GREY201,,WFM,,,,,,,,,,,,,,,,,,,,C
2022,8/4/22,SGL103 NORTH,SPRING CONTROL,,28,TEAL50,,WFM,,,,,,,,,,,,,,,,,,,,C
2022,8/4/22,SGL103 NORTH,SPRING CONTROL,,29,TEAL159,,WFM,,,,,,,,,,,,,,,,,,,,C
2022,8/4/22,SGL103 NORTH,SPRING TREATMENT,,20,N/A,,NST,,,,,,,,,,,,,,,,,,,,T
2022,8/4/22,SGL103 NORTH,SPRING TREATMENT,,11,GREY151,N,WFM,F,AD,37,16,21,1.5,,,,,,0,,,Y,N,,,,T
2022,8/4/22,SGL103 NORTH,SPRING TREATMENT,,15,GREY191,N,WFM,M,AD,37,10,27,1.4,,,,,,2,,,Y,N,,,,T
2022,8/4/22,SGL103 NORTH,SPRING TREATMENT,,1,GREY189,N,WFM,M,AD,34,14,20,1.4,,,,,,0,,,Y,N,,,,T
2022,8/4/22,SGL103 NORTH,SPRING TREATMENT,,16,GREY176,N,WFM,M,AD,30,10,20,1.4,,,,,,0,,,Y,N,,,,T
2022,8/4/22,SGL103 NORTH,SPRING TREATMENT,,9,GREY170,N,WFM,M,AD,28,10,18,1.4,,,,,,0,,,Y,N,,,,T
2022,8/4/22,SGL103 NORTH,SPRING TREATMENT,,25,GREY167,N,WFM,F,AD,26,10,16,1.4,,,,,,2,,,Y,N,,,,T
2022,8/4/22,SGL103 NORTH,SPRING TREATMENT,,13,RED410,N,WFM,M,AD,44,10,34,1.3,,,,,,1,,,Y,N,,,,T
2022,8/4/22,SGL103 NORTH,SPRING TREATMENT,,13,GREY162,N,WFM,F,AD,37,10,27,1.3,,,,,,0,,,Y,N,,,,T
2022,8/4/22,SGL103 NORTH,SPRING TREATMENT,,30,GREY180,N,WFM,M,AD,32,10,22,1.3,,,,,,0,,,Y,N,,,,T
2022,8/4/22,SGL103 NORTH,SPRING TREATMENT,,5,GREY250,,WFM,,,,,,,,,,,,,,,,,,,,T
2022,8/4/22,SGL103 NORTH,SPRING TREATMENT,,17,TEAL191,,WFM,,,,,,,,,,,,,,,,,,,,T
2022,8/4/22,SGL103 NORTH,SPRING TREATMENT,,24,GREY239,,WFM,,,,,,,,,,,,,,,,,,,,T
2022,8/4/22,SGL103 NORTH,SPRING TREATMENT,,27,GREY240,,WFM,,,,,,,,,,,,,,,,,,,,T
2022,8/4/22,SGL103 NORTH,SPRING TREATMENT,,28,GREY198,,WFM,,,,,,,,,,,,,,,,,,,,T
2022,8/4/22,SGL103 NORTH,SUMMER CONTROL,,16,N/A,,NST,,,,,,,,,,,,,,,,,,,,C
2022,8/4/22,SGL103 NORTH,SUMMER CONTROL,,18,N/A,,NST,,,,,,,,,,,,,,,,,,,,C
2022,8/4/22,SGL103 NORTH,SUMMER CONTROL,,10,GREY161,N,WFM,M,AD,40,10,30,1.6,,,,,,1,,,Y,N,,,,C
2022,8/4/22,SGL103 NORTH,SUMMER CONTROL,,13,GREY177,N,WFM,M,AD,38,14,24,1.5,,,,,,5,,,Y,N,,,,C
2022,8/4/22,SGL103 NORTH,SUMMER CONTROL,,25,GREY195,N,WFM,M,AD,33,10,23,1.5,,,,,,0,,,Y,N,,,,C
2022,8/4/22,SGL103 NORTH,SUMMER CONTROL,,8,GREY158,N,WFM,F,AD,35.5,14,21.5,1.2,,,,,,3,,,Y,N,,,,C
2022,8/4/22,SGL103 NORTH,SUMMER CONTROL,,3,TEAL63,,WFM,,,,,,,,,,,,,,,,,,,,C
2022,8/4/22,SGL103 NORTH,SUMMER CONTROL,,4,GREY219,,WFM,,,,,,,,,,,,,,,,,,,,C
2022,8/4/22,SGL103 NORTH,SUMMER CONTROL,,7,GREY229,,WFM,,,,,,,,,,,,,,,,,,,,C
2022,8/4/22,SGL103 NORTH,SUMMER CONTROL,,14,GREY213,,WFM,,,,,,,,,,,,,,,,,,,,C
2022,8/4/22,SGL103 NORTH,SUMMER CONTROL,,15,GREY221,,WFM,,,,,,,,,,,,,,,,,,,,C
2022,8/4/22,SGL103 NORTH,SUMMER CONTROL,,19,GREY209,,WFM,,,,,,,,,,,,,,,,,,,,C
2022,8/4/22,SGL103 NORTH,SUMMER CONTROL,,23,GREY160,,WFM,,,,,,,,,,,,,,,,,,,,C
2022,8/4/22,SGL103 NORTH,SUMMER CONTROL,,30,GREY220,,WFM,,,,,,,,,,,,,,,,,,,,C
2022,8/4/22,SGL103 NORTH,SUMMER TREATMENT,,8,N/A,,MV,,,,,,,,,,,,,,,,,,,,T
2022,8/4/22,SGL103 NORTH,SUMMER TREATMENT,,23,N/A,,NST,,,,,,,,,,,,,,,,,,,,T
2022,8/4/22,SGL103 NORTH,SUMMER TREATMENT,,22,GREY199,N,WFM,F,AD,36,13,23,1.7,,,,,,0,,,Y,N,,,,T
2022,8/4/22,SGL103 NORTH,SUMMER TREATMENT,,9,GREY190,N,WFM,M,AD,29,12,17,1.7,,,,,,0,,,Y,N,,,,T
2022,8/4/22,SGL103 NORTH,SUMMER TREATMENT,,16,GREY193,N,WFM,F,AD,33,15,18,1.5,,,,,,0,,,Y,N,,,,T
2022,8/4/22,SGL103 NORTH,SUMMER TREATMENT,,29,GREY163,N,WFM,M,AD,28,11,17,1.4,,,,,,0,,,Y,N,,,,T
2022,8/4/22,SGL103 NORTH,SUMMER TREATMENT,,5,GREY166,N,WFM,M,JUV,24,10,14,1.4,,,,,,10,,,Y,N,,,,T
2022,8/4/22,SGL103 NORTH,SUMMER TREATMENT,,8,GREY153,N,WFM,M,AD,37,13,24,1.3,,,,,,2,,,Y,N,,,,T
2022,8/4/22,SGL103 NORTH,SUMMER TREATMENT,,4,TEAL116,,WFM,,,,,,,,,,,,,,,,,,,,T
2022,8/4/22,SGL103 NORTH,SUMMER TREATMENT,,7,GREY154,,WFM,,,,,,,,,,,,,,,,,,,,T
2022,8/4/22,SGL103 NORTH,SUMMER TREATMENT,,13,TEAL47,,WFM,,,,,,,,,,,,,,,,,,,,T
2022,8/4/22,SGL103 NORTH,SUMMER TREATMENT,,24,TEAL180,,WFM,,,,,,,,,,,,,,,,,,,,T
2022,8/4/22,SGL103 NORTH,SUMMER TREATMENT,,27,GREY224,,WFM,,,,,,,,,,,,,,,,,,,,T
2022,8/4/22,SGL103 NORTH,SUMMER TREATMENT,,29,GREY202,,WFM,,,,,,,,,,,,,,,,,,,,T
2022,8/4/22,SGL103 SOUTH,FALL CONTROL,,19,TEAL36,Y,WFM,M,AD,45,20,25,1.4,,,,,,0,,,Y,Y,,,,C
2022,8/4/22,SGL103 SOUTH,FALL CONTROL,,7,RED494,,WFM,,,,,,,,,,,,,,,,,,,,C
2022,8/4/22,SGL103 SOUTH,FALL CONTROL,,9,RED346,,WFM,,,,,,,,,,,,,,,,,,,,C
2022,8/4/22,SGL103 SOUTH,FALL CONTROL,,12,TEAL87,,WFM,,,,,,,,,,,,,,,,,,,,C
2022,8/4/22,SGL103 SOUTH,FALL CONTROL,,13,GREY112,,WFM,,,,,,,,,,,,,,,,,,,,C
2022,8/4/22,SGL103 SOUTH,FALL CONTROL,,14,3231,,WFM,,,,,,,,,,,,,,,,,,,,C
2022,8/4/22,SGL103 SOUTH,FALL CONTROL,,18,RED394,,WFM,,,,,,,,,,,,,,,,,,,,C
2022,8/4/22,SGL103 SOUTH,FALL CONTROL,,20,3276,,WFM,,,,,,,,,,,,,,,,,,,,C
2022,8/4/22,SGL103 SOUTH,FALL CONTROL,,26,TEAL7,,WFM,,,,,,,,,,,,,,,,,,,,C
2022,8/4/22,SGL103 SOUTH,FALL CONTROL,,29,RED428,,WFM,,,,,,,,,,,,,,,,,,,,C
2022,8/4/22,SGL103 SOUTH,FALL TREATMENT,,27,GREY273,N,WFM,F,AD,31,11,20,1.6,,,,,,0,,,Y,Y,,,,T
2022,8/4/22,SGL103 SOUTH,FALL TREATMENT,,4,TEAL146,,WFM,,,,,,,,,,,,,,,,,,,,T
2022,8/4/22,SGL103 SOUTH,FALL TREATMENT,,6,RED355,,WFM,,,,,,,,,,,,,,,,,,,,T
2022,8/4/22,SGL103 SOUTH,FALL TREATMENT,,7,GREY141,,WFM,,,,,,,,,,,,,,,,,,,,T
2022,8/4/22,SGL103 SOUTH,FALL TREATMENT,,11,RED405,,WFM,,,,,,,,,,,,,,,,,,,,T
2022,8/4/22,SGL103 SOUTH,FALL TREATMENT,,13,TEAL169,,WFM,,,,,,,,,,,,,,,,,,,,T
2022,8/4/22,SGL103 SOUTH,FALL TREATMENT,,22,RED403,,WFM,,,,,,,,,,,,,,,,,,,,T
2022,8/4/22,SGL103 SOUTH,FALL TREATMENT,,23,GREY102,,WFM,,,,,,,,,,,,,,,,,,,,T
2022,8/4/22,SGL103 SOUTH,FALL TREATMENT,,26,GREEN41,,WFM,,,,,,,,,,,,,,,,,,,,T
2022,8/4/22,SGL103 SOUTH,FALL TREATMENT,,27,RED359,,WFM,,,,,,,,,,,,,,,,,,,,T
2022,8/4/22,SGL103 SOUTH,SPRING CONTROL,,2,N/A,,NST,,,,,,,,,,,,,,,,,,,,C
2022,8/4/22,SGL103 SOUTH,SPRING CONTROL,,5,TEAL121,,WFM,,,,,,,,,,,,,,,,,,,,C
2022,8/4/22,SGL103 SOUTH,SPRING CONTROL,,9,TEAL45,,WFM,,,,,,,,,,,,,,,,,,,,C
2022,8/4/22,SGL103 SOUTH,SPRING CONTROL,,15,RED462,,WFM,,,,,,,,,,,,,,,,,,,,C
2022,8/4/22,SGL103 SOUTH,SPRING TREATMENT,,9,RED454,,WFM,,,,,,,,,,,,,,,,,,,,T
2022,8/4/22,SGL103 SOUTH,SPRING TREATMENT,,18,TEAL99,,WFM,,,,,,,,,,,,,,,,,,,,T
2022,8/4/22,SGL103 SOUTH,SPRING TREATMENT,,25,RED499,,WFM,,,,,,,,,,,,,,,,,,,,T
2022,8/4/22,SGL103 SOUTH,SPRING TREATMENT,,28,RED452,,WFM,,,,,,,,,,,,,,,,,,,,T
2022,8/4/22,SGL103 SOUTH,SUMMER CONTROL,,8,N/A,,NST,,,,,,,,,,,,,,,,,,,,C
2022,8/4/22,SGL103 SOUTH,SUMMER CONTROL,,13,N/A,,NST,,,,,,,,,,,,,,,,,,,,C
2022,8/4/22,SGL103 SOUTH,SUMMER CONTROL,,16,N/A,,NST,,,,,,,,,,,,,,,,,,,,C
2022,8/4/22,SGL103 SOUTH,SUMMER CONTROL,,11,GREY143,N,WFM,F,AD,52.5,32.5,20,1.8,,,,,,4,,,Y,Y,,,,C
2022,8/4/22,SGL103 SOUTH,SUMMER CONTROL,,14,GREY131,N,WFM,F,JUV,34.5,22,12.5,1.5,,,,,,11,,,Y,N,,,,C
2022,8/4/22,SGL103 SOUTH,SUMMER CONTROL,,3,RED360,,WFM,,,,,,,,,,,,,,,,,,,,C
2022,8/4/22,SGL103 SOUTH,SUMMER CONTROL,,7,RED389,,WFM,,,,,,,,,,,,,,,,,,,,C
2022,8/4/22,SGL103 SOUTH,SUMMER CONTROL,,12,TEAL46,,WFM,,,,,,,,,,,,,,,,,,,,C
2022,8/4/22,SGL103 SOUTH,SUMMER CONTROL,,18,RED375,,WFM,,,,,,,,,,,,,,,,,,,,C
2022,8/4/22,SGL103 SOUTH,SUMMER CONTROL,,19,GREY109,,WFM,,,,,,,,,,,,,,,,,,,,C
2022,8/4/22,SGL103 SOUTH,SUMMER CONTROL,,21,RED425,,WFM,,,,,,,,,,,,,,,,,,,,C
2022,8/4/22,SGL103 SOUTH,SUMMER CONTROL,,26,TEAL27,,WFM,,,,,,,,,,,,,,,,,,,,C
2022,8/4/22,SGL103 SOUTH,SUMMER TREATMENT,,27,GREY270,N,WFM,M,AD,40,15,25,,,,,,,0,,,N,N,,,,T
2022,8/4/22,SGL103 SOUTH,SUMMER TREATMENT,,6,GREY103,N,WFM,F,AD,38,11,27,1.6,,,,,,6,,,Y,Y,,,,T
2022,8/4/22,SGL103 SOUTH,SUMMER TREATMENT,,10,GREY283,N,WFM,M,AD,34,13,21,1.5,,,,,,0,,,Y,N,,,,T
2022,8/4/22,SGL103 SOUTH,SUMMER TREATMENT,,12,TEAL30,Y,WFM,M,AD,41,13.5,27.5,1.4,,,,,,0,,,Y,N,,,,T
2022,8/4/22,SGL103 SOUTH,SUMMER TREATMENT,,4,GREY295,N,WFM,M,AD,45,19,26,1.2,,,,,,1,,,Y,Y,,,,T
2022,8/4/22,SGL103 SOUTH,SUMMER TREATMENT,,7,TEAL82,Y,WFM,F,AD,31,15,16,1.2,,,,,,0,,,Y,Y,,,,T
2022,8/4/22,SGL103 SOUTH,SUMMER TREATMENT,,18,RED438,,WFM,,,,,,,,,,,,,,,,,,,,T
2022,8/4/22,SGL103 SOUTH,SUMMER TREATMENT,,20,RED478,,WFM,,,,,,,,,,,,,,,,,,,,T
2022,8/3/22,SGL103 NORTH,FALL CONTROL,,16,TEAL78,Y,WFM,F,AD,34,15,19,1.7,,,,,,0,,,N,N,,,,C
2022,8/3/22,SGL103 NORTH,FALL CONTROL,,11,GREY157,N,WFM,M,AD,30,10,20,1.6,,,,,,0,,,Y,N,,,,C
2022,8/3/22,SGL103 NORTH,FALL CONTROL,,18,GREY181,N,WFM,M,AD,38,10,28,1.4,,,,,,3,,,Y,N,,,,C
2022,8/3/22,SGL103 NORTH,FALL CONTROL,,6,RED337,,WFM,,,,,,,,,,,,,,,,,,,,C
2022,8/3/22,SGL103 NORTH,FALL CONTROL,,8,GREY215,,WFM,,,,,,,,,,,,,,,,,,,,C
2022,8/3/22,SGL103 NORTH,FALL CONTROL,,14,GREY228,,WFM,,,,,,,,,,,,,,,,,,,,C
2022,8/3/22,SGL103 NORTH,FALL CONTROL,,18,TEAL58,,WFM,,,,,,,,,,,,,,,,,,,,C
2022,8/3/22,SGL103 NORTH,FALL CONTROL,,21,GREY249,,WFM,,,,,,,,,,,,,,,,,,,,C
2022,8/3/22,SGL103 NORTH,FALL CONTROL,,24,GREY248,,WFM,,,,,,,,,,,,,,,,,,,,C
2022,8/3/22,SGL103 NORTH,FALL TREATMENT,,22,GREY183,N,WFM,M,JUV,31,10,21,1.8,,,,,,0,,,Y,N,,,,T
2022,8/3/22,SGL103 NORTH,FALL TREATMENT,,16,GREY185,N,WFM,M,AD,35,13,22,1.6,,,,,,3,,,Y,N,,,,T
2022,8/3/22,SGL103 NORTH,FALL TREATMENT,,10,TEAL158,Y,WFM,M,AD,39,9,30,1.5,,,,,,0,,,N,N,,,,T
2022,8/3/22,SGL103 NORTH,FALL TREATMENT,,30,GREY182,N,WFM,F,AD,37,21,16,1.4,,,,,,0,,,Y,Y,,,,T
2022,8/3/22,SGL103 NORTH,FALL TREATMENT,,9,RED341,,WFM,,,,,,,,,,,,,,,,,,,,T
2022,8/3/22,SGL103 NORTH,FALL TREATMENT,,12,RED347,,WFM,,,,,,,,,,,,,,,,,,,,T
2022,8/3/22,SGL103 NORTH,FALL TREATMENT,,19,RED401,,WFM,,,,,,,,,,,,,,,,,,,,T
2022,8/3/22,SGL103 NORTH,FALL TREATMENT,,24,TEAL52,,WFM,,,,,,,,,,,,,,,,,,,,T
2022,8/3/22,SGL103 NORTH,SPRING CONTROL,,18,GREY188,N,WFM,M,AD,40,15,25,,,,,,,0,,,Y,N,,,,C
2022,8/3/22,SGL103 NORTH,SPRING CONTROL,,15,TEAL194,Y,WFM,M,AD,36,9,27,1.7,,,,,,1,,,Y,N,,,,C
2022,8/3/22,SGL103 NORTH,SPRING CONTROL,,25,TEAL2,Y,WFM,F,AD,36,10,26,1.5,,,,,,6,,,Y,N,,,,C
2022,8/3/22,SGL103 NORTH,SPRING CONTROL,,23,GREY187,N,WFM,M,AD,38,17,21,1.5,,,,,,2,,,Y,N,,,,C
2022,8/3/22,SGL103 NORTH,SPRING CONTROL,,9,GREY174,N,WFM,F,AD,30,10,20,1.5,,,,,,2,,,Y,Y,,,,C
2022,8/3/22,SGL103 NORTH,SPRING CONTROL,,14,GREY171,N,WFM,M,AD,28.5,10,18.5,1.3,,,,,,1,,,Y,N,,,,C
2022,8/3/22,SGL103 NORTH,SPRING CONTROL,,29,GREY148,N,WFM,M,AD,36,12,24,1.2,,,,,,5,1,,Y,Y,,,,C
2022,8/3/22,SGL103 NORTH,SPRING CONTROL,,22,GREY152,N,WFM,F,AD,26,10,16,1.2,,,,,,0,,,Y,N,,,,C
2022,8/3/22,SGL103 NORTH,SPRING CONTROL,,1,GREY234,,WFM,,,,,,,,,,,,,,,,,,,,C
2022,8/3/22,SGL103 NORTH,SPRING CONTROL,,3,GREY222,,WFM,,,,,,,,,,,,,,,,,,,,C
2022,8/3/22,SGL103 NORTH,SPRING CONTROL,,4,TEAL4,,WFM,,,,,,,,,,,,,,,,,,,,C
2022,8/3/22,SGL103 NORTH,SPRING CONTROL,,16,GREY225,,WFM,,,,,,,,,,,,,,,,,,,,C
2022,8/3/22,SGL103 NORTH,SPRING CONTROL,,19,GREY247,,WFM,,,,,,,,,,,,,,,,,,,,C
2022,8/3/22,SGL103 NORTH,SPRING CONTROL,,21,GREY216,,WFM,,,,,,,,,,,,,,,,,,,,C
2022,8/3/22,SGL103 NORTH,SPRING CONTROL,,26,TEAL50,,WFM,,,,,,,,,,,,,,,,,,,,C
2022,8/3/22,SGL103 NORTH,SPRING CONTROL,,27,GREY201,,WFM,,,,,,,,,,,,,,,,,,,,C
2022,8/3/22,SGL103 NORTH,SPRING CONTROL,,30,TEAL159,,WFM,,,,,,,,,,,,,,,,,,,,C
2022,8/3/22,SGL103 NORTH,SPRING TREATMENT,,7,GREY178,N,WFM,M,AD,37,13,24,,,,,,,0,,,N,Y,,,,T
2022,8/3/22,SGL103 NORTH,SPRING TREATMENT,,19,GREY197,N,WFM,M,AD,48,24,24,1.5,,,,,,0,,,N,Y,,,,T
2022,8/3/22,SGL103 NORTH,SPRING TREATMENT,,28,GREY198,N,WFM,M,AD,30,10,20,1.4,,,,,,3,,,Y,N,,,,T
2022,8/3/22,SGL103 NORTH,SPRING TREATMENT,,1,GREY172,N,WFM,M,AD,35,10,25,1.3,,,,,,0,,,Y,N,,,,T
2022,8/3/22,SGL103 NORTH,SPRING TREATMENT,,16,GREY156,N,WFM,M,JUV,26,10,16,1.1,,,,,,0,,,Y,N,,,,T
2022,8/3/22,SGL103 NORTH,SPRING TREATMENT,,2,GREY227,,WFM,,,,,,,,,,,,,,,,,,,,T
2022,8/3/22,SGL103 NORTH,SPRING TREATMENT,,4,GREY250,,WFM,,,,,,,,,,,,,,,,,,,,T
2022,8/3/22,SGL103 NORTH,SPRING TREATMENT,,11,GREY237,,WFM,,,,,,,,,,,,,,,,,,,,T
2022,8/3/22,SGL103 NORTH,SPRING TREATMENT,,14,GREY244,,WFM,,,,,,,,,,,,,,,,,,,,T
2022,8/3/22,SGL103 NORTH,SPRING TREATMENT,,22,GREY239,,WFM,,,,,,,,,,,,,,,,,,,,T
2022,8/3/22,SGL103 NORTH,SPRING TREATMENT,,24,GREY206,,WFM,,,,,,,,,,,,,,,,,,,,T
2022,8/3/22,SGL103 NORTH,SPRING TREATMENT,,27,GREY205,,WFM,,,,,,,,,,,,,,,,,,,,T
2022,8/3/22,SGL103 NORTH,SUMMER CONTROL,,23,GREY160,N,WFM,M,AD,35,16,19,1.5,,,,,,3,,,Y,Y,,,,C
2022,8/3/22,SGL103 NORTH,SUMMER CONTROL,,3,GREY226,,WFM,,,,,,,,,,,,,,,,,,,,C
2022,8/3/22,SGL103 NORTH,SUMMER CONTROL,,4,GREY219,,WFM,,,,,,,,,,,,,,,,,,,,C
2022,8/3/22,SGL103 NORTH,SUMMER CONTROL,,9,GREY229,,WFM,,,,,,,,,,,,,,,,,,,,C
2022,8/3/22,SGL103 NORTH,SUMMER CONTROL,,12,GREY221,,WFM,,,,,,,,,,,,,,,,,,,,C
2022,8/3/22,SGL103 NORTH,SUMMER CONTROL,,13,GREY213,,WFM,,,,,,,,,,,,,,,,,,,,C
2022,8/3/22,SGL103 NORTH,SUMMER CONTROL,,30,GREY220,,WFM,,,,,,,,,,,,,,,,,,,,C
2022,8/3/22,SGL103 NORTH,SUMMER TREATMENT,,2,GREY164,N,WFM,M,AD,35,11,24,1.5,,,,,,0,,,Y,N,,,,T
2022,8/3/22,SGL103 NORTH,SUMMER TREATMENT,,7,GREY154,N,WFM,M,AD,28,10,18,1.4,,,,,,0,,,Y,N,,,,T
2022,8/3/22,SGL103 NORTH,SUMMER TREATMENT,,9,GREY196,N,WFM,F,AD,28,10,18,1.1,,,,,,0,,,Y,Y,,,,T
2022,8/3/22,SGL103 NORTH,SUMMER TREATMENT,,3,TEAL116,,WFM,,,,,,,,,,,,,,,,,,,,T
2022,8/3/22,SGL103 NORTH,SUMMER TREATMENT,,13,TEAL47,,WFM,,,,,,,,,,,,,,,,,,,,T
2022,8/3/22,SGL103 NORTH,SUMMER TREATMENT,,22,GREY231,,WFM,,,,,,,,,,,,,,,,,,,,T
2022,8/3/22,SGL103 NORTH,SUMMER TREATMENT,,23,GREY245,,WFM,,,,,,,,,,,,,,,,,,,,T
2022,8/3/22,SGL103 NORTH,SUMMER TREATMENT,,24,TEAL180,,WFM,,,,,,,,,,,,,,,,,,,,T
2022,8/3/22,SGL103 NORTH,SUMMER TREATMENT,,25,GREY224,,WFM,,,,,,,,,,,,,,,,,,,,T
2022,8/3/22,SGL103 NORTH,SUMMER TREATMENT,,29,GREY202,,WFM,,,,,,,,,,,,,,,,,,,,T
2022,8/3/22,SGL103 SOUTH,FALL CONTROL,,15,N/A,,NST,,,,,,,,,,,,,,,,,,,,C
2022,8/3/22,SGL103 SOUTH,FALL CONTROL,,13,GREY112,N,WFM,F,AD,43,21,22,1.6,,,,,,3,,,Y,N,,,,C
2022,8/3/22,SGL103 SOUTH,FALL CONTROL,,10,GREY282,N,WFM,M,AD,40,20,20,1.4,,,,,,0,,,Y,Y,,,,C
2022,8/3/22,SGL103 SOUTH,FALL CONTROL,,5,GREY135,N,WFM,M,AD,33,15,18,1.2,,,,,,24,,,Y,Y,,,,C
2022,8/3/22,SGL103 SOUTH,FALL CONTROL,,7,RED494,,WFM,,,,,,,,,,,,,,,,,,,,C
2022,8/3/22,SGL103 SOUTH,FALL CONTROL,,8,RED306,,WFM,,,,,,,,,,,,,,,,,,,,C
2022,8/3/22,SGL103 SOUTH,FALL CONTROL,,17,3231,,WFM,,,,,,,,,,,,,,,,,,,,C
2022,8/3/22,SGL103 SOUTH,FALL CONTROL,,19,RED394,,WFM,,,,,,,,,,,,,,,,,,,,C
2022,8/3/22,SGL103 SOUTH,FALL CONTROL,,21,3276,,WFM,,,,,,,,,,,,,,,,,,,,C
2022,8/3/22,SGL103 SOUTH,FALL CONTROL,,23,TEAL7 ,,WFM,,,,,,,,,,,,,,,,,,,,C
2022,8/3/22,SGL103 SOUTH,FALL CONTROL,,26,RED441,,WFM,,,,,,,,,,,,,,,,,,,,C
2022,8/3/22,SGL103 SOUTH,FALL CONTROL,,29,RED428,,WFM,,,,,,,,,,,,,,,,,,,,C
2022,8/3/22,SGL103 SOUTH,FALL TREATMENT,,28,GREY119,N,WFM,F,AD,43.5,23.5,20,1.8,,,,,,0,,,Y,Y,,,,T
2022,8/3/22,SGL103 SOUTH,FALL TREATMENT,,25,GREEN44,Y,WFM,F,AD,32,9,23,1.6,,,,,,0,,,Y,Y,,,,T
2022,8/3/22,SGL103 SOUTH,FALL TREATMENT,,4,TEAL3 ,Y,WFM,F,AD,43,17,26,1.5,,,,,,0,,,Y,N,,,,T
2022,8/3/22,SGL103 SOUTH,FALL TREATMENT,,8,GREY141,N,WFM,F,AD,41,20,21,1.5,,,,,,0,,,Y,Y,,,,T
2022,8/3/22,SGL103 SOUTH,FALL TREATMENT,,16,TEAL64,Y,WFM,F,AD,34,12,22,1.3,,,,,,0,,,Y,Y,,,,T
2022,8/3/22,SGL103 SOUTH,FALL TREATMENT,,26,GREY102,N,WFM,M,AD,31,9,22,1.2,,,,,,0,,,Y,Y,,,,T
2022,8/3/22,SGL103 SOUTH,FALL TREATMENT,,5,TEAL146,,WFM,,,,,,,,,,,,,,,,,,,,T
2022,8/3/22,SGL103 SOUTH,FALL TREATMENT,,6,RED355,,WFM,,,,,,,,,,,,,,,,,,,,T
2022,8/3/22,SGL103 SOUTH,FALL TREATMENT,,10,RED405,,WFM,,,,,,,,,,,,,,,,,,,,T
2022,8/3/22,SGL103 SOUTH,FALL TREATMENT,,17,TEAL169,,WFM,,,,,,,,,,,,,,,,,,,,T
2022,8/3/22,SGL103 SOUTH,FALL TREATMENT,,19,RED458,,WFM,,,,,,,,,,,,,,,,,,,,T
2022,8/3/22,SGL103 SOUTH,FALL TREATMENT,,24,RED403,,WFM,,,,,,,,,,,,,,,,,,,,T
2022,8/3/22,SGL103 SOUTH,FALL TREATMENT,,27,RED359,,WFM,,,,,,,,,,,,,,,,,,,,T
2022,8/3/22,SGL103 SOUTH,SPRING CONTROL,,24,TEAL164,Y,WFM,M,AD,46.5,12.5,34,1.6,,,,,,4,,,Y,N,,,,C
2022,8/3/22,SGL103 SOUTH,SPRING CONTROL,,13,TEAL196,Y,WFM,M,AD,37.5,12,25.5,1.6,,,,,,9,,,Y,N,,,,C
2022,8/3/22,SGL103 SOUTH,SPRING CONTROL,,14,GREY292,N,WFM,M,AD,39,15,24,1.4,,,,,,7,,,Y,Y,,,,C
2022,8/3/22,SGL103 SOUTH,SPRING CONTROL,,29,GREY288,N,WFM,F,AD,43,20,23,1.4,,,,,,2,,,Y,Y,,,,C
2022,8/3/22,SGL103 SOUTH,SPRING CONTROL,,7,GREY132,N,WFM,M,AD,35.5,13,22.5,1.4,,,,,,11,,,Y,N,,,,C
2022,8/3/22,SGL103 SOUTH,SPRING CONTROL,,23,GREY252,N,WFM,M,AD,37,19,18,1.4,,,,,,19,,,Y,Y,,,,C
2022,8/3/22,SGL103 SOUTH,SPRING CONTROL,,28,GREY150,N,WFM,F,AD,28,9,19,1.3,,,,,,0,,,Y,N,,,,C
2022,8/3/22,SGL103 SOUTH,SPRING CONTROL,,5,TEAL31,,WFM,,,,,,,,,,,,,,,,,,,,C
2022,8/3/22,SGL103 SOUTH,SPRING CONTROL,,16,TEAL88,,WFM,,,,,,,,,,,,,,,,,,,,C
2022,8/3/22,SGL103 SOUTH,SPRING CONTROL,,18,TEAL74,,WFM,,,,,,,,,,,,,,,,,,,,C
2022,8/3/22,SGL103 SOUTH,SPRING CONTROL,,19,RED462,,WFM,,,,,,,,,,,,,,,,,,,,C
2022,8/3/22,SGL103 SOUTH,SPRING CONTROL,,22,TEAL133,,WFM,,,,,,,,,,,,,,,,,,,,C
2022,8/3/22,SGL103 SOUTH,SPRING CONTROL,,24,TEAL164,,WFM,,,,,,,,,,,,,,,,,,,,C
2022,8/3/22,SGL103 SOUTH,SPRING TREATMENT,,5,N/A,,NST,,,,,,,,,,,,,,,,,,,,T
2022,8/3/22,SGL103 SOUTH,SPRING TREATMENT,,14,N/A,,NST,,,,,,,,,,,,,,,,,,,,T
2022,8/3/22,SGL103 SOUTH,SPRING TREATMENT,,2,GREY115,N,WFM,F,AD,38,20,18,1.6,,,,,,0,,,Y,Y,,,,T
2022,8/3/22,SGL103 SOUTH,SPRING TREATMENT,,22,GREY262,Y,WFM,M,AD,34,11,23,1.2,,,,,,4,,,Y,Y,,,,T
2022,8/3/22,SGL103 SOUTH,SPRING TREATMENT,,3,TEAL62,,WFM,,,,,,,,,,,,,,,,,,,,T
2022,8/3/22,SGL103 SOUTH,SPRING TREATMENT,,9,TEAL15,,WFM,,,,,,,,,,,,,,,,,,,,T
2022,8/3/22,SGL103 SOUTH,SPRING TREATMENT,,17,RED474,,WFM,,,,,,,,,,,,,,,,,,,,T
2022,8/3/22,SGL103 SOUTH,SPRING TREATMENT,,21,TEAL26,,WFM,,,,,,,,,,,,,,,,,,,,T
2022,8/3/22,SGL103 SOUTH,SPRING TREATMENT,,25,RED466,,WFM,,,,,,,,,,,,,,,,,,,,T
2022,8/3/22,SGL103 SOUTH,SPRING TREATMENT,,28,TEAL21,,WFM,,,,,,,,,,,,,,,,,,,,T
2022,8/3/22,SGL103 SOUTH,SUMMER CONTROL,,17,N/A,,NST,,,,,,,,,,,,,,,,,,,,C
2022,8/3/22,SGL103 SOUTH,SUMMER CONTROL,,5,TEAL135,Y,WFM,F,AD,35,10,25,1.4,,,,,,9,,,Y,Y,,,,C
2022,8/3/22,SGL103 SOUTH,SUMMER CONTROL,,24,GREY109,N,WFM,M,AD,41,22,19,1.4,,,,,,1,,,Y,Y,,,,C
2022,8/3/22,SGL103 SOUTH,SUMMER CONTROL,,18,RED363,,WFM,,,,,,,,,,,,,,,,,,,,C
2022,8/3/22,SGL103 SOUTH,SUMMER CONTROL,,3,RED360,,WFM,,,,,,,,,,,,,,,,,,,,C
2022,8/3/22,SGL103 SOUTH,SUMMER CONTROL,,6,RED442,,WFM,,,,,,,,,,,,,,,,,,,,C
2022,8/3/22,SGL103 SOUTH,SUMMER CONTROL,,20,RED425,,WFM,,,,,,,,,,,,,,,,,,,,C
2022,8/3/22,SGL103 SOUTH,SUMMER CONTROL,,27,TEAL27,,WFM,,,,,,,,,,,,,,,,,,,,C
2022,8/3/22,SGL103 SOUTH,SUMMER CONTROL,,28,TEAL17,,WFM,,,,,,,,,,,,,,,,,,,,C
2022,8/3/22,SGL103 SOUTH,SUMMER TREATMENT,,21,RED478,,WFM,,,,,,,,,,,,,,,,,,,,T
2022,8/3/22,SGL103 SOUTH,SUMMER TREATMENT,,22,RED444,,WFM,,,,,,,,,,,,,,,,,,,,T
2022,8/2/22,SGL103 NORTH,FALL CONTROL,,1,RED335,N,WFM,M,AD,35,10,25,1.6,,,,,,0,,,Y,N,,,,C
2022,8/2/22,SGL103 NORTH,FALL CONTROL,,7,RED325,N,WFM,M,AD,36,11,25,1.5,,,,,,3,,,Y,Y,,,,C
2022,8/2/22,SGL103 NORTH,FALL CONTROL,,10,GREY215,N,WFM,M,AD,53,32,21,1.5,,,,,,1,,,Y,N,,,,C
2022,8/2/22,SGL103 NORTH,FALL CONTROL,,25,GREY246,N,WFM,M,AD,39,19,20,1.5,,,,,,0,,,Y,N,,,,C
2022,8/2/22,SGL103 NORTH,FALL CONTROL,,11,GREY228,N,WFM,F,AD,40,23,17,1.5,,,,,,0,,,Y,N,,,,C
2022,8/2/22,SGL103 NORTH,FALL CONTROL,,29,TEAL23,Y,WFM,M,AD,51,28,23,1.4,,,,,,3,,,Y,N,,,,C
2022,8/2/22,SGL103 NORTH,FALL CONTROL,,28,RED338,N,WFM,M,AD,40.5,15,25.5,1.3,,,,,,0,,,Y,Y,,,,C
2022,8/2/22,SGL103 NORTH,FALL CONTROL,,26,GREY241,N,WFM,F,AD,55,34,21,1.3,,,,,,0,,,Y,Y,,,,C
2022,8/2/22,SGL103 NORTH,FALL CONTROL,,9,RED337,N,WFM,M,AD,44.5,18.5,26,1.2,,,,,,1,,,Y,Y,,,,C
2022,8/2/22,SGL103 NORTH,FALL CONTROL,,23,RED303,N,WFM,F,AD,45.5,22,23.5,1.2,,,,,,0,,,Y,Y,,,,C
2022,8/2/22,SGL103 NORTH,FALL CONTROL,,19,GREY249,N,WFM,F,AD,46,25,21,1.2,,,,,,0,,,N,Y,,,,C
2022,8/2/22,SGL103 NORTH,FALL CONTROL,,3,GREY232,N,WFM,M,AD,57,21,36,1.1,,,,,,1,,,Y,Y,,,,C
2022,8/2/22,SGL103 NORTH,FALL TREATMENT,,4,TEAL118,Y,WFM,F,AD,37,17,20,1.5,,,,,,0,,,Y,Y,,,,T
2022,8/2/22,SGL103 NORTH,FALL TREATMENT,,22,GREY248,N,WFM,F,AD,28,11,17,1.5,,,,,,0,,,Y,Y,,,,T
2022,8/2/22,SGL103 NORTH,FALL TREATMENT,,12,RED347,N,WFM,M,AD,41,25,16,1.5,,,,,,0,,,Y,Y,,,,T
2022,8/2/22,SGL103 NORTH,FALL TREATMENT,,2,TEAL37,Y,WFM,M,AD,40,14,26,1.4,,,,,,0,,,Y,Y,,,,T
2022,8/2/22,SGL103 NORTH,FALL TREATMENT,,13,RED326,N,WFM,F,AD,30,10.5,19.5,1.3,,,,,,0,,,Y,Y,,,,T
2022,8/2/22,SGL103 NORTH,FALL TREATMENT,,6,RED314,N,WFM,M,AD,38,9,29,1.2,,,,,,0,,,Y,N,,,,T
2022,8/2/22,SGL103 NORTH,FALL TREATMENT,,10,RED341,N,WFM,M,AD,41,23.5,17.5,1.2,,,,,,1,,,Y,Y,,,,T
2022,8/2/22,SGL103 NORTH,FALL TREATMENT,,21,RED401,N,WFM,M,AD,38,9,29,1.1,,,,,,0,,,Y,N,,,,T
2022,8/2/22,SGL103 NORTH,FALL TREATMENT,,23,TEAL52,Y,WFM,M,AD,51,35,16,1,,,,,,0,,,Y,Y,,,,T
2022,8/2/22,SGL103 NORTH,SPRING CONTROL,,6,N/A,,CHP,,,,,,,,,,,,,,,,,,,,C
2022,8/2/22,SGL103 NORTH,SPRING CONTROL,,30,TEAL159,Y,WFM,M,AD,42,27,15,,,,,,,6,,,Y,Y,,,,C
2022,8/2/22,SGL103 NORTH,SPRING CONTROL,,17,GREY208,N,WFM,M,AD,55,28,27,1.6,,,,,,0,,,Y,Y,,,,C
2022,8/2/22,SGL103 NORTH,SPRING CONTROL,,18,GREY247,N,WFM,M,AD,35,15,20,1.6,,,,,,17,,,Y,N,,,,C
2022,8/2/22,SGL103 NORTH,SPRING CONTROL,,1,GREY234,N,WFM,M,AD,57,24,33,1.4,,,,,,0,,,Y,Y,,,,C
2022,8/2/22,SGL103 NORTH,SPRING CONTROL,,28,GREY212,N,WFM,F,AD,48.5,21,27.5,1.4,,,,,,2,,,Y,Y,,,,C
2022,8/2/22,SGL103 NORTH,SPRING CONTROL,,27,GREY201,N,WFM,M,AD,44,20,24,1.4,,,,,,18,,,Y,Y,,,,C
2022,8/2/22,SGL103 NORTH,SPRING CONTROL,,4,TEAL4,Y,WFM,M,AD,39.5,16,23.5,1.4,,,,,,4,,,Y,Y,,,,C
2022,8/2/22,SGL103 NORTH,SPRING CONTROL,,19,GREY216,N,WFM,F,AD,30,9,21,1.4,,,,,,10,1,,Y,Y,,,,C
2022,8/2/22,SGL103 NORTH,SPRING CONTROL,,9,GREY217,N,WFM,F,AD,33,15,18,1.4,,,,,,8,,,Y,Y,,,,C
2022,8/2/22,SGL103 NORTH,SPRING CONTROL,,23,TEAL50,Y,WFM,M,AD,36,9,27,1.2,,,,,,6,,,Y,N,,,,C
2022,8/2/22,SGL103 NORTH,SPRING CONTROL,,12,GREY235,N,WFM,F,AD,32,14,18,1.2,,,,,,5,,,Y,Y,,,,C
2022,8/2/22,SGL103 NORTH,SPRING CONTROL,,29,GREY238,N,WFM,M,JUV,31,15,16,1.2,,,,,,14,,,Y,N,,,,C
2022,8/2/22,SGL103 NORTH,SPRING CONTROL,,2,GREY222,N,WFM,F,AD,37,9,28,1.1,,,,,,1,,,Y,N,,,,C
2022,8/2/22,SGL103 NORTH,SPRING CONTROL,,15,GREY225,N,WFM,F,AD,27,9,18,1,,,,,,1,,,Y,Y,,,,C
2022,8/2/22,SGL103 NORTH,SPRING TREATMENT,,19,N/A,,FSQ,,,,,,,,,,,,,,,,,,,,T
2022,8/2/22,SGL103 NORTH,SPRING TREATMENT,,10,GREY211,N,WFM,M,AD,35,10,25,1.7,,,,,,0,,,Y,Y,,,,T
2022,8/2/22,SGL103 NORTH,SPRING TREATMENT,,27,GREY205,N,WFM,F,AD,29,11,18,1.7,,,,,,0,,,Y,N,,,,T
2022,8/2/22,SGL103 NORTH,SPRING TREATMENT,,22,GREY206,N,WFM,M,AD,32,9,23,1.6,,,,,,0,,,Y,Y,,,,T
2022,8/2/22,SGL103 NORTH,SPRING TREATMENT,,15,TEAL191,Y,WFM,M,AD,40,14,26,1.5,,,,,,0,,,Y,N,,,,T
2022,8/2/22,SGL103 NORTH,SPRING TREATMENT,,7,TEAL186,Y,WFM,F,AD,32,9,23,1.5,,,,,,0,,,Y,Y,,,,T
2022,8/2/22,SGL103 NORTH,SPRING TREATMENT,,4,GREY250,N,WFM,M,AD,51,32,19,1.4,,,,,,1,,,Y,N,,,,T
2022,8/2/22,SGL103 NORTH,SPRING TREATMENT,,28,GREY240,N,WFM,M,AD,33.5,15,18.5,1.4,,,,,,0,,,Y,N,,,,T
2022,8/2/22,SGL103 NORTH,SPRING TREATMENT,,13,GREY244,N,WFM,M,AD,34.5,17,17.5,1.4,,,,,,1,,,Y,N,,,,T
2022,8/2/22,SGL103 NORTH,SPRING TREATMENT,,21,GREY204,N,WFM,F,AD,42,26,16,1.4,,,,,,0,,,Y,Y,,,,T
2022,8/2/22,SGL103 NORTH,SPRING TREATMENT,,5,TEAL198,Y,WFM,M,AD,37,11.5,25.5,1.3,,,,,,0,,,Y,Y,,,,T
2022,8/2/22,SGL103 NORTH,SPRING TREATMENT,,25,GREY239,N,WFM,M,AD,54,36,18,1.3,,,,,,0,,,Y,Y,,,,T
2022,8/2/22,SGL103 NORTH,SPRING TREATMENT,,14,GREY236,N,WFM,F,AD,30,16,14,1.3,,,,,,0,,,Y,Y,,,,T
2022,8/2/22,SGL103 NORTH,SPRING TREATMENT,,16,GREY223,N,WFM,F,AD,26,9,17,1.2,,,,,,0,,,Y,Y,,,,T
2022,8/2/22,SGL103 NORTH,SPRING TREATMENT,,9,GREY245,N,WFM,M,AD,34,13.5,20.5,1,,,,,,0,,,Y,Y,,,,T
2022,8/2/22,SGL103 NORTH,SPRING TREATMENT,,11,GREY257,N,WFM,M,AD,55,40,15,1,,,,,,0,,,Y,N,,,,T
2022,8/2/22,SGL103 NORTH,SPRING TREATMENT,,1,GREY227,N,WFM,F,AD,55,38,17,0.9,,,,,,0,,,Y,N,,,,T
2022,8/2/22,SGL103 NORTH,SUMMER CONTROL,,8,GREY229,N,WFM,M,AD,36,9,27,1.9,,,,,,0,,,Y,N,,,,C
2022,8/2/22,SGL103 NORTH,SUMMER CONTROL,,11,GREY233,N,WFM,F,AD,32,16,16,1.7,,,,,,0,,,Y,N,,,,C
2022,8/2/22,SGL103 NORTH,SUMMER CONTROL,,19,GREY218,N,WFM,M,AD,40,14.5,25.5,1.5,,,,,,1,,,Y,Y,,,,C
2022,8/2/22,SGL103 NORTH,SUMMER CONTROL,,4,GREY219,N,WFM,F,AD,38,13.5,24.5,1.5,,,,,,3,,,Y,Y,,,,C
2022,8/2/22,SGL103 NORTH,SUMMER CONTROL,,1,TEAL63,Y,WFM,F,AD,49,30,19,1.5,,,,,,0,,,Y,N,,,,C
2022,8/2/22,SGL103 NORTH,SUMMER CONTROL,,12,GREY221,N,WFM,M,AD,31,12,19,1.5,,,,,,1,,,Y,Y,,,,C
2022,8/2/22,SGL103 NORTH,SUMMER CONTROL,,22,GREY209,N,WFM,F,AD,33,9,24,1.4,,,,,,0,,,Y,N,,,,C
2022,8/2/22,SGL103 NORTH,SUMMER CONTROL,,2,GREY226,N,WFM,M,AD,30,9,21,1.4,,,,,,1,,,Y,Y,,,,C
2022,8/2/22,SGL103 NORTH,SUMMER CONTROL,,23,RED499,N,WFM,M,AD,31.5,11,20.5,1.4,,,,,,0,,,Y,Y,,,,C
2022,8/2/22,SGL103 NORTH,SUMMER CONTROL,,25,GREY242,N,WFM,F,AD,31.5,13.5,18,1.4,,,,,,0,,,Y,Y,,,,C
2022,8/2/22,SGL103 NORTH,SUMMER CONTROL,,15,GREY213,N,WFM,M,AD,56,35,21,1.2,,,,,,4,,,Y,N,,,,C
2022,8/2/22,SGL103 NORTH,SUMMER CONTROL,,28,GREY220,N,WFM,F,AD,32,9,23,1.1,,,,,,0,,,Y,N,,,,C
2022,8/2/22,SGL103 NORTH,SUMMER TREATMENT,,3,TEAL125,Y,WFM,M,AD,35,9,26,1.7,,,,,,0,,,Y,Y,,,,T
2022,8/2/22,SGL103 NORTH,SUMMER TREATMENT,,26,TEAL180,Y,WFM,F,AD,41.5,16,25.5,1.7,,,,,,0,,,Y,N,,,,T
2022,8/2/22,SGL103 NORTH,SUMMER TREATMENT,,4,TEAL116,N,WFM,F,AD,36,9,27,1.6,,,,,,0,,,Y,Y,,,,T
2022,8/2/22,SGL103 NORTH,SUMMER TREATMENT,,17,GREY231,N,WFM,M,AD,39,20,19,1.6,,,,,,0,,,Y,N,,,,T
2022,8/2/22,SGL103 NORTH,SUMMER TREATMENT,,13,TEAL47,N,WFM,F,AD,40,14.5,25.5,1.5,,,,,,0,,,Y,N,,,,T
2022,8/2/22,SGL103 NORTH,SUMMER TREATMENT,,23,GREY224,N,WFM,M,AD,33.5,14,19.5,1.4,,,,,,0,,,Y,Y,,,,T
2022,8/2/22,SGL103 NORTH,SUMMER TREATMENT,,18,GREY214,N,WFM,F,AD,32,19,13,1.4,,,,,,2,,,Y,Y,,,,T
2022,8/2/22,SGL103 NORTH,SUMMER TREATMENT,,22,GREY230,N,WFM,M,AD,49,26,23,1.3,,,,,,0,,,Y,Y,,,,T
2022,8/2/22,SGL103 NORTH,SUMMER TREATMENT,,29,GREY202,N,WFM,F,AD,29,11.5,17.5,1.3,,,,,,0,,,Y,N,,,,T
2022,8/2/22,SGL103 NORTH,SUMMER TREATMENT,,2,GREY203,N,WFM,F,AD,34,9,25,1.2,,,,,,0,,,Y,N,,,,T
2022,8/2/22,SGL103 SOUTH,FALL CONTROL,,21,TEAL7 ,Y,WFM,M,AD,42,12,30,1.9,,,,,,0,,,Y,N,,,,C
2022,8/2/22,SGL103 SOUTH,FALL CONTROL,,18,3231,Y,WFM,F,AD,48,28,20,1.7,,,,,,12,,,Y,Y,,,,C
2022,8/2/22,SGL103 SOUTH,FALL CONTROL,,13,TEAL87,Y,WFM,M,AD,49,25,24,1.5,,,,,,5,,,N,Y,,,,C
2022,8/2/22,SGL103 SOUTH,FALL CONTROL,,8,RED494,N,WFM,M,AD,33,10.5,22.5,1.5,,,,,,0,,,Y,N,,,,C
2022,8/2/22,SGL103 SOUTH,FALL CONTROL,,17,RED394,N,WFM,M,AD,30,11,19,1.5,,,,,,6,,,Y,Y,,,,C
2022,8/2/22,SGL103 SOUTH,FALL CONTROL,,22,3276,Y,WFM,M,AD,45,17,28,1.4,,,,,,3,,,Y,N,,,,C
2022,8/2/22,SGL103 SOUTH,FALL CONTROL,,10,RED346,N,WFM,F,AD,41,16,25,1.4,,,,,,0,,,Y,N,,,,C
2022,8/2/22,SGL103 SOUTH,FALL CONTROL,,29,RED428,N,WFM,F,AD,43,20,23,1.3,,,,,,0,,,Y,N,,,,C
2022,8/2/22,SGL103 SOUTH,FALL CONTROL,,26,RED441,N,WFM,M,AD,42,20,22,1.3,,,,,,7,,,Y,N,,,,C
2022,8/2/22,SGL103 SOUTH,FALL TREATMENT,,13,N/A,,NST,,,,,,,,,,,,,,,,,,,,T
2022,8/2/22,SGL103 SOUTH,FALL TREATMENT,,28,N/A,,NST,,,,,,,,,,,,,,,,,,,,T
2022,8/2/22,SGL103 SOUTH,FALL TREATMENT,,11,RED400,N,WFM,F,AD,43.5,28,15.5,1.7,,,,,,0,,,Y,Y,,,,T
2022,8/2/22,SGL103 SOUTH,FALL TREATMENT,,20,RED393,N,WFM,F,AD,47,27,20,1.6,,,,,,0,,,Y,Y,,,,T
2022,8/2/22,SGL103 SOUTH,FALL TREATMENT,,10,RED405,Y,WFM,M,AD,34,14,20,1.6,,,,,,0,,,Y,Y,,,,T
2022,8/2/22,SGL103 SOUTH,FALL TREATMENT,,25,RED403,N,WFM,M,AD,34.5,17,17.5,1.6,,,,,,1,,,Y,N,,,,T
2022,8/2/22,SGL103 SOUTH,FALL TREATMENT,,1,TEAL146,Y,WFM,M,AD,45,28,17,1.6,,,,,,0,,,Y,Y,,,,T
2022,8/2/22,SGL103 SOUTH,FALL TREATMENT,,21,RED458,N,WFM,M,AD,44,32.5,11.5,1.6,,,,,,0,,,Y,N,,,,T
2022,8/2/22,SGL103 SOUTH,FALL TREATMENT,,22,GREEN41,Y,WFM,F,AD,45,11,34,1.5,,,,,,0,,,Y,N,,,,T
2022,8/2/22,SGL103 SOUTH,FALL TREATMENT,,17,TEAL169,Y,WFM,M,AD,34,11,23,1.5,,,,,,0,,,Y,Y,,,,T
2022,8/2/22,SGL103 SOUTH,FALL TREATMENT,,14,TEAL64,Y,WFM,F,AD,33,10,23,1.4,,,,,,0,,,Y,Y,,,,T
2022,8/2/22,SGL103 SOUTH,FALL TREATMENT,,8,RED355,N,WFM,M,JUV,35,13,22,1.4,,,,,,0,,,Y,N,,,,T
2022,8/2/22,SGL103 SOUTH,FALL TREATMENT,,29,RED359,N,WFM,M,AD,35,13.5,21.5,1.4,,,,,,4,,,Y,Y,,,,T
2022,8/2/22,SGL103 SOUTH,SPRING CONTROL,,20,TEAL74,Y,WFM,F,AD,37.5,19,18.5,,,,,,,3,,,Y,Y,,,,C
2022,8/2/22,SGL103 SOUTH,SPRING CONTROL,,21,RED462,N,WFM,M,AD,37,19,18,1.9,,,,,,17,,,Y,Y,,,,C
2022,8/2/22,SGL103 SOUTH,SPRING CONTROL,,9,TEAL45,Y,WFM,F,AD,48,16,32,1.6,,,,,,6,,,Y,Y,,,,C
2022,8/2/22,SGL103 SOUTH,SPRING CONTROL,,7,3237,Y,WFM,F,AD,42,15,27,1.6,,,,,,4,,,N,N,,,,C
2022,8/2/22,SGL103 SOUTH,SPRING CONTROL,,2,TEAL31,Y,WFM,M,AD,44,20,24,1.6,,,,,,11,,,Y,Y,,,,C
2022,8/2/22,SGL103 SOUTH,SPRING CONTROL,,23,TEAL133,Y,WFM,F,AD,43,10,33,1.4,,,,,,6,,,Y,N,,,,C
2022,8/2/22,SGL103 SOUTH,SPRING CONTROL,,14,TEAL88,Y,WFM,M,AD,40,18,22,1.4,,,,,,4,,,Y,Y,,,,C
2022,8/2/22,SGL103 SOUTH,SPRING CONTROL,,5,RED388,N,WFM,M,AD,42,17,25,1.2,,,,,,21,,,Y,Y,,,,C
2022,8/2/22,SGL103 SOUTH,SPRING TREATMENT,,15,RED474,N,WFM,M,AD,37,14,23,1.8,,,,,,0,,,Y,Y,,,,T
2022,8/2/22,SGL103 SOUTH,SPRING TREATMENT,,26,RED452,N,WFM,M,AD,38.5,17,21.5,1.8,,,,,,0,,,Y,Y,,,,T
2022,8/2/22,SGL103 SOUTH,SPRING TREATMENT,,11,TEAL15,Y,WFM,F,AD,43,15,28,1.6,,,,,,0,,,Y,Y,,,,T
2022,8/2/22,SGL103 SOUTH,SPRING TREATMENT,,4,TEAL62,Y,WFM,M,AD,40,18,22,1.6,,,,,,0,,,Y,Y,,,,T
2022,8/2/22,SGL103 SOUTH,SPRING TREATMENT,,1,RED396,N,WFM,M,AD,39,26,13,1.6,,,,,,0,,,Y,N,,,,T
2022,8/2/22,SGL103 SOUTH,SPRING TREATMENT,,29,TEAL21,Y,WFM,M,AD,40,12,28,1.5,,,,,,0,,,Y,Y,,,,T
2022,8/2/22,SGL103 SOUTH,SPRING TREATMENT,,22,TEAL26,Y,WFM,M,AD,37,11,26,1.5,,,,,,0,,,Y,Y,,,,T
2022,8/2/22,SGL103 SOUTH,SPRING TREATMENT,,13,RED368,N,WFM,F,AD,37,15,22,1.5,,,,,,0,,,Y,Y,,,,T
2022,8/2/22,SGL103 SOUTH,SPRING TREATMENT,,8,RED454,N,WFM,M,AD,45,33.5,11.5,1.5,,,,,,0,,,Y,Y,,,,T
2022,8/2/22,SGL103 SOUTH,SPRING TREATMENT,,21,TEAL89,Y,WFM,M,AD,32,10,22,1.4,,,,,,0,,,Y,N,,,,T
2022,8/2/22,SGL103 SOUTH,SPRING TREATMENT,,27,RED398,N,WFM,M,AD,45,19,26,1.3,,,,,,0,,,Y,Y,,,,T
2022,8/2/22,SGL103 SOUTH,SPRING TREATMENT,,14,TEAL184,Y,WFM,M,AD,37.5,12,25.5,1.3,,,,,,0,,,Y,Y,,,,T
2022,8/2/22,SGL103 SOUTH,SPRING TREATMENT,,25,RED466,Y,WFM,F,AD,33.5,10,23.5,1.2,,,,,,0,,,Y,Y,,,,T
2022,8/2/22,SGL103 SOUTH,SUMMER CONTROL,,4,RED389,N,WFM,F,AD,34,9.5,24.5,,,,,,,8,,,Y,Y,,,,C
2022,8/2/22,SGL103 SOUTH,SUMMER CONTROL,,14,RED375,N,WFM,M,AD,45,16,29,1.5,,,,,,6,,,Y,Y,,,,C
2022,8/2/22,SGL103 SOUTH,SUMMER CONTROL,,15,TEAL46,Y,WFM,M,AD,40,14,26,1.5,,,,,,4,,,Y,Y,,,,C
2022,8/2/22,SGL103 SOUTH,SUMMER CONTROL,,20,RED415,N,WFM,F,AD,35,10,25,1.5,,,,,,0,,,Y,N,,,,C
2022,8/2/22,SGL103 SOUTH,SUMMER CONTROL,,2,RED360,N,WFM,M,AD,37,15,22,1.4,,,,,,5,,,Y,Y,,,,C
2022,8/2/22,SGL103 SOUTH,SUMMER CONTROL,,27,TEAL27,Y,WFM,F,AD,34,14,20,1.4,,,,,,2,,,Y,Y,,,,C
2022,8/2/22,SGL103 SOUTH,SUMMER CONTROL,,23,RED425,N,WFM,F,AD,37,21,16,1.4,,,,,,10,,,Y,Y,,,,C
2022,8/2/22,SGL103 SOUTH,SUMMER CONTROL,,13,RED363,N,WFM,F,AD,36,20,16,1.4,,,,,,0,,,Y,N,,,,C
2022,8/2/22,SGL103 SOUTH,SUMMER CONTROL,,1,RED382,N,WFM,F,AD,45,19,26,1.3,,,,,,1,,,Y,Y,,,,C
2022,8/2/22,SGL103 SOUTH,SUMMER CONTROL,,7,RED376,N,WFM,F,AD,40,15,25,1.3,,,,,,6,,,Y,Y,,,,C
2022,8/2/22,SGL103 SOUTH,SUMMER CONTROL,,9,RED440,N,WFM,M,AD,30.5,12,18.5,1.2,,,,,,6,,,Y,N,,,,C
2022,8/2/22,SGL103 SOUTH,SUMMER CONTROL,,5,RED442,N,WFM,F,AD,38,15,23,1.1,,,,,,4,,,Y,N,,,,C
2022,8/2/22,SGL103 SOUTH,SUMMER CONTROL,,10,RED437,N,WFM,F,AD,26,7.5,18.5,1.1,,,,,,0,,,Y,Y,,,,C
2022,8/2/22,SGL103 SOUTH,SUMMER CONTROL,,29,TEAL17,Y,WFM,M,AD,38,15,23,1,,,,,,5,,,Y,Y,,,,C
2022,8/2/22,SGL103 SOUTH,SUMMER TREATMENT,,11,RED399,Y,WFM,M,AD,44,10,34,1.5,,,,,,0,,,Y,Y,,,,T
2022,8/2/22,SGL103 SOUTH,SUMMER TREATMENT,,20,RED478,N,WFM,F,AD,44,23,21,1.5,,,,,,0,,,Y,N,,,,T
2022,8/2/22,SGL103 SOUTH,SUMMER TREATMENT,,25,RED496,N,WFM,M,JUV,40,15,25,1.3,,,,,,0,,,Y,Y,,,,T
2022,8/2/22,SGL103 SOUTH,SUMMER TREATMENT,,19,RED444,N,WFM,M,AD,35.5,14.5,21,1.3,,,,,,0,,,Y,N,,,,T
2022,8/2/22,SGL103 SOUTH,SUMMER TREATMENT,,18,RED438,N,WFM,M,AD,38,14.5,23.5,1.2,,,,,,0,,,Y,N,,,,T
2022,8/2/22,SGL103 SOUTH,SUMMER TREATMENT,,24,TEAL109,Y,WFM,F,AD,37,16,21,1.2,,,,,,0,,,Y,Y,,,,T
2022,8/2/22,SGL103 SOUTH,SUMMER TREATMENT,,17,RED435,N,WFM,F,JUV,30.5,15,15.5,1.1,,,,,,0,,,Y,N,,,,T
2022,7/22/22,SGL176,SPRING TREATMENT,,18,RED339,,WFM,,,,,,,,,,,,,,,,,,,,T
2022,7/22/22,SGL176,SUMMER CONTROL,,30,N/A,,NST,,,,,,,,,,,,,,,,,,,,C
2022,7/22/22,SGL176,SUMMER CONTROL,,29,RED82,,WFM,,,,,,,,,,,,,,,,,,,,C
2022,7/22/22,SGL176,SUMMER TREATMENT,,2,RED331,,WFM,,,,,,,,,,,,,,,,,,,,T
2022,7/22/22,SGL33,FALL CONTROL,,26,RED498,N,WFM,M,AD,43,22,21,1.5,,,,,,5,,,Y,Y,,,,C
2022,7/22/22,SGL33,FALL CONTROL,,13,RED188,,WFM,,,,,,,,,,,,,,,,,,,,C
2022,7/22/22,SGL33,FALL CONTROL,,27,RED402,,WFM,,,,,,,,,,,,,,,,,,,,C
2022,7/22/22,SGL33,FALL TREATMENT,,6,N/A,,MV,,,,,,,,,,,,,,,,,,,,T
2022,7/22/22,SGL33,SPRING CONTROL,,9,N/A,,MV,,,,,,,,,,,,,,,,,,,,C
2022,7/22/22,SGL33,SPRING CONTROL,,13,RED188,Y,WFM,F,AD,31,10.5,20.5,1.4,,,,,,0,,,Y,N,,,,C
2022,7/22/22,SGL33,SPRING CONTROL,,28,RED390,N,WFM,F,AD,27,9,18,1.3,,,,,,0,,,Y,Y,,,,C
2022,7/22/22,SGL33,SPRING CONTROL,,2,RED408,,WFM,,,,,,,,,,,,,,,,,,,,C
2022,7/22/22,SGL33,SPRING CONTROL,,5,GREEN90,,WFM,,,,,,,,,,,,,,,,,,,,C
2022,7/22/22,SGL33,SPRING CONTROL,,10,RED469,,WFM,,,,,,,,,,,,,,,,,,,,C
2022,7/22/22,SGL33,SPRING CONTROL,,12,RED451,,WFM,,,,,,,,,,,,,,,,,,,,C
2022,7/22/22,SGL33,SPRING CONTROL,,18,RED421,,WFM,,,,,,,,,,,,,,,,,,,,C
2022,7/22/22,SGL33,SPRING CONTROL,,21,RED354,,WFM,,,,,,,,,,,,,,,,,,,,C
2022,7/22/22,SGL33,SPRING CONTROL,,23,RED433,,WFM,,,,,,,,,,,,,,,,,,,,C
2022,7/22/22,SGL33,SPRING CONTROL,,27,RED458,,WFM,,,,,,,,,,,,,,,,,,,,C
2022,7/22/22,SGL33,SPRING CONTROL,,30,RED328,,WFM,,,,,,,,,,,,,,,,,,,,C
2022,7/22/22,SGL33,SPRING TREATMENT,,29,RED372,N,WFM,M,AD,46,18,28,1.5,,,,,,0,,,Y,Y,,,,T
2022,7/22/22,SGL33,SPRING TREATMENT,,30,GREEN59,Y,WFM,F,AD,25,10,15,1.4,,,,,,0,,,Y,N,,,,T
2022,7/22/22,SGL33,SPRING TREATMENT,,3,GREEN85,,WFM,,,,,,,,,,,,,,,,,,,,T
2022,7/22/22,SGL33,SPRING TREATMENT,,11,GREEN78,,WFM,,,,,,,,,,,,,,,,,,,,T
2022,7/22/22,SGL33,SPRING TREATMENT,,22,GREEN73,,WFM,,,,,,,,,,,,,,,,,,,,T
2022,7/22/22,SGL33,SUMMER CONTROL,,7,RED448,N,WFM,M,AD,41,25,16,1.6,,,,,,0,,,Y,Y,,,,C
2022,7/22/22,SGL33,SUMMER CONTROL,,2,RED419,N,WFM,M,AD,34,16,18,1.5,,,,,,1,1,,Y,Y,,,,C
2022,7/22/22,SGL33,SUMMER CONTROL,,4,RED426,N,WFM,M,AD,31,11,20,1.4,,,,,,0,,,Y,Y,,,,C
2022,7/22/22,SGL33,SUMMER CONTROL,,27,RED417,N,WFM,M,AD,35,11,24,1.3,,,,,,1,,,Y,Y,,,,C
2022,7/22/22,SGL33,SUMMER CONTROL,,8,RED409,N,WFM,M,AD,40,22,18,1.3,,,,,,0,1,,Y,Y,,,,C
2022,7/22/22,SGL33,SUMMER TREATMENT,,16,RED18 ,N,WFM,M,AD,,,,1.7,,,,,,0,,,Y,Y,,,,T
2022,7/22/22,SGL33,SUMMER TREATMENT,,26,RED156,Y,WFM,F,AD,34.5,10.5,24,1.3,,,,,,0,,,Y,N,,,,T
2022,7/22/22,SGL33,SUMMER TREATMENT,,29,RED486,N,WFM,F,AD,30.5,10.5,20,1.3,,,,,,0,,,Y,N,,,,T
2022,7/22/22,SGL33,SUMMER TREATMENT,,13,RED8,,WFM,,,,,,,,,,,,,,,,,,,,T
2022,7/22/22,SGL33,SUMMER TREATMENT,,24,RED185,,WFM,,,,,,,,,,,,,,,,,,,,T
2022,7/22/22,SGL33,SUMMER TREATMENT,,25,RED166,,WFM,,,,,,,,,,,,,,,,,,,,T
2022,7/22/22,SGL33,SUMMER TREATMENT,,28,GREEN71,,WFM,,,,,,,,,,,,,,,,,,,,T
2022,7/22/22,SGL33,SUMMER TREATMENT,,30,RED12 ,,WFM,,,,,,,,,,,,,,,,,,,,T
2022,7/21/22,SGL176,FALL TREATMENT,,25,RED320,N,WFM,M,AD,30,10,20,1.6,,,,,,0,,,Y,Y,,,,T
2022,7/21/22,SGL176,SPRING CONTROL,,2,RED328,,WFM,,,,,,,,,,,,,,,,,,,,C
2022,7/21/22,SGL176,SPRING TREATMENT,,12,RED74,Y,WFM,M,AD,40,19,21,1.4,,,,,,0,,,Y,Y,,,,T
2022,7/21/22,SGL176,SPRING TREATMENT,,2,RED142,Y,WFM,M,AD,38,12,26,1.2,,,,,,0,,,Y,Y,,,,T
2022,7/21/22,SGL176,SPRING TREATMENT,,14,RED127,Y,WFM,F,AD,31,10,21,1.2,,,,,,0,,,Y,Y,,,,T
2022,7/21/22,SGL176,SPRING TREATMENT,,15,RED350,,WFM,,,,,,,,,,,,,,,,,,,,T
2022,7/21/22,SGL176,SPRING TREATMENT,,21,RED116,,WFM,,,,,,,,,,,,,,,,,,,,T
2022,7/21/22,SGL176,SPRING TREATMENT,,26,RED308,,WFM,,,,,,,,,,,,,,,,,,,,T
2022,7/21/22,SGL176,SPRING TREATMENT,,28,RED307,,WFM,,,,,,,,,,,,,,,,,,,,T
2022,7/21/22,SGL176,SUMMER CONTROL,,9,RED310,,WFM,,,,,,,,,,,,,,,,,,,,C
2022,7/21/22,SGL176,SUMMER CONTROL,,30,RED82,,WFM,,,,,,,,,,,,,,,,,,,,C
2022,7/21/22,SGL176,SUMMER TREATMENT,,5,RED313,N,WFM,M,AD,28,10,18,1.4,,,,,,2,,,Y,N,,,,T
2022,7/21/22,SGL176,SUMMER TREATMENT,,19,RED315,N,WFM,F,AD,28,10,18,1.3,,,,,,0,,,Y,Y,,,,T
2022,7/21/22,SGL176,SUMMER TREATMENT,,26,RED322,N,WFM,F,AD,28,10,18,1.3,,,,,,1,,,Y,N,,,,T
2022,7/21/22,SGL176,SUMMER TREATMENT,,9,RED95,,WFM,,,,,,,,,,,,,,,,,,,,T
2022,7/21/22,SGL176,SUMMER TREATMENT,,15,RED316,,WFM,,,,,,,,,,,,,,,,,,,,T
2022,7/21/22,SGL176,SUMMER TREATMENT,,23,RED327,,WFM,,,,,,,,,,,,,,,,,,,,T
2022,7/21/22,SGL176,SUMMER TREATMENT,,25,RED304,,WFM,,,,,,,,,,,,,,,,,,,,T
2022,7/21/22,SGL176,SUMMER TREATMENT,,27,RED97,,WFM,,,,,,,,,,,,,,,,,,,,T
2022,7/21/22,SGL33,FALL CONTROL,,5,RED397,N,WFM,M,JUV,42.5,25.5,17,1.3,,,,,,3,,,Y,Y,,,,C
2022,7/21/22,SGL33,FALL CONTROL,,17,RED23,,WFM,,,,,,,,,,,,,,,,,,,,C
2022,7/21/22,SGL33,FALL CONTROL,,22,RED427,,WFM,,,,,,,,,,,,,,,,,,,,C
2022,7/21/22,SGL33,FALL TREATMENT,,8,N/A,,NST,,,,,,,,,,,,,,,,,,,,T
2022,7/21/22,SGL33,FALL TREATMENT,,23,RED439,N,WFM,M,AD,33,13.5,19.5,1.4,,,,,,0,,,Y,N,,,,T
2022,7/21/22,SGL33,FALL TREATMENT,,9,RED449,N,WFM,M,AD,42,27,15,1.4,,,,,,0,,,Y,Y,,,,T
2022,7/21/22,SGL33,FALL TREATMENT,,5,RED450,,WFM,,,,,,,,,,,,,,,,,,,,T
2022,7/21/22,SGL33,FALL TREATMENT,,10,GREEN63,,WFM,,,,,,,,,,,,,,,,,,,,T
2022,7/21/22,SGL33,SPRING CONTROL,,26,RED19,Y,WFM,M,AD,40,20.5,19.5,,,,,,,0,,,Y,N,,,,C
2022,7/21/22,SGL33,SPRING CONTROL,,11,RED469,N,WFM,F,AD,35,18,17,1.5,,,,,,3,,,Y,Y,,,,C
2022,7/21/22,SGL33,SPRING CONTROL,,15,RED482,N,WFM,M,AD,46,19,27,1.4,,,,,,2,,,N,N,,,,C
2022,7/21/22,SGL33,SPRING CONTROL,,25,RED380,N,WFM,F,AD,33.5,13.5,20,1.4,,,,,,0,,,Y,Y,,,,C
2022,7/21/22,SGL33,SPRING CONTROL,,2,RED408,N,WFM,F,AD,36,21,15,1.2,,,,,,3,,,Y,N,,,,C
2022,7/21/22,SGL33,SPRING CONTROL,,3,GREEN90,,WFM,,,,,,,,,,,,,,,,,,,,C
2022,7/21/22,SGL33,SPRING CONTROL,,13,GREEN82,,WFM,,,,,,,,,,,,,,,,,,,,C
2022,7/21/22,SGL33,SPRING CONTROL,,14,GREEN54,,WFM,,,,,,,,,,,,,,,,,,,,C
2022,7/21/22,SGL33,SPRING CONTROL,,16,RED385,,WFM,,,,,,,,,,,,,,,,,,,,C
2022,7/21/22,SGL33,SPRING CONTROL,,17,RED451,,WFM,,,,,,,,,,,,,,,,,,,,C
2022,7/21/22,SGL33,SPRING CONTROL,,27,RED468,,WFM,,,,,,,,,,,,,,,,,,,,C
2022,7/21/22,SGL33,SPRING TREATMENT,,13,RED490,N,WFM,M,AD,29,11,18,1.5,,,,,,0,,,Y,N,,,,T
2022,7/21/22,SGL33,SPRING TREATMENT,,12,RED461,N,WFM,M,AD,40,17,23,1.3,,,,,,0,,,Y,N,,,,T
2022,7/21/22,SGL33,SPRING TREATMENT,,21,N/A,,WFM,,,,,,,,,,,,,,,,,,,,T
2022,7/21/22,SGL33,SPRING TREATMENT,,3,RED477,,WFM,,,,,,,,,,,,,,,,,,,,T
2022,7/21/22,SGL33,SPRING TREATMENT,,6,GREEN68,,WFM,,,,,,,,,,,,,,,,,,,,T
2022,7/21/22,SGL33,SPRING TREATMENT,,10,GREEN100,,WFM,,,,,,,,,,,,,,,,,,,,T
2022,7/21/22,SGL33,SPRING TREATMENT,,19,GREEN73,,WFM,,,,,,,,,,,,,,,,,,,,T
2022,7/21/22,SGL33,SUMMER CONTROL,,24,RED370,N,WFM,M,AD,38.5,16,22.5,1.5,,,,,,2,,,Y,Y,,,,C
2022,7/21/22,SGL33,SUMMER CONTROL,,4,RED429,,WFM,,,,,,,,,,,,,,,,,,,,C
2022,7/21/22,SGL33,SUMMER CONTROL,,5,GREEN86,,WFM,,,,,,,,,,,,,,,,,,,,C
2022,7/21/22,SGL33,SUMMER CONTROL,,9,RED436,,WFM,,,,,,,,,,,,,,,,,,,,C
2022,7/21/22,SGL33,SUMMER CONTROL,,16,GREEN76,,WFM,,,,,,,,,,,,,,,,,,,,C
2022,7/21/22,SGL33,SUMMER CONTROL,,18,RED470,,WFM,,,,,,,,,,,,,,,,,,,,C
2022,7/21/22,SGL33,SUMMER CONTROL,,19,GREEN87,,WFM,,,,,,,,,,,,,,,,,,,,C
2022,7/21/22,SGL33,SUMMER CONTROL,,27,RED443,,WFM,,,,,,,,,,,,,,,,,,,,C
2022,7/21/22,SGL33,SUMMER TREATMENT,,22,RED166,Y,WFM,M,AD,44.5,20,24.5,1.6,,,,,,0,,,Y,N,,,,T
2022,7/21/22,SGL33,SUMMER TREATMENT,,21,RED175,Y,WFM,F,AD,37,13,24,1.3,,,,,,0,,,Y,N,,,,T
2022,7/21/22,SGL33,SUMMER TREATMENT,,3,RED361,N,WFM,M,AD,48,30,18,1.3,,,,,,1,,,Y,N,,,,T
2022,7/21/22,SGL33,SUMMER TREATMENT,,26,GREEN71,Y,WFM,F,AD,32,18,14,1.3,,,,,,0,,,Y,Y,,,,T
2022,7/21/22,SGL33,SUMMER TREATMENT,,13,RED381,N,WFM,F,AD,39,20,19,1.2,,,,,,0,,,Y,Y,,,,T
2022,7/21/22,SGL33,SUMMER TREATMENT,,16,RED8,,WFM,,,,,,,,,,,,,,,,,,,,T
2022,7/21/22,SGL33,SUMMER TREATMENT,,25,RED11,,WFM,,,,,,,,,,,,,,,,,,,,T
2022,7/20/22,SGL176,FALL CONTROL,,10,RED319,N,WFM,M,AD,30,11,19,1.5,,,,,,0,,,Y,Y,,,,C
2022,7/20/22,SGL176,FALL TREATMENT,,12,RED301,N,WFM,M,AD,28,10,18,1.5,,,,,,0,,,Y,N,,,,T
2022,7/20/22,SGL176,SPRING CONTROL,,3,RED311,N,WFM,M,AD,39,12,27,1.5,,,,,,0,,,Y,Y,,,,C
2022,7/20/22,SGL176,SPRING CONTROL,,12,RED332,N,WFM,M,AD,31,10,21,1.4,,,,,,4,,,Y,N,,,,C
2022,7/20/22,SGL176,SPRING CONTROL,,11,RED312,N,WFM,M,AD,30,11,19,1.3,,,,,,3,,,Y,Y,,,,C
2022,7/20/22,SGL176,SPRING CONTROL,,28,RED309,N,WFM,F,JUV,22,11,11,1.3,,,,,,0,,,Y,N,,,,C
2022,7/20/22,SGL176,SPRING CONTROL,,1,RED328,,WFM,,,,,,,,,,,,,,,,,,,,C
2022,7/20/22,SGL176,SPRING TREATMENT,,20,RED323,N,WFM,M,AD,31,11,20,1.4,,,,,,0,,,Y,N,,,,T
2022,7/20/22,SGL176,SPRING TREATMENT,,1,RED329,N,WFM,F,AD,29,11,18,1.4,,,,,,0,,,Y,Y,,,,T
2022,7/20/22,SGL176,SPRING TREATMENT,,16,RED339,N,WFM,M,AD,31,10,21,1.3,,,,,,0,,,Y,Y,,,,T
2022,7/20/22,SGL176,SPRING TREATMENT,,28,RED307,N,WFM,M,AD,29,10,19,1.3,,,,,,0,,,Y,Y,,,,T
2022,7/20/22,SGL176,SPRING TREATMENT,,21,RED116,,WFM,,,,,,,,,,,,,,,,,,,,T
2022,7/20/22,SGL176,SPRING TREATMENT,,24,RED308,,WFM,,,,,,,,,,,,,,,,,,,,T
2022,7/20/22,SGL176,SUMMER CONTROL,,11,RED321,N,WFM,F,AD,37,15,22,1.5,,,,,,10,,,Y,Y,,,,C
2022,7/20/22,SGL176,SUMMER CONTROL,,30,RED336,N,WFM,M,AD,41,22.5,18.5,1.4,,,,,,5,,,Y,Y,,,,C
2022,7/20/22,SGL176,SUMMER CONTROL,,29,RED82,Y,WFM,F,AD,28,10,18,1.4,,,,,,2,,,N,N,,,,C
2022,7/20/22,SGL176,SUMMER CONTROL,,1,RED324,N,WFM,M,AD,26,10,16,1.4,,,,,,5,,,Y,N,,,,C
2022,7/20/22,SGL176,SUMMER CONTROL,,12,RED310,,WFM,,,,,,,,,,,,,,,,,,,,C
2022,7/20/22,SGL176,SUMMER CONTROL,,19,RED64,,WFM,,,,,,,,,,,,,,,,,,,,C
2022,7/20/22,SGL176,SUMMER CONTROL,,22,RED105,,WFM,,,,,,,,,,,,,,,,,,,,C
2022,7/20/22,SGL176,SUMMER TREATMENT,,17,RED316,N,WFM,M,AD,41,14,27,1.4,,,,,,0,,,Y,Y,,,,T
2022,7/20/22,SGL176,SUMMER TREATMENT,,28,RED97,Y,WFM,M,AD,53,34,19,1.4,,,,,,3,,,Y,Y,,,,T
2022,7/20/22,SGL176,SUMMER TREATMENT,,1,RED331,N,WFM,M,JUV,34,17,17,1.3,,,,,,0,,,Y,Y,,,,T
2022,7/20/22,SGL176,SUMMER TREATMENT,,22,RED327,N,WFM,F,AD,33,16,17,1.2,,,,,,0,,,Y,Y,,,,T
2022,7/20/22,SGL176,SUMMER TREATMENT,,12,RED95,,WFM,,,,,,,,,,,,,,,,,,,,T
2022,7/20/22,SGL176,SUMMER TREATMENT,,15,RED348,,WFM,,,,,,,,,,,,,,,,,,,,T
2022,7/20/22,SGL33,FALL CONTROL,,13,RED30,Y,WFM,F,AD,28,9,19,1.3,,,,,,1,,,Y,N,,,,C
2022,7/20/22,SGL33,FALL CONTROL,,15,RED473,,WFM,,,,,,,,,,,,,,,,,,,,C
2022,7/20/22,SGL33,FALL TREATMENT,,16,RED422,N,WFM,F,AD,31,14,17,1.3,,,,,,0,,,Y,Y,,,,T
2022,7/20/22,SGL33,FALL TREATMENT,,6,RED450,,WFM,,,,,,,,,,,,,,,,,,,,T
2022,7/20/22,SGL33,FALL TREATMENT,,11,GREEN63,,WFM,,,,,,,,,,,,,,,,,,,,T
2022,7/20/22,SGL33,FALL TREATMENT,,17,RED446,,WFM,,,,,,,,,,,,,,,,,,,,T
2022,7/20/22,SGL33,FALL TREATMENT,,24,GREEN53,,WFM,,,,,,,,,,,,,,,,,,,,T
2022,7/20/22,SGL33,SPRING CONTROL,,4,N/A,,MV,,,,,,,,,,,,,,,,,,,,C
2022,7/20/22,SGL33,SPRING CONTROL,,8,N/A,,RBV,,,,,,,,,,,,,,,,,,,,C
2022,7/20/22,SGL33,SPRING CONTROL,,18,RED447,N,WFM,M,AD,45,22,23,1.8,,,,,,2,,,Y,Y,,,,C
2022,7/20/22,SGL33,SPRING CONTROL,,7,GREEN70,Y,WFM,M,AD,43,15,28,1.5,,,,,,4,,,Y,N,,,,C
2022,7/20/22,SGL33,SPRING CONTROL,,13,RED385,N,WFM,M,JUV,43,25,18,1.5,,,,,,3,,,Y,N,,,,C
2022,7/20/22,SGL33,SPRING CONTROL,,20,RED421,N,WFM,F,AD,51,24,27,1.4,,,,,,0,,,Y,N,,,,C
2022,7/20/22,SGL33,SPRING CONTROL,,29,RED416,N,WFM,M,AD,42,18,24,1.4,,,,,,0,,,Y,Y,,,,C
2022,7/20/22,SGL33,SPRING CONTROL,,5,GREEN90,,WFM,,,,,,,,,,,,,,,,,,,,C
2022,7/20/22,SGL33,SPRING CONTROL,,11,RED451,,WFM,,,,,,,,,,,,,,,,,,,,C
2022,7/20/22,SGL33,SPRING CONTROL,,12,GREEN54,,WFM,,,,,,,,,,,,,,,,,,,,C
2022,7/20/22,SGL33,SPRING CONTROL,,14,GREEN82,,WFM,,,,,,,,,,,,,,,,,,,,C
2022,7/20/22,SGL33,SPRING CONTROL,,27,RED468,,WFM,,,,,,,,,,,,,,,,,,,,C
2022,7/20/22,SGL33,SPRING CONTROL,,30,GREEN56,,WFM,,,,,,,,,,,,,,,,,,,,C
2022,7/20/22,SGL33,SPRING TREATMENT,,2,N/A,,CHP,,,,,,,,,,,,,,,,,,,,T
2022,7/20/22,SGL33,SPRING TREATMENT,,13,RED465,N,WFM,M,JUV,29,10.5,18.5,,,,,,,0,,,Y,N,,,,T
2022,7/20/22,SGL33,SPRING TREATMENT,,10,GREEN78,Y,WFM,M,AD,34,10,24,1.4,,,,,,0,,,Y,N,,,,T
2022,7/20/22,SGL33,SPRING TREATMENT,,3,RED477,N,WFM,F,AD,39.5,22.5,17,1.4,,,,,,0,,,Y,N,,,,T
2022,7/20/22,SGL33,SPRING TREATMENT,,21,RED472,N,WFM,F,AD,33,11,22,1.3,,,,,,0,,,Y,N,,,,T
2022,7/20/22,SGL33,SPRING TREATMENT,,6,GREEN68,,WFM,,,,,,,,,,,,,,,,,,,,T
2022,7/20/22,SGL33,SPRING TREATMENT,,8,GREEN85,,WFM,,,,,,,,,,,,,,,,,,,,T
2022,7/20/22,SGL33,SPRING TREATMENT,,15,GREEN73,,WFM,,,,,,,,,,,,,,,,,,,,T
2022,7/20/22,SGL33,SPRING TREATMENT,,24,RED401,,WFM,,,,,,,,,,,,,,,,,,,,T
2022,7/20/22,SGL33,SPRING TREATMENT,,27,RED444,,WFM,,,,,,,,,,,,,,,,,,,,T
2022,7/19/22,SGL176,FALL CONTROL,,7,RED343,N,WFM,F,AD,31,10,21,1.5,,,,,,2,,,Y,Y,,,,C
2022,7/19/22,SGL176,FALL CONTROL,,28,RED334,N,WFM,M,AD,29,10,19,1.5,,,,,,0,,,Y,Y,,,,C
2022,7/19/22,SGL176,FALL CONTROL,,23,RED330,N,WFM,F,AD,35.5,20,15.5,1.5,,,,,,0,,,Y,Y,,,,C
2022,7/19/22,SGL176,FALL CONTROL,,29,RED346,N,WFM,M,AD,26,9.5,16.5,1.2,,,,,,0,,,Y,N,,,,C
2022,7/19/22,SGL176,FALL TREATMENT,,20,NONE,N,WFM,F,JUV,18,9,9,1.5,,,,,,2,,,Y,N,,,,T
2022,7/19/22,SGL176,FALL TREATMENT,,7,RED349,N,WFM,M,AD,32,9.5,22.5,1.4,,,,,,0,,,Y,N,,,,T
2022,7/19/22,SGL176,FALL TREATMENT,,4,RED333,N,WFM,F,AD,25,10,15,1.3,,,,,,0,,,Y,N,,,,T
2022,7/19/22,SGL176,FALL TREATMENT,,3,RED302,N,WFM,F,AD,28.5,15,13.5,1.3,,,,,,0,,,Y,Y,,,,T
2022,7/19/22,SGL176,SPRING CONTROL,,12,RED317,N,WFM,F,AD,30,15,15,1.7,,,,,,0,,,Y,N,,,,C
2022,7/19/22,SGL176,SPRING CONTROL,,14,RED340,N,WFM,M,AD,35,15,20,1.6,,,,,,0,,,Y,Y,,,,C
2022,7/19/22,SGL176,SPRING CONTROL,,28,GREEN1,Y,WFM,M,AD,73,43,30,1.5,,,,,,2,,,Y,N,,,,C
2022,7/19/22,SGL176,SPRING CONTROL,,8,RED345,N,WFM,F,AD,28,10,18,1.1,,,,,,0,,,Y,N,,,,C
2022,7/19/22,SGL176,SPRING CONTROL,,1,RED328,N,WFM,M,AD,32,10,22,1,,,,,,0,,,Y,N,,,,C
2022,7/19/22,SGL176,SPRING CONTROL,,30,NONE,N,WFM,,,,,,,,,,,,,,,N,N,,,,C
2022,7/19/22,SGL176,SPRING TREATMENT,,6,RED306,N,WFM,M,AD,36.5,15.5,21,1.5,,,,,,10,,,Y,Y,,,,T
2022,7/19/22,SGL176,SPRING TREATMENT,,20,RED116,Y,WFM,F,AD,38,10,28,1.4,,,,,,0,,,N,N,,,,T
2022,7/19/22,SGL176,SPRING TREATMENT,,14,RED350,N,WFM,M,AD,37,12,25,1.3,,,,,,0,,,Y,N,,,,T
2022,7/19/22,SGL176,SPRING TREATMENT,,23,RED84,N,WFM,F,AD,36.5,16,20.5,1.3,,,,,,0,,,Y,Y,,,,T
2022,7/19/22,SGL176,SPRING TREATMENT,,21,RED308,N,WFM,M,AD,44,23,21,1.1,,,,,,0,,,Y,N,,,,T
2022,7/19/22,SGL176,SUMMER CONTROL,,26,RED28,Y,WFM,F,AD,30,12,18,1.7,,,,,,0,,,Y,Y,,,,C
2022,7/19/22,SGL176,SUMMER CONTROL,,5,RED305,N,WFM,M,AD,39,10,29,1.5,,,,,,6,,,Y,N,,,,C
2022,7/19/22,SGL176,SUMMER CONTROL,,15,RED64,Y,WFM,M,AD,38,12,26,1.5,,,,,,0,,,Y,N,,,,C
2022,7/19/22,SGL176,SUMMER CONTROL,,20,RED105,Y,WFM,M,AD,32,14,18,1.4,,,,,,2,,,Y,Y,,,,C
2022,7/19/22,SGL176,SUMMER CONTROL,,3,RED310,N,WFM,M,AD,39,22,17,1.4,,,,,,0,,,Y,N,,,,C
2022,7/19/22,SGL176,SUMMER CONTROL,,13,RED344,N,WFM,F,AD,38.5,10,28.5,1,,,,,,0,,,Y,N,,,,C
2022,7/19/22,SGL176,SUMMER TREATMENT,,2,N/A,,MV,,,,,,,,,,,,,,,,,,,,T
2022,7/19/22,SGL176,SUMMER TREATMENT,,5,RED95,Y,WFM,M,AD,33,10,23,1.5,,,,,,0,,,Y,Y,,,,T
2022,7/19/22,SGL176,SUMMER TREATMENT,,27,BLACK399,Y,WFM,M,AD,41,15,26,1.4,,,,,,0,,,Y,N,,,,T
2022,7/19/22,SGL176,SUMMER TREATMENT,,24,RED304,N,WFM,M,JUV,31.5,11,20.5,1.4,,,,,,0,,,Y,N,,,,T
2022,7/19/22,SGL176,SUMMER TREATMENT,,13,RED104,Y,WFM,F,AD,28,9,19,1.3,,,,,,0,,,Y,N,,,,T
2022,7/19/22,SGL176,SUMMER TREATMENT,,17,RED348,N,WFM,F,AD,27,10,17,1.2,,,,,,0,,,Y,N,,,,T
2022,7/19/22,SGL33,FALL CONTROL,,21,RED13,Y,WFM,F,AD,40,23,17,,,,,,,0,,,N,N,,,,C
2022,7/19/22,SGL33,FALL CONTROL,,12,RED500,N,WFM,F,AD,27,15,12,1.6,,,,,,0,,,Y,N,,,,C
2022,7/19/22,SGL33,FALL CONTROL,,8,GREEN91,Y,WFM,M,AD,34,9,25,1.5,,,,,,0,,,Y,Y,,,,C
2022,7/19/22,SGL33,FALL CONTROL,,26,RED427,N,WFM,M,AD,45,26,19,1.4,,,,,,0,,,Y,Y,,,,C
2022,7/19/22,SGL33,FALL CONTROL,,22,RED23,Y,WFM,M,AD,43,17,26,1.3,,,,,,1,,,Y,N,,,,C
2022,7/19/22,SGL33,FALL CONTROL,,13,RED473,N,WFM,F,AD,35,17,18,1.3,,,,,,0,,,N,N,,,,C
2022,7/19/22,SGL33,FALL TREATMENT,,16,N/A,,NST,,,,,,,,,,,,,,,,,,,,T
2022,7/19/22,SGL33,FALL TREATMENT,,10,GREEN63,Y,WFM,F,AD,26,9,17,1.5,,,,,,1,,,Y,Y,,,,T
2022,7/19/22,SGL33,FALL TREATMENT,,28,GREEN53,Y,WFM,M,AD,50,34,16,1.5,,,,,,0,,,Y,N,,,,T
2022,7/19/22,SGL33,FALL TREATMENT,,18,GREEN80,Y,WFM,M,AD,36,9,27,1.4,,,,,,0,,,Y,Y,,,,T
2022,7/19/22,SGL33,FALL TREATMENT,,3,RED434,N,WFM,M,AD,44,22,22,1.4,,,,,,0,,,Y,Y,,,,T
2022,7/19/22,SGL33,FALL TREATMENT,,6,RED450,N,WFM,M,AD,39,18,21,1.4,,,,,,2,,,Y,Y,,,,T
2022,7/19/22,SGL33,FALL TREATMENT,,19,GREEN96,Y,WFM,F,AD,37,10,27,1.2,,,,,,0,,,Y,Y,,,,T
2022,7/19/22,SGL33,FALL TREATMENT,,8,GREEN98,Y,WFM,M,AD,37,18,19,1.2,,,,,,0,,,Y,Y,,,,T
2022,7/19/22,SGL33,SPRING CONTROL,,6,N/A,,FSQ,,,,,,,,,,,,,,,,,,,,C
2022,7/19/22,SGL33,SPRING CONTROL,,15,GREEN82,Y,WFM,M,AD,50,30,20,,,,,,,0,,,Y,Y,,,,C
2022,7/19/22,SGL33,SPRING CONTROL,,1,RED365,N,WFM,F,AD,44,18,26,1.6,,,,,,1,,,Y,N,,,,C
2022,7/19/22,SGL33,SPRING CONTROL,,27,RED468,N,WFM,M,AD,32,8,24,1.6,,,,,,6,,,Y,Y,,,,C
2022,7/19/22,SGL33,SPRING CONTROL,,25,RED433,N,WFM,M,AD,40,19,21,1.5,,,,,,2,,,Y,Y,,,,C
2022,7/19/22,SGL33,SPRING CONTROL,,9,GREEN54,Y,WFM,M,AD,45,25,20,1.5,,,,,,4,,,Y,Y,,,,C
2022,7/19/22,SGL33,SPRING CONTROL,,22,GREEN58,Y,WFM,M,AD,36,16,20,1.4,,,,,,3,,,Y,N,,,,C
2022,7/19/22,SGL33,SPRING CONTROL,,14,RED451,N,WFM,F,AD,35,15,20,1.4,,,,,,2,,,Y,N,,,,C
2022,7/19/22,SGL33,SPRING CONTROL,,24,RED354,N,WFM,M,AD,35,17,18,1.3,,,,,,1,,,Y,Y,,,,C
2022,7/19/22,SGL33,SPRING CONTROL,,30,GREEN56,Y,WFM,M,AD,31,9,22,1.2,,,,,,3,,,Y,Y,,,,C
2022,7/19/22,SGL33,SPRING CONTROL,,8,GREEN90,Y,WFM,F,AD,29,8,21,1.2,,,,,,1,,,Y,N,,,,C
2022,7/19/22,SGL33,SPRING CONTROL,,5,GREEN65,Y,WFM,M,AD,48,37,11,1.2,,,,,,7,,,Y,Y,,,,C
2022,7/19/22,SGL33,SPRING CONTROL,,29,RED378,N,WFM,M,AD,47,27,20,1.1,,,,,,1,,,Y,Y,,,,C
2022,7/19/22,SGL33,SPRING TREATMENT,,19,N/A,,MV,,,,,,,,,,,,,,,,,,,,T
2022,7/19/22,SGL33,SPRING TREATMENT,,21,N/A,,NST,,,,,,,,,,,,,,,,,,,,T
2022,7/19/22,SGL33,SPRING TREATMENT,,26,RED401,N,WFM,F,JUV,41,20,21,1.7,,,,,,0,,,Y,Y,,,,T
2022,7/19/22,SGL33,SPRING TREATMENT,,6,GREEN85,Y,WFM,M,AD,42,20,22,1.5,,,,,,0,,,Y,Y,,,,T
2022,7/19/22,SGL33,SPRING TREATMENT,,20,GREEN73,Y,WFM,M,AD,40,19,21,1.5,,,,,,0,,,N,Y,,,,T
2022,7/19/22,SGL33,SPRING TREATMENT,,10,GREEN100,Y,WFM,F,AD,31,10,21,1.4,,,,,,0,,,Y,Y,,,,T
2022,7/19/22,SGL33,SPRING TREATMENT,,3,GREEN68,Y,WFM,F,AD,37,19,18,1.4,,,,,,0,,,Y,Y,,,,T
2022,7/19/22,SGL33,SPRING TREATMENT,,23,RED480,N,WFM,F,JUV,24,9,15,1.3,,,,,,0,,,Y,N,,,,T
2022,7/19/22,SGL33,SPRING TREATMENT,,1,RED493,N,WFM,F,AD,34,22,12,1.3,,,,,,0,4,,Y,Y,,,,T
2022,7/19/22,SGL33,SUMMER CONTROL,,1,RED457,N,WFM,F,AD,41,24,17,1.7,,,,,,6,1,,Y,Y,,,,C
2022,7/19/22,SGL33,SUMMER CONTROL,,19,GREEN76,Y,WFM,M,AD,44,22,22,1.6,,,,,,2,1,,Y,Y,,,,C
2022,7/19/22,SGL33,SUMMER CONTROL,,2,GREEN86,Y,WFM,M,AD,38,17,21,1.5,,,,,,0,,,Y,Y,,,,C
2022,7/19/22,SGL33,SUMMER CONTROL,,11,RED436,N,WFM,F,JUV,38,21,17,1.5,,,,,,0,,,Y,N,,,,C
2022,7/19/22,SGL33,SUMMER CONTROL,,12,GREEN72,Y,WFM,F,AD,40,18,22,1.4,,,,,,0,,,Y,Y,,,,C
2022,7/19/22,SGL33,SUMMER CONTROL,,20,GREEN87,Y,WFM,F,AD,28,9,19,1.4,,,,,,0,,,Y,Y,,,,C
2022,7/19/22,SGL33,SUMMER CONTROL,,26,RED443,N,WFM,F,AD,42,25,17,1.4,,,,,,1,,,Y,Y,,,,C
2022,7/19/22,SGL33,SUMMER CONTROL,,23,RED407,N,WFM,F,JUV,37,21,16,1.4,,,,,,2,,,Y,N,,,,C
2022,7/19/22,SGL33,SUMMER CONTROL,,9,GREEN8,Y,WFM,M,AD,45,21,24,1.3,,,,,,2,,,Y,Y,,,,C
2022,7/19/22,SGL33,SUMMER CONTROL,,4,RED429,N,WFM,M,AD,40,20,20,1.3,,,,,,0,,,Y,N,,,,C
2022,7/19/22,SGL33,SUMMER CONTROL,,25,GREEN69,Y,WFM,M,AD,32,15,17,1.3,,,,,,0,,,Y,Y,,,,C
2022,7/19/22,SGL33,SUMMER CONTROL,,15,RED470,N,WFM,F,AD,31,15,16,1.3,,,,,,0,1,,Y,N,,,,C
2022,7/19/22,SGL33,SUMMER TREATMENT,,5,RED471,N,WFM,F,AD,54,34,20,1.6,,,,,,0,,,Y,Y,,,,T
2022,7/19/22,SGL33,SUMMER TREATMENT,,13,RED8,Y,WFM,M,AD,43,17,26,1.4,,,,,,0,,,Y,Y,,,,T
2022,7/19/22,SGL33,SUMMER TREATMENT,,28,RED11,Y,WFM,M,AD,43,20,23,1.4,,,,,,0,,,Y,Y,,,,T
2022,7/19/22,SGL33,SUMMER TREATMENT,,18,RED383,N,WFM,F,JUV,22,9,13,1.1,,,,,,0,,,Y,N,,,,T
2022,6/7/22,SGL33,SUMMER CONTROL,,3,GREEN86,,WFM,,,,,,,,,,,,,,,,,,,,C
2022,6/7/22,SGL33,SUMMER CONTROL,,4,GREEN76,,WFM,,,,,,,,,,,,,,,,,,,,C
2022,6/7/22,SGL33,SUMMER CONTROL,,12,GREEN87,,WFM,,,,,,,,,,,,,,,,,,,,C
2022,6/7/22,SGL33,SUMMER CONTROL,,17,GREEN93,,WFM,,,,,,,,,,,,,,,,,,,,C
2022,6/7/22,SGL33,SUMMER CONTROL,,19,GREEN92,,WFM,,,,,,,,,,,,,,,,,,,,C
2022,6/6/22,SGL176,FALL CONTROL,,29,RED87,N,WFM,M,AD,26,9,17,1.4,,,,,,2,,,Y,N,,,,C
2022,6/6/22,SGL176,FALL CONTROL,,19,GREEN35,,WFM,,,,,,,,,,,,,,,,,,,,C
2022,6/6/22,SGL176,FALL TREATMENT,,19,3222,Y,WFM,F,AD,36,10,26,1.4,,,,,,0,,,Y,N,,,,T
2022,6/6/22,SGL176,FALL TREATMENT,,13,GREEN14,,WFM,,,,,,,,,,,,,,,,,,,,T
2022,6/6/22,SGL176,SPRING TREATMENT,,4,N/A,,JM,,,,,,,,,,,,,,,,,,,,T
2022,6/6/22,SGL176,SPRING TREATMENT,,11,RED127,N,WFM,F,AD,36,17,19,,,,,,,3,,,Y,N,,,,T
2022,6/6/22,SGL176,SPRING TREATMENT,,20,RED116,,WFM,,,,,,,,,,,,,,,,,,,,T
2022,6/6/22,SGL176,SUMMER CONTROL,,3,RED85,N,WFM,M,AD,26,10,16,1.4,,,,,,15,,,Y,Y,,,,C
2022,6/6/22,SGL176,SUMMER CONTROL,,2,RED52,N,WFM,F,AD,37,10,27,1.3,,,,,,6,,,Y,N,,,,C
2022,6/6/22,SGL176,SUMMER CONTROL,,14,RED111,N,WFM,M,JUV,24,10,14,1.3,,,,,,7,,,Y,N,,,,C
2022,6/6/22,SGL176,SUMMER CONTROL,,12,RED110,N,WFM,M,JUV,31,18,13,1.2,,,,,,9,,,Y,N,,,,C
2022,6/6/22,SGL176,SUMMER CONTROL,,5,RED141,,WFM,,,,,,,,,,,,,,,,,,,,C
2022,6/6/22,SGL176,SUMMER CONTROL,,10,RED140,,WFM,,,,,,,,,,,,,,,,,,,,C
2022,6/6/22,SGL176,SUMMER CONTROL,,16,RED64,,WFM,,,,,,,,,,,,,,,,,,,,C
2022,6/6/22,SGL176,SUMMER CONTROL,,20,RED105,,WFM,,,,,,,,,,,,,,,,,,,,C
2022,6/6/22,SGL176,SUMMER CONTROL,,26,RED107,,WFM,,,,,,,,,,,,,,,,,,,,C
2022,6/6/22,SGL176,SUMMER CONTROL,,26,RED90,,WFM,,,,,,,,,,,,,,,,,,,,C
2022,6/6/22,SGL176,SUMMER TREATMENT,,10,RED139,N,WFM,F,AD,35,10,25,1.5,,,,,,2,,,Y,Y,,,,T
2022,6/6/22,SGL176,SUMMER TREATMENT,,1,RED106,N,WFM,M,AD,34,15,19,1.4,,,,,,1,,,N,N,,,,T
2022,6/6/22,SGL176,SUMMER TREATMENT,,28,RED97,N,WFM,M,AD,29,10,19,1.4,,,,,,3,,,Y,N,,,,T
2022,6/6/22,SGL176,SUMMER TREATMENT,,4,RED88,N,WFM,F,JUV,21,10,11,1.1,,,,,,0,,,N,N,,,,T
2022,6/6/22,SGL176,SUMMER TREATMENT,,22,RED78,N,WFM,M,JUV,18,10,8,1,,,,,,0,,,Y,N,,,,T
2022,6/6/22,SGL176,SUMMER TREATMENT,,7,RED54,,WFM,,,,,,,,,,,,,,,,,,,,T
2022,6/6/22,SGL176,SUMMER TREATMENT,,8,RED357,,WFM,,,,,,,,,,,,,,,,,,,,T
2022,6/6/22,SGL176,SUMMER TREATMENT,,9,RED95,,WFM,,,,,,,,,,,,,,,,,,,,T
2022,6/6/22,SGL176,SUMMER TREATMENT,,13,GREEN37,,WFM,,,,,,,,,,,,,,,,,,,,T
2022,6/6/22,SGL176,SUMMER TREATMENT,,18,RED104,,WFM,,,,,,,,,,,,,,,,,,,,T
2022,6/6/22,SGL176,SUMMER TREATMENT,,20,GREEN42,,WFM,,,,,,,,,,,,,,,,,,,,T
2022,6/6/22,SGL33,FALL CONTROL,,13,N/A,,MV,,,,,,,,,,,,,,,,,,,,C
2022,6/6/22,SGL33,FALL CONTROL,,3,RED164,,WFM,,,,,,,,,,,,,,,,,,,,C
2022,6/6/22,SGL33,FALL CONTROL,,11,RED4,,WFM,,,,,,,,,,,,,,,,,,,,C
2022,6/6/22,SGL33,FALL CONTROL,,18,RED192,,WFM,,,,,,,,,,,,,,,,,,,,C
2022,6/6/22,SGL33,FALL CONTROL,,19,RED188,,WFM,,,,,,,,,,,,,,,,,,,,C
2022,6/6/22,SGL33,FALL CONTROL,,20,RED44,,WFM,,,,,,,,,,,,,,,,,,,,C
2022,6/6/22,SGL33,FALL CONTROL,,25,RED17,,WFM,,,,,,,,,,,,,,,,,,,,C
2022,6/6/22,SGL33,FALL TREATMENT,,16,RED199,N,WFM,M,AD,35,18,17,1.5,,,,,,0,,,Y,Y,,,,T
2022,6/6/22,SGL33,FALL TREATMENT,,5,RED177,N,WFM,F,AD,34,19,15,1.4,,,,,,0,,,Y,Y,,,,T
2022,6/6/22,SGL33,FALL TREATMENT,,15,RED36,N,WFM,M,AD,40,20,20,1.3,,,,,,2,,,Y,N,,,,T
2022,6/6/22,SGL33,FALL TREATMENT,,24,RED42,N,WFM,M,AD,32,14,18,1.2,,,,,,0,,,Y,N,,,,T
2022,6/6/22,SGL33,FALL TREATMENT,,1,RED27,N,WFM,M,JUV,29,15,14,1.2,,,,,,6,,,Y,N,,,,T
2022,6/6/22,SGL33,FALL TREATMENT,,2,TEAL42,,WFM,,,,,,,,,,,,,,,,,,,,T
2022,6/6/22,SGL33,FALL TREATMENT,,6,GREEN96,,WFM,,,,,,,,,,,,,,,,,,,,T
2022,6/6/22,SGL33,FALL TREATMENT,,9,GREEN63,,WFM,,,,,,,,,,,,,,,,,,,,T
2022,6/6/22,SGL33,FALL TREATMENT,,23,GREEN53,,WFM,,,,,,,,,,,,,,,,,,,,T
2022,6/6/22,SGL33,SPRING CONTROL,,26,RED174,N,WFM,M,AD,28,10,18,1.7,,,,,,8,,,Y,Y,,,,C
2022,6/6/22,SGL33,SPRING CONTROL,,21,RED191,N,WFM,M,AD,32,12.5,19.5,1.4,,,,,,10,,,Y,Y,,,,C
2022,6/6/22,SGL33,SPRING CONTROL,,3,GREEN70,,WFM,,,,,,,,,,,,,,,,,,,,C
2022,6/6/22,SGL33,SPRING CONTROL,,4,GREEN90,,WFM,,,,,,,,,,,,,,,,,,,,C
2022,6/6/22,SGL33,SPRING CONTROL,,19,GREEN82,,WFM,,,,,,,,,,,,,,,,,,,,C
2022,6/6/22,SGL33,SPRING CONTROL,,22,GREEN58,,WFM,,,,,,,,,,,,,,,,,,,,C
2022,6/6/22,SGL33,SPRING CONTROL,,24,GREEN74,,WFM,,,,,,,,,,,,,,,,,,,,C
2022,6/6/22,SGL33,SPRING TREATMENT,,15,N/A,,MV,,,,,,,,,,,,,,,,,,,,T
2022,6/6/22,SGL33,SPRING TREATMENT,,7,GREEN85,,WFM,,,,,,,,,,,,,,,,,,,,T
2022,6/6/22,SGL33,SPRING TREATMENT,,21,GREEN73,,WFM,,,,,,,,,,,,,,,,,,,,T
2022,6/6/22,SGL33,SPRING TREATMENT,,29,GREEN59,,WFM,,,,,,,,,,,,,,,,,,,,T
2022,6/6/22,SGL33,SUMMER TREATMENT,,12,N/A,,MV,,,,,,,,,,,,,,,,,,,,T
2022,6/6/22,SGL33,SUMMER TREATMENT,,21,N/A,,MV,,,,,,,,,,,,,,,,,,,,T
2022,6/6/22,SGL33,SUMMER TREATMENT,,18,RED183,N,WFM,M,AD,38,19,19,1.8,,,,,,2,,,Y,N,,,,T
2022,6/6/22,SGL33,SUMMER TREATMENT,,13,RED171,N,WFM,F,AD,40,25,15,1.5,,,,,,1,,,Y,Y,,,,T
2022,6/6/22,SGL33,SUMMER TREATMENT,,2,RED161,N,WFM,F,JUV,32,20,12,1.5,,,,,,1,,,Y,N,,,,T
2022,6/6/22,SGL33,SUMMER TREATMENT,,27,RED11,N,WFM,M,AD,33.5,15,18.5,1.2,,,,,,1,,,Y,N,,,,T
2022,6/6/22,SGL33,SUMMER TREATMENT,,15,RED22,N,WFM,M,AD,35,17,18,1.2,,,,,,4,,,Y,N,,,,T
2022,6/6/22,SGL33,SUMMER TREATMENT,,28,RED12,N,WFM,F,JUV,32,18,14,1.2,,,,,,6,,,Y,N,,,,T
2022,6/6/22,SGL33,SUMMER TREATMENT,,6,RED29,N,WFM,M,AD,34,13,21,1.1,,,,,,2,,,Y,N,,,,T
2022,6/6/22,SGL33,SUMMER TREATMENT,,24,RED175,N,WFM,F,AD,31,10,21,1,,,,,,0,,,Y,N,,,,T
2022,6/6/22,SGL33,SUMMER TREATMENT,,14,RED8,,WFM,,,,,,,,,,,,,,,,,,,,T
2022,6/6/22,SGL33,SUMMER TREATMENT,,17,RED18,,WFM,,,,,,,,,,,,,,,,,,,,T
2022,6/6/22,SGL33,SUMMER TREATMENT,,19,RED21,,WFM,,,,,,,,,,,,,,,,,,,,T
2022,6/6/22,SGL33,SUMMER TREATMENT,,20,RED166,,WFM,,,,,,,,,,,,,,,,,,,,T
2022,6/6/22,SGL33,SUMMER TREATMENT,,23,GREEN75,,WFM,,,,,,,,,,,,,,,,,,,,T
2022,6/6/22,SGL33,SUMMER TREATMENT,,30,GREEN95,,WFM,,,,,,,,,,,,,,,,,,,,T
2022,6/5/22,SGL33,FALL CONTROL,,10,N/A,,MV,,,,,,,,,,,,,,,,,,,,C
2022,6/5/22,SGL33,FALL CONTROL,,13,RED192,N,WFM,M,AD,43,25,18,1.4,,,,,,0,,,Y,N,,,,C
2022,6/5/22,SGL33,FALL CONTROL,,19,RED44,N,WFM,F,AD,34,15,19,1.3,,,,,,1,,,Y,N,,,,C
2022,6/5/22,SGL33,FALL CONTROL,,9,RED46,N,WFM,F,AD,34,17,17,1.3,,,,,,0,,,Y,N,,,,C
2022,6/5/22,SGL33,FALL CONTROL,,15,RED154,N,WFM,F,JUV,34,17,17,1.2,,,,,,29,,,Y,N,,,,C
2022,6/5/22,SGL33,FALL CONTROL,,18,RED188,N,WFM,M,AD,44,28,16,1.2,,,,,,17,1,,Y,N,,,,C
2022,6/5/22,SGL33,FALL CONTROL,,12,RED17,N,WFM,M,AD,41,20,21,1,,,,,,7,,,Y,N,,,,C
2022,6/5/22,SGL33,FALL CONTROL,,1,RED164,,WFM,,,,,,,,,,,,,,,,,,,,C
2022,6/5/22,SGL33,FALL CONTROL,,6,RED346,,WFM,,,,,,,,,,,,,,,,,,,,C
2022,6/5/22,SGL33,FALL CONTROL,,16,RED30,,WFM,,,,,,,,,,,,,,,,,,,,C
2022,6/5/22,SGL33,FALL CONTROL,,17,RED23,,WFM,,,,,,,,,,,,,,,,,,,,C
2022,6/5/22,SGL33,FALL CONTROL,,20,RED13,,WFM,,,,,,,,,,,,,,,,,,,,C
2022,6/5/22,SGL33,FALL CONTROL,,23,RED4,,WFM,,,,,,,,,,,,,,,,,,,,C
2022,6/5/22,SGL33,FALL CONTROL,,24,RED79,,WFM,,,,,,,,,,,,,,,,,,,,C
2022,6/3/22,SGL176,FALL CONTROL,,4,N/A,,FSQ,,,,,,,,,,,,,,,,,,,,C
2022,6/3/22,SGL176,FALL TREATMENT,,8,RED150,N,WFM,M,JUV,24,10,14,1.3,,,,,,2,,,Y,N,,,,T
2022,6/3/22,SGL176,FALL TREATMENT,,6,GREEN19,,WFM,,,,,,,,,,,,,,,,,,,,T
2022,6/3/22,SGL176,SPRING TREATMENT,,6,RED145,N,WFM,F,AD,30,10,20,,,,,,,0,,,Y,N,,,,T
2022,6/3/22,SGL176,SPRING TREATMENT,,29,RED92,N,WFM,M,AD,55,36,19,1.6,,,,,,0,,,Y,N,,,,T
2022,6/3/22,SGL176,SPRING TREATMENT,,30,RED86,N,WFM,F,JUV,28,10,18,1.5,,,,,,2,,,Y,N,,,,T
2022,6/3/22,SGL176,SPRING TREATMENT,,22,RED53,N,WFM,M,JUV,33,14,19,1.4,,,,,,0,,,Y,N,,,,T
2022,6/3/22,SGL176,SPRING TREATMENT,,9,RED109,N,WFM,F,JUV,24,10,14,1.3,,,,,,1,,,N,N,,,,T
2022,6/3/22,SGL176,SPRING TREATMENT,,3,RED142,N,WFM,M,AD,,,,1.3,,,,,,0,,,N,N,,,,T
2022,6/3/22,SGL176,SPRING TREATMENT,,2,GREEN48,,WFM,,,,,,,,,,,,,,,,,,,,T
2022,6/3/22,SGL176,SPRING TREATMENT,,25,GREEN46,,WFM,,,,,,,,,,,,,,,,,,,,T
2022,6/3/22,SGL176,SPRING TREATMENT,,27,GREEN16,,WFM,,,,,,,,,,,,,,,,,,,,T
2022,6/3/22,SGL176,SPRING TREATMENT,,28,GREEN13,,WFM,,,,,,,,,,,,,,,,,,,,T
2022,6/3/22,SGL176,SUMMER CONTROL,,11,RED138,N,WFM,M,AD,34,10,24,1.4,,,,,,12,,,Y,Y,,,,C
2022,6/3/22,SGL176,SUMMER CONTROL,,14,RED64,N,WFM,M,JUV,30.5,13,17.5,1.4,,,,,,7,,,Y,N,,,,C
2022,6/3/22,SGL176,SUMMER CONTROL,,24,RED82,N,WFM,F,JUV,27,11,16,1.4,,,,,,0,,,Y,N,,,,C
2022,6/3/22,SGL176,SUMMER CONTROL,,6,RED141,N,WFM,F,JUV,39,24,15,1.4,,,,,,15,,,Y,N,,,,C
2022,6/3/22,SGL176,SUMMER CONTROL,,4,RED117,,WFM,,,,,,,,,,,,,,,,,,,,C
2022,6/3/22,SGL176,SUMMER CONTROL,,10,RED104,,WFM,,,,,,,,,,,,,,,,,,,,C
2022,6/3/22,SGL176,SUMMER CONTROL,,13,RED102,,WFM,,,,,,,,,,,,,,,,,,,,C
2022,6/3/22,SGL176,SUMMER CONTROL,,20,RED105,,WFM,,,,,,,,,,,,,,,,,,,,C
2022,6/3/22,SGL176,SUMMER TREATMENT,,18,RED70,N,WFM,M,JUV,36,23,13,1,,,,,,0,,,Y,N,,,,T
2022,6/3/22,SGL176,SUMMER TREATMENT,,2,RED126,,WFM,,,,,,,,,,,,,,,,,,,,T
2022,6/3/22,SGL176,SUMMER TREATMENT,,4,RED357,,WFM,,,,,,,,,,,,,,,,,,,,T
2022,6/3/22,SGL176,SUMMER TREATMENT,,7,RED54,,WFM,,,,,,,,,,,,,,,,,,,,T
2022,6/3/22,SGL176,SUMMER TREATMENT,,13,RED95,,WFM,,,,,,,,,,,,,,,,,,,,T
2022,6/3/22,SGL176,SUMMER TREATMENT,,17,GREEN37,,WFM,,,,,,,,,,,,,,,,,,,,T
2022,6/3/22,SGL176,SUMMER TREATMENT,,22,RED67,,WFM,,,,,,,,,,,,,,,,,,,,T
2022,6/3/22,SGL176,SUMMER TREATMENT,,24,GREEN202,,WFM,,,,,,,,,,,,,,,,,,,,T
2022,6/3/22,SGL176,SUMMER TREATMENT,,26,GREEN42,,WFM,,,,,,,,,,,,,,,,,,,,T
2022,6/3/22,SGL33,FALL CONTROL,,23,RED173,N,WFM,M,AD,30,15,15,1.8,,,,,,11,,,Y,N,,,,C
2022,6/3/22,SGL33,FALL CONTROL,,18,RED13,N,WFM,M,JUV,40,26,14,1.7,,,,,,14,,,Y,N,,,,C
2022,6/3/22,SGL33,FALL CONTROL,,2,RED164,N,WFM,F,JUV,38,24,14,1.6,,,,,,35,,,Y,N,,,,C
2022,6/3/22,SGL33,FALL CONTROL,,3,RED346,N,WFM,M,AD,34,10,24,1.5,,,,,,0,,,Y,N,,,,C
2022,6/3/22,SGL33,FALL CONTROL,,19,RED30,N,WFM,F,AD,29,9,20,1.4,,,,,,0,,,Y,Y,,,,C
2022,6/3/22,SGL33,FALL CONTROL,,25,RED4,N,WFM,M,AD,46,23,23,1.3,,,,,,11,,,Y,N,,,,C
2022,6/3/22,SGL33,FALL CONTROL,,17,RED23,N,WFM,M,AD,36,15,21,1.3,,,,,,3,,,Y,N,,,,C
2022,6/3/22,SGL33,FALL CONTROL,,7,GREEN91,,WFM,,,,,,,,,,,,,,,,,,,,C
2022,6/3/22,SGL33,FALL TREATMENT,,30,RED39,N,WFM,M,JUV,35,17,18,1.4,,,,,,1,,,Y,N,,,,T
2022,6/3/22,SGL33,FALL TREATMENT,,12,RED19,N,WFM,M,JUV,31,15,16,1.3,,,,,,6,1,,Y,N,,,,T
2022,6/3/22,SGL33,FALL TREATMENT,,1,TEAL42,,WFM,,,,,,,,,,,,,,,,,,,,T
2022,6/3/22,SGL33,FALL TREATMENT,,3,GREEN98,,WFM,,,,,,,,,,,,,,,,,,,,T
2022,6/3/22,SGL33,FALL TREATMENT,,9,GREEN63,,WFM,,,,,,,,,,,,,,,,,,,,T
2022,6/3/22,SGL33,FALL TREATMENT,,17,TEAL12,,WFM,,,,,,,,,,,,,,,,,,,,T
2022,6/3/22,SGL33,FALL TREATMENT,,20,GREEN80,,WFM,,,,,,,,,,,,,,,,,,,,T
2022,6/3/22,SGL33,FALL TREATMENT,,22,GREEN96,,WFM,,,,,,,,,,,,,,,,,,,,T
2022,6/3/22,SGL33,FALL TREATMENT,,23,GREEN53,,WFM,,,,,,,,,,,,,,,,,,,,T
2022,6/3/22,SGL33,SPRING CONTROL,,14,N/A,,MV,,,,,,,,,,,,,,,,,,,,C
2022,6/3/22,SGL33,SPRING CONTROL,,22,GREEN58,N,WFM,M,AD,35,12,23,1.7,,,,,,1,,,Y,Y,,,,C
2022,6/3/22,SGL33,SPRING CONTROL,,21,GREEN60,N,WFM,M,JUV,43,28,15,1.6,,,,,,16,,,Y,Y,,,,C
2022,6/3/22,SGL33,SPRING CONTROL,,30,GREEN56,N,WFM,M,AD,33,15,18,1.5,,,,,,0,,,Y,N,,,,C
2022,6/3/22,SGL33,SPRING CONTROL,,15,GREEN64,Y,WFM,M,AD,55,29,26,1.4,,,,,,15,,,N,N,,,,C
2022,6/3/22,SGL33,SPRING CONTROL,,18,GREEN62,N,WFM,M,JUV,38,22,16,1.2,,,,,,9,,,Y,N,,,,C
2022,6/3/22,SGL33,SPRING CONTROL,,13,GREEN54,,WFM,,,,,,,,,,,,,,,,,,,,C
2022,6/3/22,SGL33,SPRING CONTROL,,17,GREEN82,,WFM,,,,,,,,,,,,,,,,,,,,C
2022,6/3/22,SGL33,SPRING CONTROL,,18,GREEN83,,WFM,,,,,,,,,,,,,,,,,,,,C
2022,6/3/22,SGL33,SPRING CONTROL,,24,GREEN74,,WFM,,,,,,,,,,,,,,,,,,,,C
2022,6/3/22,SGL33,SPRING CONTROL,,27,GREEN84,,WFM,,,,,,,,,,,,,,,,,,,,C
2022,6/3/22,SGL33,SPRING TREATMENT,,13,N/A,,CHP,,,,,,,,,,,,,,,,,,,,T
2022,6/3/22,SGL33,SPRING TREATMENT,,30,N/A,,RBV,,,,,,,,,,,,,,,,,,,,T
2022,6/3/22,SGL33,SPRING TREATMENT,,15,GREEN51,N,WFM,M,AD,33,12,21,1.4,,,,,,0,,,Y,N,,,,T
2022,6/3/22,SGL33,SPRING TREATMENT,,2,GREEN85,,WFM,,,,,,,,,,,,,,,,,,,,T
2022,6/3/22,SGL33,SPRING TREATMENT,,3,GREEN68,,WFM,,,,,,,,,,,,,,,,,,,,T
2022,6/3/22,SGL33,SPRING TREATMENT,,8,GREEN52,,WFM,,,,,,,,,,,,,,,,,,,,T
2022,6/3/22,SGL33,SPRING TREATMENT,,9,GREEN81,,WFM,,,,,,,,,,,,,,,,,,,,T
2022,6/3/22,SGL33,SPRING TREATMENT,,16,GREEN100,,WFM,,,,,,,,,,,,,,,,,,,,T
2022,6/3/22,SGL33,SPRING TREATMENT,,21,GREEN73,,WFM,,,,,,,,,,,,,,,,,,,,T
2022,6/3/22,SGL33,SUMMER CONTROL,,18,GREEN87,N,WFM,M,JUV,37,22,15,1.4,,,,,,14,,,Y,N,,,,C
2022,6/3/22,SGL33,SUMMER CONTROL,,7,GREEN72,,WFM,,,,,,,,,,,,,,,,,,,,C
2022,6/3/22,SGL33,SUMMER CONTROL,,14,GREEN76,,WFM,,,,,,,,,,,,,,,,,,,,C
2022,6/3/22,SGL33,SUMMER TREATMENT,,9,N/A,,MV,,,,,,,,,,,,,,,,,,,,T
2022,6/3/22,SGL33,SUMMER TREATMENT,,6,N/A,,NST,,,,,,,,,,,,,,,,,,,,T
2022,6/3/22,SGL33,SUMMER TREATMENT,,26,RED170,N,WFM,F,AD,40,22,18,1.8,,,,,,2,,,Y,N,,,,T
2022,6/3/22,SGL33,SUMMER TREATMENT,,19,RED185,N,WFM,F,AD,44,20,24,1.7,,,,,,0,,,Y,N,,,,T
2022,6/3/22,SGL33,SUMMER TREATMENT,,21,RED166,N,WFM,M,AD,31,12,19,1.6,,,,,,5,,,Y,N,,,,T
2022,6/3/22,SGL33,SUMMER TREATMENT,,25,RED156,N,WFM,M,AD,36,21,15,1.6,,,,,,2,,,Y,N,,,,T
2022,6/3/22,SGL33,SUMMER TREATMENT,,28,RED10,N,WFM,F,AD,35,7,28,1.5,,,,,,2,,,Y,N,,,,T
2022,6/3/22,SGL33,SUMMER TREATMENT,,5,RED38,N,WFM,M,AD,45,22,23,1.4,,,,,,0,,,Y,N,,,,T
2022,6/3/22,SGL33,SUMMER TREATMENT,,14,RED8,N,WFM,M,AD,44,22,22,1.4,,,,,,0,,,Y,Y,,,,T
2022,6/3/22,SGL33,SUMMER TREATMENT,,23,RED21,N,WFM,F,JUV,29,12,17,1.4,,,,,,12,,,Y,N,,,,T
2022,6/3/22,SGL33,SUMMER TREATMENT,,20,RED18,N,WFM,M,JUV,33,21,12,1.4,,,,,,14,,,Y,N,,,,T
2022,6/3/22,SGL33,SUMMER TREATMENT,,27,GREEN99,,WFM,,,,,,,,,,,,,,,,,,,,T
2022,6/3/22,SGL33,SUMMER TREATMENT,,29,GREEN95,,WFM,,,,,,,,,,,,,,,,,,,,T
2022,6/1/22,SGL176,FALL TREATMENT,,23,RED96,N,WFM,M,AD,45,19,26,1.4,,,,,,0,,,Y,N,,,,T
2022,6/1/22,SGL176,FALL TREATMENT,,5,GREEN19,,WFM,,,,,,,,,,,,,,,,,,,,T
2022,6/1/22,SGL176,SPRING CONTROL,,7,RED66,N,WFM,M,JUV,25,8,17,1.3,,,,,,13,,,Y,N,,,,C
2022,6/1/22,SGL176,SPRING TREATMENT,,13,RED74,N,WFM,M,AD,30,10,20,1.5,,,,,,0,,,Y,N,,,,T
2022,6/1/22,SGL176,SPRING TREATMENT,,23,RED116,N,WFM,F,AD,42,10,32,1.2,,,,,,0,,,Y,N,,,,T
2022,6/1/22,SGL176,SPRING TREATMENT,,21,RED77,N,WFM,F,AD,46,15,31,1.2,,,,,,0,,,Y,N,,,,T
2022,6/1/22,SGL176,SPRING TREATMENT,,22,RED84,N,WFM,F,JUV,29,14.5,14.5,1.2,,,,,,0,,,Y,N,,,,T
2022,6/1/22,SGL176,SPRING TREATMENT,,1,GREEN48,,WFM,,,,,,,,,,,,,,,,,,,,T
2022,6/1/22,SGL176,SPRING TREATMENT,,25,GREEN46,,WFM,,,,,,,,,,,,,,,,,,,,T
2022,6/1/22,SGL176,SPRING TREATMENT,,30,GREEN16,,WFM,,,,,,,,,,,,,,,,,,,,T
2022,6/1/22,SGL176,SUMMER CONTROL,,28,RED90,N,WFM,F,AD,34,10,24,1.4,,,,,,3,,,Y,N,,,,C
2022,6/1/22,SGL176,SUMMER CONTROL,,17,RED102,N,WFM,F,AD,32,9,23,1.4,,,,,,0,,,N,N,,,,C
2022,6/1/22,SGL176,SUMMER CONTROL,,3,RED117,N,WFM,M,AD,32,10,22,1.4,,,,,,7,,,Y,N,,,,C
2022,6/1/22,SGL176,SUMMER CONTROL,,20,RED107,N,WFM,M,AD,31,10,21,1.3,,,,,,8,,,Y,Y,,,,C
2022,6/1/22,SGL176,SUMMER CONTROL,,15,RED105,N,WFM,M,JUV,25,12,13,1.3,,,,,,12,,,Y,N,,,,C
2022,6/1/22,SGL176,SUMMER CONTROL,,27,RED354,Y,WFM,F,AD,37.5,12.5,25,1.2,,,,,,8,,,Y,N,,,,C
2022,6/1/22,SGL176,SUMMER CONTROL,,10,RED140,N,WFM,F,JUV,37,17,20,1.2,,,,,,24,,,Y,N,,,,C
2022,6/1/22,SGL176,SUMMER TREATMENT,,1,RED126,N,WFM,F,AD,46,20,26,1.5,,,,,,0,,,Y,N,,,,T
2022,6/1/22,SGL176,SUMMER TREATMENT,,24,RED67,N,WFM,M,AD,37,10,27,1.4,,,,,,1,,,Y,Y,,,,T
2022,6/1/22,SGL176,SUMMER TREATMENT,,16,RED104,N,WFM,F,AD,33,10,23,1.3,,,,,,0,,,Y,Y,,,,T
2022,6/1/22,SGL176,SUMMER TREATMENT,,7,RED54,N,WFM,F,AD,38,16.5,21.5,1.3,,,,,,0,,,Y,N,,,,T
2022,6/1/22,SGL176,SUMMER TREATMENT,,10,RED95,N,WFM,M,AD,41,17,24,1.2,,,,,,0,,,Y,N,,,,T
2022,6/1/22,SGL176,SUMMER TREATMENT,,3,RED357,,WFM,,,,,,,,,,,,,,,,,,,,T
2022,6/1/22,SGL176,SUMMER TREATMENT,,15,GREEN37,,WFM,,,,,,,,,,,,,,,,,,,,T
2022,6/1/22,SGL176,SUMMER TREATMENT,,19,GREEN5,,WFM,,,,,,,,,,,,,,,,,,,,T
2022,6/1/22,SGL176,SUMMER TREATMENT,,20,GREEN42,,WFM,,,,,,,,,,,,,,,,,,,,T
2022,6/1/22,SGL176,SUMMER TREATMENT,,22,GREEN202,,WFM,,,,,,,,,,,,,,,,,,,,T
2022,6/1/22,SGL33,FALL CONTROL,,4,GREEN91,N,WFM,M,AD,42,21,21,1.5,,,,,,17,,,Y,Y,,,,C
2022,6/1/22,SGL33,FALL CONTROL,,21,GREEN79,N,WFM,M,JUV,33,20,13,1.1,,,,,,6,,,Y,N,,,,C
2022,6/1/22,SGL33,FALL TREATMENT,,19,GREEN80,N,WFM,M,AD,35,8,27,1.6,,,,,,2,,,Y,Y,,,,T
2022,6/1/22,SGL33,FALL TREATMENT,,9,GREEN98,Y,WFM,M,AD,47,27,20,1.3,,,,,,0,,,Y,N,,,,T
2022,6/1/22,SGL33,FALL TREATMENT,,10,GREEN63,N,WFM,F,AD,25,9,16,1.3,,,,,,0,,,Y,N,,,,T
2022,6/1/22,SGL33,FALL TREATMENT,,2,TEAL42,,WFM,,,,,,,,,,,,,,,,,,,,T
2022,6/1/22,SGL33,FALL TREATMENT,,18,TEAL12,,WFM,,,,,,,,,,,,,,,,,,,,T
2022,6/1/22,SGL33,FALL TREATMENT,,23,GREEN53,,WFM,,,,,,,,,,,,,,,,,,,,T
2022,6/1/22,SGL33,FALL TREATMENT,,24,GREEN96,,WFM,,,,,,,,,,,,,,,,,,,,T
2022,6/1/22,SGL33,SPRING CONTROL,,15,GREEN82,N,WFM,M,AD,35,15,20,1.5,,,,,,7,,,Y,N,,,,C
2022,6/1/22,SGL33,SPRING CONTROL,,3,GREEN70,,WFM,,,,,,,,,,,,,,,,,,,,C
2022,6/1/22,SGL33,SPRING CONTROL,,5,GREEN90,,WFM,,,,,,,,,,,,,,,,,,,,C
2022,6/1/22,SGL33,SPRING CONTROL,,10,GREEN54,,WFM,,,,,,,,,,,,,,,,,,,,C
2022,6/1/22,SGL33,SPRING CONTROL,,14,GREEN83,,WFM,,,,,,,,,,,,,,,,,,,,C
2022,6/1/22,SGL33,SPRING CONTROL,,22,GREEN74,,WFM,,,,,,,,,,,,,,,,,,,,C
2022,6/1/22,SGL33,SPRING CONTROL,,30,GREEN84,,WFM,,,,,,,,,,,,,,,,,,,,C
2022,6/1/22,SGL33,SPRING TREATMENT,,16,GREEN100,N,WFM,F,AD,40,19,21,1.5,,,,,,0,,,Y,Y,,,,T
2022,6/1/22,SGL33,SPRING TREATMENT,,27,GREEN66,N,WFM,F,JUV,32,14,18,1.4,,,,,,0,,,Y,N,,,,T
2022,6/1/22,SGL33,SPRING TREATMENT,,30,GREEN52,N,WFM,M,JUV,28,14,14,1.4,,,,,,0,,,Y,N,,,,T
2022,6/1/22,SGL33,SPRING TREATMENT,,9,GREEN81,N,WFM,M,JUV,19,8,11,1.3,,,,,,1,,,Y,N,,,,T
2022,6/1/22,SGL33,SPRING TREATMENT,,21,GREEN89,N,WFM,F,AD,45,17,28,1.2,,,,,,0,,,Y,N,,,,T
2022,6/1/22,SGL33,SPRING TREATMENT,,8,GREEN78,N,WFM,M,AD,34,12,22,1.2,,,,,,12,,,Y,Y,,,,T
2022,6/1/22,SGL33,SPRING TREATMENT,,29,GREEN59,N,WFM,M,JUV,35,22,13,1.2,,,,,,0,,,Y,N,,,,T
2022,6/1/22,SGL33,SPRING TREATMENT,,3,GREEN68,,WFM,,,,,,,,,,,,,,,,,,,,T
2022,6/1/22,SGL33,SPRING TREATMENT,,23,GREEN61,,WFM,,,,,,,,,,,,,,,,,,,,T
2022,6/1/22,SGL33,SPRING TREATMENT,,26,GREEN97,,WFM,,,,,,,,,,,,,,,,,,,,T
2022,6/1/22,SGL33,SUMMER CONTROL,,18,GREEN69,N,WFM,M,AD,29,8,21,,,,,,,10,,,Y,N,,,,C
2022,6/1/22,SGL33,SUMMER CONTROL,,14,GREEN76,N,WFM,M,AD,37,8,29,1.5,,,,,,19,,,Y,N,,,,C
2022,6/1/22,SGL33,SUMMER CONTROL,,10,GREEN72,N,WFM,F,AD,50,28,22,1.5,,,,,,1,,,Y,Y,,,,C
2022,6/1/22,SGL33,SUMMER CONTROL,,3,GREEN86,N,WFM,M,AD,25,8,17,1.5,,,,,,7,,,Y,Y,,,,C
2022,6/1/22,SGL33,SUMMER CONTROL,,7,GREEN93,,WFM,,,,,,,,,,,,,,,,,,,,C
2022,6/1/22,SGL33,SUMMER TREATMENT,,25,GREEN99,N,WFM,M,AD,35,14,21,1.6,,,,,,0,,,Y,Y,,,,T
2022,6/1/22,SGL33,SUMMER TREATMENT,,27,GREEN95,N,WFM,M,AD,40,23,17,1.3,,,,,,4,,,Y,N,,,,T
2022,5/31/22,SGL176,FALL CONTROL,,5,N/A,,FSQ,,,,,,,,,,,,,,,,,,,,C
2022,5/31/22,SGL176,FALL CONTROL,,29,GREEN38,N,WFM,M ,AD,34,10,24,1.6,,,,,,4,,,Y,N,,,,C
2022,5/31/22,SGL176,FALL CONTROL,,20,GREEN35,N,WFM,M,AD,44,20,24,1.3,,,,,,7,,,Y,N,,,,C
2022,5/31/22,SGL176,FALL TREATMENT,,24,GREEN21,N,WFM,M,AD,31,10,21,1.7,,,,,,0,,,Y,Y,,,,T
2022,5/31/22,SGL176,FALL TREATMENT,,11,GREEN7,N,WFM,F,AD,29,10,19,1.5,,,,,,0,,,Y,N,,,,T
2022,5/31/22,SGL176,FALL TREATMENT,,8,GREEN19,Y,WFM,F,JUV,54,23,31,1.4,,,,,,0,,,Y,N,,,,T
2022,5/31/22,SGL176,FALL TREATMENT,,16,GREEN14,N,WFM,F,AD,32,10,22,1.4,,,,,,0,,,Y,Y,,,,T
2022,5/31/22,SGL176,FALL TREATMENT,,7,GREEN18,N,WFM,M,AD,31,12,19,1.4,,,,,,0,,,Y,N,,,,T
2022,5/31/22,SGL176,SPRING CONTROL,,13,GREEN45,N,WFM,F,AD,47,18.5,28.5,1.5,,,,,,7,,,Y,N,,,,C
2022,5/31/22,SGL176,SPRING CONTROL,,28,GREEN1,N,WFM,M,AD,39,16,23,1.5,,,,,,6,,,Y,N,,,,C
2022,5/31/22,SGL176,SPRING CONTROL,,3,GREEN47,Y,WFM,M,AD,32,10,22,1.4,,,,,,0,,,Y,Y,,,,C
2022,5/31/22,SGL176,SPRING CONTROL,,12,GREEN36,N,WFM,M,AD,42,21,21,1.4,,,,,,21,,,Y,Y,,,,C
2022,5/31/22,SGL176,SPRING CONTROL,,25,GREEN30,N,WFM,F,AD,46,20,26,1.2,,,,,,2,,,Y,N,,,,C
2022,5/31/22,SGL176,SPRING CONTROL,,2,GREEN2,N,WFM,F,AD,41,18.5,22.5,1.2,,,,,,18,,,Y,Y,,,,C
2022,5/31/22,SGL176,SPRING CONTROL,,7,GREEN32,N,WFM,M,AD,30,17,13,1.2,,,,,,2,,,Y,Y,,,,C
2022,5/31/22,SGL176,SPRING CONTROL,,8,N/A (SEE NOTES),N,WFM,F,AD,,,,,,,,,,18,,,N,N,,,,C
2022,5/31/22,SGL176,SPRING TREATMENT,,29,GREEN16,N,WFM,F,JUV,36,20,16,,,,,,,1,,,Y,N,,,,T
2022,5/31/22,SGL176,SPRING TREATMENT,,26,GREEN46,N,WFM,M,AD,36,9,27,1.4,,,,,,0,,,Y,N,,,,T
2022,5/31/22,SGL176,SPRING TREATMENT,,25,GREEN13,N,WFM,M,JUV,29,16,13,1.4,,,,,,0,,,Y,N,,,,T
2022,5/31/22,SGL176,SPRING TREATMENT,,22,BLACK152,Y,WFM,M,AD,44,15,29,1.3,,,,,,0,,,Y,N,,,,T
2022,5/31/22,SGL176,SPRING TREATMENT,,1,GREEN48,N,WFM,M,JUV,27,11,16,1.3,,,,,,14,,,Y,N,,,,T
2022,5/31/22,SGL176,SPRING TREATMENT,,13,GREEN17,N,WFM,M,JUV,26,11,15,1.1,,,,,,0,,,Y,N,,,,T
2022,5/31/22,SGL176,SPRING TREATMENT,,9,BLACK295,Y,WFM,M,AD,37,8,29,1,,,,,,0,,,Y,N,,,,T
2022,5/31/22,SGL176,SUMMER CONTROL,,8,GREEN11,N,WFM,M,AD,45,18,27,1.4,,,,,,24,,,N,N,,,,C
2022,5/31/22,SGL176,SUMMER TREATMENT,,11,GREEN37,N,WFM,M,AD,49,25,24,1.3,,,,,,0,,,Y,Y,,,,T
2022,5/31/22,SGL176,SUMMER TREATMENT,,2,RED357,Y,WFM,M,AD,44,20,24,1.3,,,,,,0,,,Y,Y,,,,T
2022,5/31/22,SGL176,SUMMER TREATMENT,,24,GREEN40,N,WFM,F,AD,32,12,20,1.3,,,,,,1,,,Y,N,,,,T
2022,5/31/22,SGL176,SUMMER TREATMENT,,20,GREEN202,Y,WFM,F,AD,37,9,28,1.2,,,,,,0,,,Y,N,,,,T
2022,5/31/22,SGL176,SUMMER TREATMENT,,19,GREEN42,N,WFM,M,AD,46,21,25,1.2,,,,,,0,,,Y,N,,,,T
2022,5/31/22,SGL176,SUMMER TREATMENT,,18,GREEN5 ,N,WFM,M,JUV,38.5,23.5,15,1.2,,,,,,0,,,Y,N,,,,T
2022,5/31/22,SGL33,FALL TREATMENT,,1,TEAL42,N,WFM,F,AD,43,22,21,1.8,,,,,,10,,,Y,Y,,,,T
2022,5/31/22,SGL33,FALL TREATMENT,,16,TEAL12,N,WFM,M,AD,37,17,20,1.8,,,,,,0,,,Y,Y,,,,T
2022,5/31/22,SGL33,FALL TREATMENT,,29,GREEN53,N,WFM,M,AD,42,20,22,1.5,,,,,,0,,,Y,Y,,,,T
2022,5/31/22,SGL33,FALL TREATMENT,,23,GREEN67,N,WFM,F,AD,35,17,18,1.4,,,,,,1,,,Y,Y,,,,T
2022,5/31/22,SGL33,FALL TREATMENT,,24,TEAL90,N,WFM,M,AD,40,21,19,1.3,,,,,,8,,,Y,N,,,,T
2022,5/31/22,SGL33,FALL TREATMENT,,22,GREEN96,N,WFM,F,AD,35,16,19,1.2,,,,,,1,,,Y,N,,,,T
2022,5/31/22,SGL33,SPRING CONTROL,,24,GREEN74,N,WFM,F,AD,38,10,28,1.8,,,,,,7,,,Y,N,,,,C
2022,5/31/22,SGL33,SPRING CONTROL,,30,GREEN84,N,WFM,F,AD,40,16,24,1.7,,,,,,0,,,Y,Y,,,,C
2022,5/31/22,SGL33,SPRING CONTROL,,4,GREEN70,N,WFM,M,AD,46,20,26,1.6,,,,,,2,,,Y,Y,,,,C
2022,5/31/22,SGL33,SPRING CONTROL,,14,GREEN83,Y,WFM,F,AD,45,19,26,1.6,,,,,,4,,,Y,N,,,,C
2022,5/31/22,SGL33,SPRING CONTROL,,2,GREEN65,N,WFM,M,AD,36,11,25,1.5,,,,,,1,,,Y,Y,,,,C
2022,5/31/22,SGL33,SPRING CONTROL,,11,GREEN54,N,WFM,M,AD,50,26,24,1.5,,,,,,46,,,Y,N,,,,C
2022,5/31/22,SGL33,SPRING CONTROL,,26,GREEN88,N,WFM,M,JUV,32,13,19,1.5,,,,,,22,,,Y,Y,,,,C
2022,5/31/22,SGL33,SPRING CONTROL,,3,GREEN90,N,WFM,F,AD,37,24,13,1.3,,,,,,3,,,Y,Y,,,,C
2022,5/31/22,SGL33,SPRING TREATMENT,,6,GREEN85,N,WFM,M,AD,45,23,22,1.8,,,,,,0,,,Y,N,,,,T
2022,5/31/22,SGL33,SPRING TREATMENT,,16,GREEN55,N,WFM,F,AD,32,9,23,1.5,,,,,,0,,,Y,Y,,,,T
2022,5/31/22,SGL33,SPRING TREATMENT,,4,GREEN68,N,WFM,F,AD,46,23,23,1.3,,,,,,0,,,Y,Y,,,,T
2022,5/31/22,SGL33,SPRING TREATMENT,,26,GREEN97,N,WFM,M,AD,31,8,23,1.3,,,,,,0,,,Y,Y,,,,T
2022,5/31/22,SGL33,SPRING TREATMENT,,21,GREEN73,Y,WFM,M,AD,46,27,19,1.3,,,,,,0,,,Y,Y,,,,T
2022,5/31/22,SGL33,SPRING TREATMENT,,25,GREEN61,N,WFM,F,JUV,30,18,12,1.1,,,,,,0,,,Y,N,,,,T
2022,5/31/22,SGL33,SUMMER CONTROL,,19,GREEN92,N,WFM,M,JUV,47,28,19,1.5,,,,,,1,,,Y,N,,,,C
2022,5/31/22,SGL33,SUMMER CONTROL,,20,GREEN93,N,WFM,M,AD,46,25,21,1.4,,,,,,2,,,Y,N,,,,C
2022,5/31/22,SGL33,SUMMER CONTROL,,27,GREEN57,N,WFM,M,AD,50,30,20,1.2,,,,,,9,,,Y,N,,,,C
2022,5/31/22,SGL33,SUMMER TREATMENT,,24,GREEN71,N,WFM,F,AD,53,36,17,1.4,,,,,,1,,,Y,N,,,,T
2022,5/31/22,SGL33,SUMMER TREATMENT,,23,GREEN75,N,WFM,M,AD,44,27,17,1.2,,,,,,15,,,Y,N,,,,T
2022,5/20/22,SGL103 NORTH,FALL CONTROL,,28,TEAL19,N,WFM,F,JUV,29,9,20,1.4,,,,,,0,,,Y,N,,,,C
2022,5/20/22,SGL103 NORTH,FALL CONTROL,,15,TEAL93,N,WFM,M,JUV,53,35.5,17.5,1.3,,,,,,4,,,Y,N,,,,C
2022,5/20/22,SGL103 NORTH,FALL CONTROL,,11,TEAL97,N,WFM,F,JUV,48,32.5,15.5,1.2,,,,,,5,,,Y,N,,,,C
2022,5/20/22,SGL103 NORTH,FALL CONTROL,,5,TEAL145,,WFM,,,,,,,,,,,,,,,,,,,,C
2022,5/20/22,SGL103 NORTH,FALL CONTROL,,6,TEAL161,,WFM,,,,,,,,,,,,,,,,,,,,C
2022,5/20/22,SGL103 NORTH,FALL CONTROL,,7,TEAL174,,WFM,,,,,,,,,,,,,,,,,,,,C
2022,5/20/22,SGL103 NORTH,FALL CONTROL,,10,TEAL179,,WFM,,,,,,,,,,,,,,,,,,,,C
2022,5/20/22,SGL103 NORTH,FALL CONTROL,,12,TEAL175,,WFM,,,,,,,,,,,,,,,,,,,,C
2022,5/20/22,SGL103 NORTH,FALL CONTROL,,13,TEAL86,,WFM,,,,,,,,,,,,,,,,,,,,C
2022,5/20/22,SGL103 NORTH,FALL CONTROL,,18,TEAL129,,WFM,,,,,,,,,,,,,,,,,,,,C
2022,5/20/22,SGL103 NORTH,FALL CONTROL,,21,TEAL44,,WFM,,,,,,,,,,,,,,,,,,,,C
2022,5/20/22,SGL103 NORTH,FALL CONTROL,,23,TEAL35,,WFM,,,,,,,,,,,,,,,,,,,,C
2022,5/20/22,SGL103 NORTH,FALL CONTROL,,29,TEAL23,,WFM,,,,,,,,,,,,,,,,,,,,C
2022,5/20/22,SGL103 NORTH,FALL TREATMENT,,20,TEAL29,N,WFM,M,JUV,29,14,15,1.4,,,,,,2,,,Y,N,,,,T
2022,5/20/22,SGL103 NORTH,FALL TREATMENT,,8,TEAL118,,WFM,,,,,,,,,,,,,,,,,,,,T
2022,5/20/22,SGL103 NORTH,FALL TREATMENT,,9,TEAL158,,WFM,,,,,,,,,,,,,,,,,,,,T
2022,5/20/22,SGL103 NORTH,FALL TREATMENT,,15,RED401,,WFM,,,,,,,,,,,,,,,,,,,,T
2022,5/20/22,SGL103 NORTH,FALL TREATMENT,,18,TEAL181,,WFM,,,,,,,,,,,,,,,,,,,,T
2022,5/20/22,SGL103 NORTH,FALL TREATMENT,,23,TEAL71,,WFM,,,,,,,,,,,,,,,,,,,,T
2022,5/20/22,SGL103 NORTH,FALL TREATMENT,,24,TEAL24,,WFM,,,,,,,,,,,,,,,,,,,,T
2022,5/20/22,SGL103 NORTH,FALL TREATMENT,,25,TEAL52,,WFM,,,,,,,,,,,,,,,,,,,,T
2022,5/20/22,SGL103 NORTH,FALL TREATMENT,,26,TEAL61,,WFM,,,,,,,,,,,,,,,,,,,,T
2022,5/20/22,SGL103 NORTH,FALL TREATMENT,,28,TEAL132,,WFM,,,,,,,,,,,,,,,,,,,,T
2022,5/20/22,SGL103 NORTH,SPRING TREATMENT,,3,TEAL153,,WFM,,,,,,,,,,,,,,,,,,,,T
2022,5/20/22,SGL103 NORTH,SPRING TREATMENT,,4,TEAL69,,WFM,,,,,,,,,,,,,,,,,,,,T
2022,5/20/22,SGL103 NORTH,SPRING TREATMENT,,7,RED410,,WFM,,,,,,,,,,,,,,,,,,,,T
2022,5/20/22,SGL103 NORTH,SPRING TREATMENT,,8,TEAL191,,WFM,,,,,,,,,,,,,,,,,,,,T
2022,5/20/22,SGL103 NORTH,SPRING TREATMENT,,9,TEAL148,,WFM,,,,,,,,,,,,,,,,,,,,T
2022,5/20/22,SGL103 NORTH,SPRING TREATMENT,,20,TEAL20,,WFM,,,,,,,,,,,,,,,,,,,,T
2022,5/20/22,SGL103 NORTH,SPRING TREATMENT,,23,TEAL187,,WFM,,,,,,,,,,,,,,,,,,,,T
2022,5/20/22,SGL103 NORTH,SPRING TREATMENT,,27,TEAL130,,WFM,,,,,,,,,,,,,,,,,,,,T
2022,5/20/22,SGL103 NORTH,SUMMER TREATMENT,,1,N/A,,MV,,,,,,,,,,,,,,,,,,,,T
2022,5/20/22,SGL103 NORTH,SUMMER TREATMENT,,13,TEAL39,N,WFM,F,AD,32,10,22,1.4,,,,,,19,,,Y,N,,,,T
2022,5/20/22,SGL103 SOUTH,FALL CONTROL,,20,GREEN15,N,WFM,M,AD,50,31,19,,,,,,,6,,,Y,N,,,,C
2022,5/20/22,SGL103 SOUTH,FALL CONTROL,,12,GREEN6,N,WFM,F,AD,31,21,10,1.2,,,,,,30,,,Y,N,,,,C
2022,5/20/22,SGL103 SOUTH,FALL CONTROL,,15,TEAL166,N,WFM,M,JUV,18,8,10,1,,,,,,1,,,N,N,,,,C
2022,5/20/22,SGL103 SOUTH,FALL CONTROL,,3,TEAL157,,WFM,,,,,,,,,,,,,,,,,,,,C
2022,5/20/22,SGL103 SOUTH,FALL CONTROL,,5,TEAL87,,WFM,,,,,,,,,,,,,,,,,,,,C
2022,5/20/22,SGL103 SOUTH,FALL CONTROL,,6,RED346,,WFM,,,,,,,,,,,,,,,,,,,,C
2022,5/20/22,SGL103 SOUTH,FALL CONTROL,,13,TEAL57,,WFM,,,,,,,,,,,,,,,,,,,,C
2022,5/20/22,SGL103 SOUTH,FALL CONTROL,,16,TEAL73,,WFM,,,,,,,,,,,,,,,,,,,,C
2022,5/20/22,SGL103 SOUTH,FALL CONTROL,,18,TEAL7,,WFM,,,,,,,,,,,,,,,,,,,,C
2022,5/20/22,SGL103 SOUTH,FALL CONTROL,,23,3276,,WFM,,,,,,,,,,,,,,,,,,,,C
2022,5/20/22,SGL103 SOUTH,FALL CONTROL,,29,TEAL36,,WFM,,,,,,,,,,,,,,,,,,,,C
2022,5/20/22,SGL103 SOUTH,FALL TREATMENT,,17,N/A,,NST,,,,,,,,,,,,,,,,,,,,T
2022,5/20/22,SGL103 SOUTH,FALL TREATMENT,,20,GREEN44,N,WFM,F,JUV,42,27,15,1.4,,,,,,2,,,Y,N,,,,T
2022,5/20/22,SGL103 SOUTH,FALL TREATMENT,,8,GREEN9,N,WFM,M,AD,35,15,20,1.3,,,,,,30,,,Y,N,,,,T
2022,5/20/22,SGL103 SOUTH,FALL TREATMENT,,7,GREEN12,N,WFM,M,JUV,23,10,13,1.3,,,,,,0,,,Y,N,,,,T
2022,5/20/22,SGL103 SOUTH,FALL TREATMENT,,23,GREEN41,N,WFM,F,AD,32,9,23,1,,,,,,1,,,Y,N,,,,T
2022,5/20/22,SGL103 SOUTH,FALL TREATMENT,,16,TEAL80,,WFM,,,,,,,,,,,,,,,,,,,,T
2022,5/20/22,SGL103 SOUTH,FALL TREATMENT,,1,TEAL6,,WFM,,,,,,,,,,,,,,,,,,,,T
2022,5/20/22,SGL103 SOUTH,FALL TREATMENT,,4,TEAL3,,WFM,,,,,,,,,,,,,,,,,,,,T
2022,5/20/22,SGL103 SOUTH,FALL TREATMENT,,9,TEAL75,,WFM,,,,,,,,,,,,,,,,,,,,T
2022,5/20/22,SGL103 SOUTH,FALL TREATMENT,,10,TEAL48,,WFM,,,,,,,,,,,,,,,,,,,,T
2022,5/20/22,SGL103 SOUTH,FALL TREATMENT,,18,TEAL64,,WFM,,,,,,,,,,,,,,,,,,,,T
2022,5/20/22,SGL103 SOUTH,SPRING CONTROL,,27,GREEN24,N,WFM,F,AD,36,8,28,1.5,,,,,,18,,,Y,N,,,,C
2022,5/20/22,SGL103 SOUTH,SPRING CONTROL,,13,GREEN26,N,WFM,F,AD,42,16,26,1.5,,,,,,34,,,Y,Y,,,,C
2022,5/20/22,SGL103 SOUTH,SPRING CONTROL,,4,GREEN27,N,WFM,M,AD,44,27,17,1.4,,,,,,2,,,Y,N,,,,C
2022,5/20/22,SGL103 SOUTH,SPRING CONTROL,,28,TEAL114,N,WFM,M,AD,32,11,21,1.3,,,,,,2,,,Y,N,,,,C
2022,5/20/22,SGL103 SOUTH,SPRING CONTROL,,1,TEAL110,,WFM,,,,,,,,,,,,,,,,,,,,C
2022,5/20/22,SGL103 SOUTH,SPRING CONTROL,,2,TEAL21,,WFM,,,,,,,,,,,,,,,,,,,,C
2022,5/20/22,SGL103 SOUTH,SPRING CONTROL,,5,TEAL189,,WFM,,,,,,,,,,,,,,,,,,,,C
2022,5/20/22,SGL103 SOUTH,SPRING CONTROL,,6,TEAL31,,WFM,,,,,,,,,,,,,,,,,,,,C
2022,5/20/22,SGL103 SOUTH,SPRING CONTROL,,7,3237,,WFM,,,,,,,,,,,,,,,,,,,,C
2022,5/20/22,SGL103 SOUTH,SPRING CONTROL,,10,TEAL196,,WFM,,,,,,,,,,,,,,,,,,,,C
2022,5/20/22,SGL103 SOUTH,SPRING CONTROL,,14,TEAL45,,WFM,,,,,,,,,,,,,,,,,,,,C
2022,5/20/22,SGL103 SOUTH,SPRING CONTROL,,17,TEAL60,,WFM,,,,,,,,,,,,,,,,,,,,C
2022,5/20/22,SGL103 SOUTH,SPRING CONTROL,,21,TEAL88,,WFM,,,,,,,,,,,,,,,,,,,,C
2022,5/20/22,SGL103 SOUTH,SPRING CONTROL,,23,TEAL167,,WFM,,,,,,,,,,,,,,,,,,,,C
2022,5/20/22,SGL103 SOUTH,SPRING CONTROL,,29,TEAL138,,WFM,,,,,,,,,,,,,,,,,,,,C
2022,5/20/22,SGL103 SOUTH,SPRING TREATMENT,,26,N/A,,CHP,,,,,,,,,,,,,,,,,,,,T
2022,5/20/22,SGL103 SOUTH,SPRING TREATMENT,,19,3245,Y,WFM,M,AD,45,21,24,1.5,,,,,,0,,,Y,N,,,,T
2022,5/20/22,SGL103 SOUTH,SPRING TREATMENT,,5,GREEN22,N,WFM,F,AD,33,9,24,1.5,,,,,,0,,,N,N,,,,T
2022,5/20/22,SGL103 SOUTH,SPRING TREATMENT,,12,GREEN28,N,WFM,F,AD,36,9,27,1.4,,,,,,4,,,Y,N,,,,T
2022,5/20/22,SGL103 SOUTH,SPRING TREATMENT,,28,GREEN34,N,WFM,F,AD,45,24,21,1.4,,,,,,3,,,Y,N,,,,T
2022,5/20/22,SGL103 SOUTH,SPRING TREATMENT,,2,GREEN37,N,WFM,F,AD,44,18,26,1.3,,,,,,4,,,Y,N,,,,T
2022,5/20/22,SGL103 SOUTH,SPRING TREATMENT,,7,TEAL89,,WFM,,,,,,,,,,,,,,,,,,,,T
2022,5/20/22,SGL103 SOUTH,SPRING TREATMENT,,13,TEAL184,,WFM,,,,,,,,,,,,,,,,,,,,T
2022,5/20/22,SGL103 SOUTH,SPRING TREATMENT,,15,TEAL106,,WFM,,,,,,,,,,,,,,,,,,,,T
2022,5/20/22,SGL103 SOUTH,SPRING TREATMENT,,16,TEAL77,,WFM,,,,,,,,,,,,,,,,,,,,T
2022,5/20/22,SGL103 SOUTH,SPRING TREATMENT,,25,TEAL137,,WFM,,,,,,,,,,,,,,,,,,,,T
2022,5/20/22,SGL103 SOUTH,SUMMER CONTROL,,26,GREEN4,N,WFM,F,AD,36,9,27,1.5,,,,,,2,,,Y,N,,,,C
2022,5/20/22,SGL103 SOUTH,SUMMER CONTROL,,2,GREEN33,N,WFM,M,AD,47,26,21,1.4,,,,,,20,,,Y,N,,,,C
2022,5/20/22,SGL103 SOUTH,SUMMER CONTROL,,20,GREEN31,N,WFM,F,JUV,30,14.5,15.5,1.3,,,,,,22,,,Y,N,,,,C
2022,5/20/22,SGL103 SOUTH,SUMMER CONTROL,,30,GREEN8,N,WFM,M,JUV,39,27,12,1.3,,,,,,0,,,Y,N,,,,C
2022,5/20/22,SGL103 SOUTH,SUMMER CONTROL,,3,TEAL190,,WFM,,,,,,,,,,,,,,,,,,,,C
2022,5/20/22,SGL103 SOUTH,SUMMER CONTROL,,5,TEAL135,,WFM,,,,,,,,,,,,,,,,,,,,C
2022,5/20/22,SGL103 SOUTH,SUMMER CONTROL,,6,TEAL138,,WFM,,,,,,,,,,,,,,,,,,,,C
2022,5/20/22,SGL103 SOUTH,SUMMER CONTROL,,10,TEAL188,,WFM,,,,,,,,,,,,,,,,,,,,C
2022,5/20/22,SGL103 SOUTH,SUMMER CONTROL,,11,TEAL54,,WFM,,,,,,,,,,,,,,,,,,,,C
2022,5/20/22,SGL103 SOUTH,SUMMER CONTROL,,15,TEAL40,,WFM,,,,,,,,,,,,,,,,,,,,C
2022,5/20/22,SGL103 SOUTH,SUMMER CONTROL,,16,TEAL46,,WFM,,,,,,,,,,,,,,,,,,,,C
2022,5/20/22,SGL103 SOUTH,SUMMER CONTROL,,22,TEAL101,,WFM,,,,,,,,,,,,,,,,,,,,C
2022,5/20/22,SGL103 SOUTH,SUMMER CONTROL,,24,TEAL17,,WFM,,,,,,,,,,,,,,,,,,,,C
2022,5/20/22,SGL103 SOUTH,SUMMER CONTROL,,25,TEAL27,,WFM,,,,,,,,,,,,,,,,,,,,C
2022,5/20/22,SGL103 SOUTH,SUMMER CONTROL,,28,TEAL98,,WFM,,,,,,,,,,,,,,,,,,,,C
2022,5/20/22,SGL103 SOUTH,SUMMER TREATMENT,,3,GREEN3,N,WFM,M,AD,32,9,23,1.5,,,,,,2,,,N,Y,,,,T
2022,5/20/22,SGL103 SOUTH,SUMMER TREATMENT,,2,GREEN10,N,WFM,M,AD,50,30,20,1.4,,,,,,18,,,Y,N,,,,T
2022,5/20/22,SGL103 SOUTH,SUMMER TREATMENT,,10,GREEN50,N,WFM,F,JUV,42,30,12,1.3,,,,,,0,,,Y,N,,,,T
2022,5/20/22,SGL103 SOUTH,SUMMER TREATMENT,,8,GREEN23,N,WFM,F,JUV,38,19,19,1,,,,,,6,,,Y,N,,,,T
2022,5/20/22,SGL103 SOUTH,SUMMER TREATMENT,,7,TEAL82,,WFM,,,,,,,,,,,,,,,,,,,,T
2022,5/20/22,SGL103 SOUTH,SUMMER TREATMENT,,24,TEAL109,,WFM,,,,,,,,,,,,,,,,,,,,T
2022,5/20/22,SGL103 SOUTH,SUMMER TREATMENT,,30,TEAL38,,WFM,,,,,,,,,,,,,,,,,,,,T
2022,5/19/22,SGL103 NORTH,FALL CONTROL,,29,TEAL23,N,WFM,M,JUV,26,9,17,1.7,,,,,,3,,,N,N,,,,C
2022,5/19/22,SGL103 NORTH,FALL CONTROL,,22,TEAL44,N,WFM,F,JUV,36,20,16,1.6,,,,,,6,,,Y,N,,,,C
2022,5/19/22,SGL103 NORTH,FALL CONTROL,,15,TEAL86,N,WFM,M,JUV,47,30,17,1.5,,,,,,1,,,Y,N,,,,C
2022,5/19/22,SGL103 NORTH,FALL CONTROL,,3,TEAL35,,WFM,,,,,,,,,,,,,,,,,,,,C
2022,5/19/22,SGL103 NORTH,FALL CONTROL,,5,TEAL161,,WFM,,,,,,,,,,,,,,,,,,,,C
2022,5/19/22,SGL103 NORTH,FALL CONTROL,,6,TEAL174,,WFM,,,,,,,,,,,,,,,,,,,,C
2022,5/19/22,SGL103 NORTH,FALL CONTROL,,7,TEAL156,,WFM,,,,,,,,,,,,,,,,,,,,C
2022,5/19/22,SGL103 NORTH,FALL CONTROL,,11,TEAL149,,WFM,,,,,,,,,,,,,,,,,,,,C
2022,5/19/22,SGL103 NORTH,FALL CONTROL,,13,TEAL78,,WFM,,,,,,,,,,,,,,,,,,,,C
2022,5/19/22,SGL103 NORTH,FALL CONTROL,,17,TEAL175,,WFM,,,,,,,,,,,,,,,,,,,,C
2022,5/19/22,SGL103 NORTH,FALL CONTROL,,19,TEAL129,,WFM,,,,,,,,,,,,,,,,,,,,C
2022,5/19/22,SGL103 NORTH,FALL CONTROL,,28,TEAL145,,WFM,,,,,,,,,,,,,,,,,,,,C
2022,5/19/22,SGL103 NORTH,FALL TREATMENT,,5,TEAL11,N,WFM,F,AD,48,22,26,1.8,,,,,,1,,,Y,Y,,,,T
2022,5/19/22,SGL103 NORTH,FALL TREATMENT,,26,TEAL24,N,WFM,F,JUV,37,23,14,1.5,,,,,,4,,,Y,N,,,,T
2022,5/19/22,SGL103 NORTH,FALL TREATMENT,,2,TEAL37,Y,WFM,M,AD,45,21,24,1.4,,,,,,0,,,Y,N,,,,T
2022,5/19/22,SGL103 NORTH,FALL TREATMENT,,22,TEAL71,N,WFM,F,JUV,40,24,16,1.4,,,,,,0,,,Y,N,,,,T
2022,5/19/22,SGL103 NORTH,FALL TREATMENT,,11,TEAL41,N,WFM,M,JUV,47,38,9,1.3,,,,,,1,,,Y,N,,,,T
2022,5/19/22,SGL103 NORTH,FALL TREATMENT,,25,TEAL61,N,WFM,M,AD,55,39,16,1.2,,,,,,2,,,Y,N,,,,T
2022,5/19/22,SGL103 NORTH,FALL TREATMENT,,1,TEAL108,,WFM,,,,,,,,,,,,,,,,,,,,T
2022,5/19/22,SGL103 NORTH,FALL TREATMENT,,8,TEAL118,,WFM,,,,,,,,,,,,,,,,,,,,T
2022,5/19/22,SGL103 NORTH,FALL TREATMENT,,9,TEAL158,,WFM,,,,,,,,,,,,,,,,,,,,T
2022,5/19/22,SGL103 NORTH,FALL TREATMENT,,14,TEAL165,,WFM,,,,,,,,,,,,,,,,,,,,T
2022,5/19/22,SGL103 NORTH,FALL TREATMENT,,19,TEAL181,,WFM,,,,,,,,,,,,,,,,,,,,T
2022,5/19/22,SGL103 NORTH,FALL TREATMENT,,20,RED401,,WFM,,,,,,,,,,,,,,,,,,,,T
2022,5/19/22,SGL103 NORTH,FALL TREATMENT,,21,TEAL52,,WFM,,,,,,,,,,,,,,,,,,,,T
2022,5/19/22,SGL103 NORTH,FALL TREATMENT,,28,TEAL132,,WFM,,,,,,,,,,,,,,,,,,,,T
2022,5/19/22,SGL103 NORTH,SPRING CONTROL,,20,TEAL5,N,WFM,F,AD,55,30,25,1.8,,,,,,1,,,Y,Y,,,,C
2022,5/19/22,SGL103 NORTH,SPRING CONTROL,,28,TEAL2 ,N,WFM,F,AD,32,11,21,1.7,,,,,,14,,,Y,N,,,,C
2022,5/19/22,SGL103 NORTH,SPRING CONTROL,,1,TEAL68,N,WFM,F,AD,80,54,26,1.4,,,,,,1,,,Y,N,,,,C
2022,5/19/22,SGL103 NORTH,SPRING CONTROL,,19,TEAL8 ,N,WFM,M,JUV,36,20,16,1.4,,,,,,16,,,Y,N,,,,C
2022,5/19/22,SGL103 NORTH,SPRING CONTROL,,25,TEAL50,N,WFM,M,AD,50,22,28,1.3,,,,,,11,,,Y,N,,,,C
2022,5/19/22,SGL103 NORTH,SPRING CONTROL,,4,TEAL4,N,WFM,M,AD,62,37,25,1.3,,,,,,21,,,Y,N,,,,C
2022,5/19/22,SGL103 NORTH,SPRING CONTROL,,27,TEAL56,N,WFM,F,JUV,56,29,27,1.2,,,,,,51,,,Y,N,,,,C
2022,5/19/22,SGL103 NORTH,SPRING CONTROL,,14,TEAL152,,WFM,,,,,,,,,,,,,,,,,,,,C
2022,5/19/22,SGL103 NORTH,SPRING CONTROL,,30,TEAL159,,WFM,,,,,,,,,,,,,,,,,,,,C
2022,5/19/22,SGL103 NORTH,SPRING TREATMENT,,2,TEAL69,,WFM,,,,,,,,,,,,,,,,,,,,T
2022,5/19/22,SGL103 NORTH,SPRING TREATMENT,,7,RED410,,WFM,,,,,,,,,,,,,,,,,,,,T
2022,5/19/22,SGL103 NORTH,SPRING TREATMENT,,10,TEAL176,,WFM,,,,,,,,,,,,,,,,,,,,T
2022,5/19/22,SGL103 NORTH,SPRING TREATMENT,,11,RED436,,WFM,,,,,,,,,,,,,,,,,,,,T
2022,5/19/22,SGL103 NORTH,SPRING TREATMENT,,19,TEAL191,,WFM,,,,,,,,,,,,,,,,,,,,T
2022,5/19/22,SGL103 NORTH,SPRING TREATMENT,,22,TEAL148,,WFM,,,,,,,,,,,,,,,,,,,,T
2022,5/19/22,SGL103 NORTH,SPRING TREATMENT,,23,TEAL95,,WFM,,,,,,,,,,,,,,,,,,,,T
2022,5/19/22,SGL103 NORTH,SUMMER CONTROL,,22,N/A,,NST,,,,,,,,,,,,,,,,,,,,C
2022,5/19/22,SGL103 NORTH,SUMMER CONTROL,,14,TEAL65,N,WFM,M,JUV,46,26.5,19.5,1.4,,,,,,2,,,Y,N,,,,C
2022,5/19/22,SGL103 NORTH,SUMMER CONTROL,,29,TEAL66,N,WFM,F,AD,47.5,21.5,26,1.3,,,,,,1,,,Y,N,,,,C
2022,5/19/22,SGL103 NORTH,SUMMER TREATMENT,,19,TEAL22,Y,WFM,M,AD,30,9,21,1.4,,,,,,2,,,Y,N,,,,T
2022,5/19/22,SGL103 NORTH,SUMMER TREATMENT,,12,TEAL47,N,WFM,F,AD,45,27,18,1.4,,,,,,0,,,Y,N,,,,T
2022,5/19/22,SGL103 NORTH,SUMMER TREATMENT,,20,TEAL72,N,WFM,M,AD,58,35.5,22.5,1.3,,,,,,0,,,Y,N,,,,T
2022,5/19/22,SGL103 NORTH,SUMMER TREATMENT,,4,TEAL125,,WFM,,,,,,,,,,,,,,,,,,,,T
2022,5/19/22,SGL103 NORTH,SUMMER TREATMENT,,5,TEAL116,,WFM,,,,,,,,,,,,,,,,,,,,T
2022,5/19/22,SGL103 NORTH,SUMMER TREATMENT,,16,TEAL49,,WFM,,,,,,,,,,,,,,,,,,,,T
2022,5/19/22,SGL103 NORTH,SUMMER TREATMENT,,21,TEAL172,,WFM,,,,,,,,,,,,,,,,,,,,T
2022,5/19/22,SGL103 NORTH,SUMMER TREATMENT,,25,TEAL180,,WFM,,,,,,,,,,,,,,,,,,,,T
2022,5/19/22,SGL103 NORTH,SUMMER TREATMENT,,29,TEAL131,,WFM,,,,,,,,,,,,,,,,,,,,T
2022,5/19/22,SGL103 NORTH,SUMMER TREATMENT,,30,TEAL199,,WFM,,,,,,,,,,,,,,,,,,,,T
2022,5/19/22,SGL103 SOUTH,FALL CONTROL,,24,TEAL121,N,WFM,M,AD,43,21,22,1.4,,,,,,3,,,Y,N,,,,C
2022,5/19/22,SGL103 SOUTH,FALL CONTROL,,8,TEAL157,N,WFM,M,AD,34,9,25,1.3,,,,,,6,,,Y,N,,,,C
2022,5/19/22,SGL103 SOUTH,FALL CONTROL,,4,TEAL87,,WFM,,,,,,,,,,,,,,,,,,,,C
2022,5/19/22,SGL103 SOUTH,FALL CONTROL,,7,RED346,,WFM,,,,,,,,,,,,,,,,,,,,C
2022,5/19/22,SGL103 SOUTH,FALL CONTROL,,13,TEAL197,,WFM,,,,,,,,,,,,,,,,,,,,C
2022,5/19/22,SGL103 SOUTH,FALL CONTROL,,16,TEAL57,,WFM,,,,,,,,,,,,,,,,,,,,C
2022,5/19/22,SGL103 SOUTH,FALL CONTROL,,17,TEAL73,,WFM,,,,,,,,,,,,,,,,,,,,C
2022,5/19/22,SGL103 SOUTH,FALL CONTROL,,18,3231,,WFM,,,,,,,,,,,,,,,,,,,,C
2022,5/19/22,SGL103 SOUTH,FALL CONTROL,,21,3276,,WFM,,,,,,,,,,,,,,,,,,,,C
2022,5/19/22,SGL103 SOUTH,FALL CONTROL,,22,TEAL7,,WFM,,,,,,,,,,,,,,,,,,,,C
2022,5/19/22,SGL103 SOUTH,FALL CONTROL,,30,3251,,WFM,,,,,,,,,,,,,,,,,,,,C
2022,5/19/22,SGL103 SOUTH,FALL TREATMENT,,5,TEAL146,N,WFM,M,AD,40,19,21,1.6,,,,,,1,,,Y,N,,,,T
2022,5/19/22,SGL103 SOUTH,FALL TREATMENT,,6,TEAL124,N,WFM,F,AD,42,21,21,1.5,,,,,,3,,,Y,N,,,,T
2022,5/19/22,SGL103 SOUTH,FALL TREATMENT,,25,3216,Y,WFM,M,AD,42,20,22,1.4,,,,,,0,,,Y,Y,,,,T
2022,5/19/22,SGL103 SOUTH,FALL TREATMENT,,16,TEAL142,N,WFM,M,AD,51,33,18,1.3,,,,,,6,,,Y,N,,,,T
2022,5/19/22,SGL103 SOUTH,FALL TREATMENT,,17,TEAL169,N,WFM,M,AD,31,9,22,1.1,,,,,,5,,,Y,N,,,,T
2022,5/19/22,SGL103 SOUTH,FALL TREATMENT,,4,TEAL3,,WFM,,,,,,,,,,,,,,,,,,,,T
2022,5/19/22,SGL103 SOUTH,FALL TREATMENT,,10,TEAL48,,WFM,,,,,,,,,,,,,,,,,,,,T
2022,5/19/22,SGL103 SOUTH,FALL TREATMENT,,11,TEAL75,,WFM,,,,,,,,,,,,,,,,,,,,T
2022,5/19/22,SGL103 SOUTH,FALL TREATMENT,,15,TEAL80,,WFM,,,,,,,,,,,,,,,,,,,,T
2022,5/19/22,SGL103 SOUTH,FALL TREATMENT,,21,TEAL64,,WFM,,,,,,,,,,,,,,,,,,,,T
2022,5/19/22,SGL103 SOUTH,SPRING CONTROL,,23,TEAL164,N,WFM,M,AD,45,21,24,1.6,,,,,,2,,,Y,Y,,,,C
2022,5/19/22,SGL103 SOUTH,SPRING CONTROL,,24,TEAL167,N,WFM,F,AD,40,17,23,1.6,,,,,,25,,,Y,Y,,,,C
2022,5/19/22,SGL103 SOUTH,SPRING CONTROL,,5,TEAL147,N,WFM,M,AD,29,7,22,1.5,,,,,,17,,,Y,N,,,,C
2022,5/19/22,SGL103 SOUTH,SPRING CONTROL,,27,TEAL138,N,WFM,F,AD,30,9,21,1.3,,,,,,0,,,Y,N,,,,C
2022,5/19/22,SGL103 SOUTH,SPRING CONTROL,,1,TEAL31,,WFM,,,,,,,,,,,,,,,,,,,,C
2022,5/19/22,SGL103 SOUTH,SPRING CONTROL,,3,TEAL21,,WFM,,,,,,,,,,,,,,,,,,,,C
2022,5/19/22,SGL103 SOUTH,SPRING CONTROL,,4,TEAL189,,WFM,,,,,,,,,,,,,,,,,,,,C
2022,5/19/22,SGL103 SOUTH,SPRING CONTROL,,6,3292,,WFM,,,,,,,,,,,,,,,,,,,,C
2022,5/19/22,SGL103 SOUTH,SPRING CONTROL,,9,TEAL133,,WFM,,,,,,,,,,,,,,,,,,,,C
2022,5/19/22,SGL103 SOUTH,SPRING CONTROL,,11,3237,,WFM,,,,,,,,,,,,,,,,,,,,C
2022,5/19/22,SGL103 SOUTH,SPRING CONTROL,,12,TEAL196,,WFM,,,,,,,,,,,,,,,,,,,,C
2022,5/19/22,SGL103 SOUTH,SPRING CONTROL,,17,TEAL45,,WFM,,,,,,,,,,,,,,,,,,,,C
2022,5/19/22,SGL103 SOUTH,SPRING CONTROL,,19,TEAL60,,WFM,,,,,,,,,,,,,,,,,,,,C
2022,5/19/22,SGL103 SOUTH,SPRING CONTROL,,20,TEAL88,,WFM,,,,,,,,,,,,,,,,,,,,C
2022,5/19/22,SGL103 SOUTH,SPRING CONTROL,,22,TEAL1,,WFM,,,,,,,,,,,,,,,,,,,,C
2022,5/19/22,SGL103 SOUTH,SPRING TREATMENT,,13,TEAL123,Y,WFM,M,AD,36,10,26,,,,,,,8,,,Y,N,,,,T
2022,5/19/22,SGL103 SOUTH,SPRING TREATMENT,,2,TEAL143,N,WFM,F,AD,24,14.5,9.5,1.6,,,,,,0,,,Y,N,,,,T
2022,5/19/22,SGL103 SOUTH,SPRING TREATMENT,,25,TEAL126,N,WFM,M,JUV,29,15,14,1.4,,,,,,6,,,Y,N,,,,T
2022,5/19/22,SGL103 SOUTH,SPRING TREATMENT,,29,TEAL140,N,WFM,M,AD,32,9,23,1,,,,,,1,,,Y,N,,,,T
2022,5/19/22,SGL103 SOUTH,SPRING TREATMENT,,9,TEAL15,,WFM,,,,,,,,,,,,,,,,,,,,T
2022,5/19/22,SGL103 SOUTH,SPRING TREATMENT,,12,TEAL184,,WFM,,,,,,,,,,,,,,,,,,,,T
2022,5/19/22,SGL103 SOUTH,SPRING TREATMENT,,16,TEAL106,,WFM,,,,,,,,,,,,,,,,,,,,T
2022,5/19/22,SGL103 SOUTH,SPRING TREATMENT,,19,TEAL34,,WFM,,,,,,,,,,,,,,,,,,,,T
2022,5/19/22,SGL103 SOUTH,SPRING TREATMENT,,22,TEAL10,,WFM,,,,,,,,,,,,,,,,,,,,T
2022,5/19/22,SGL103 SOUTH,SPRING TREATMENT,,26,TEAL26,,WFM,,,,,,,,,,,,,,,,,,,,T
2022,5/19/22,SGL103 SOUTH,SUMMER CONTROL,,22,TEAL101,N,WFM,M,JUV,27,18,9,1.8,,,,,,16,,,Y,N,,,,C
2022,5/19/22,SGL103 SOUTH,SUMMER CONTROL,,29,TEAL134,N,WFM,F,JUV,23,13,10,1.7,,,,,,0,,,Y,N,,,,C
2022,5/19/22,SGL103 SOUTH,SUMMER CONTROL,,30,TEAL155,N,WFM,F,JUV,19,9,10,1.7,,,,,,3,,,Y,N,,,,C
2022,5/19/22,SGL103 SOUTH,SUMMER CONTROL,,10,TEAL192,N,WFM,F,AD,44,15,29,1.3,,,,,,4,,,Y,Y,,,,C
2022,5/19/22,SGL103 SOUTH,SUMMER CONTROL,,1,BLACK273,,WFM,,,,,,,,,,,,,,,,,,,,C
2022,5/19/22,SGL103 SOUTH,SUMMER CONTROL,,6,TEAL135,,WFM,,,,,,,,,,,,,,,,,,,,C
2022,5/19/22,SGL103 SOUTH,SUMMER CONTROL,,9,TEAL188,,WFM,,,,,,,,,,,,,,,,,,,,C
2022,5/19/22,SGL103 SOUTH,SUMMER CONTROL,,14,TEAL54,,WFM,,,,,,,,,,,,,,,,,,,,C
2022,5/19/22,SGL103 SOUTH,SUMMER CONTROL,,16,TEAL40,,WFM,,,,,,,,,,,,,,,,,,,,C
2022,5/19/22,SGL103 SOUTH,SUMMER CONTROL,,20,TEAL46,,WFM,,,,,,,,,,,,,,,,,,,,C
2022,5/19/22,SGL103 SOUTH,SUMMER CONTROL,,24,TEAL17,,WFM,,,,,,,,,,,,,,,,,,,,C
2022,5/19/22,SGL103 SOUTH,SUMMER CONTROL,,25,TEAL27,,WFM,,,,,,,,,,,,,,,,,,,,C
2022,5/19/22,SGL103 SOUTH,SUMMER TREATMENT,,6,N/A,,MV,,,,,,,,,,,,,,,,,,,,T
2022,5/19/22,SGL103 SOUTH,SUMMER TREATMENT,,16,TEAL151,N,WFM,F,JUV,22,10,12,1.7,,,,,,0,,,Y,N,,,,T
2022,5/19/22,SGL103 SOUTH,SUMMER TREATMENT,,17,TEAL119,N,WFM,F,AD,39,17,22,1.6,,,,,,1,,,Y,Y,,,,T
2022,5/19/22,SGL103 SOUTH,SUMMER TREATMENT,,25,TEAL160,N,WFM,F,AD,35,10,25,1.5,,,,,,1,,,Y,N,,,,T
2022,5/19/22,SGL103 SOUTH,SUMMER TREATMENT,,15,TEAL117,N,WFM,M,AD,37,17,20,1.4,,,,,,0,,,Y,N,,,,T
2022,5/19/22,SGL103 SOUTH,SUMMER TREATMENT,,13,TEAL81,,WFM,,,,,,,,,,,,,,,,,,,,T
2022,5/19/22,SGL103 SOUTH,SUMMER TREATMENT,,18,TEAL55,,WFM,,,,,,,,,,,,,,,,,,,,T
2022,5/19/22,SGL103 SOUTH,SUMMER TREATMENT,,20,TEAL30,,WFM,,,,,,,,,,,,,,,,,,,,T
2022,5/19/22,SGL103 SOUTH,SUMMER TREATMENT,,22,TEAL120,,WFM,,,,,,,,,,,,,,,,,,,,T
2022,5/19/22,SGL103 SOUTH,SUMMER TREATMENT,,24,TEAL20,,WFM,,,,,,,,,,,,,,,,,,,,T
2022,5/19/22,SGL103 SOUTH,SUMMER TREATMENT,,29,TEAL38,,WFM,,,,,,,,,,,,,,,,,,,,T
2022,5/18/22,SGL103 NORTH,FALL CONTROL,,27,TEAL35,N,WFM,M,AD,45,26,19,1.2,,,,,,8,,,Y,Y,,,,C
2022,5/18/22,SGL103 NORTH,FALL CONTROL,,12,TEAL78,N,WFM,F,JUV,30,11,19,1.2,,,,,,2,,,Y,N,,,,C
2022,5/18/22,SGL103 NORTH,FALL CONTROL,,5,TEAL161,,WFM,,,,,,,,,,,,,,,,,,,,C
2022,5/18/22,SGL103 NORTH,FALL CONTROL,,6,TEAL156,,WFM,,,,,,,,,,,,,,,,,,,,C
2022,5/18/22,SGL103 NORTH,FALL CONTROL,,15,TEAL149,,WFM,,,,,,,,,,,,,,,,,,,,C
2022,5/18/22,SGL103 NORTH,FALL CONTROL,,17,TEAL175,,WFM,,,,,,,,,,,,,,,,,,,,C
2022,5/18/22,SGL103 NORTH,FALL CONTROL,,20,TEAL129,,WFM,,,,,,,,,,,,,,,,,,,,C
2022,5/18/22,SGL103 NORTH,FALL CONTROL,,24,TEAL145,,WFM,,,,,,,,,,,,,,,,,,,,C
2022,5/18/22,SGL103 NORTH,FALL TREATMENT,,30,TEAL52,N,WFM,M,JUV,22,9,13,1.4,,,,,,1,,,Y,N,,,,T
2022,5/18/22,SGL103 NORTH,FALL TREATMENT,,1,TEAL108,,WFM,,,,,,,,,,,,,,,,,,,,T
2022,5/18/22,SGL103 NORTH,FALL TREATMENT,,7,TEAL118,,WFM,,,,,,,,,,,,,,,,,,,,T
2022,5/18/22,SGL103 NORTH,FALL TREATMENT,,9,TEAL158,,WFM,,,,,,,,,,,,,,,,,,,,T
2022,5/18/22,SGL103 NORTH,FALL TREATMENT,,10,RED401,,WFM,,,,,,,,,,,,,,,,,,,,T
2022,5/18/22,SGL103 NORTH,FALL TREATMENT,,18,TEAL181,,WFM,,,,,,,,,,,,,,,,,,,,T
2022,5/18/22,SGL103 NORTH,FALL TREATMENT,,28,TEAL132,,WFM,,,,,,,,,,,,,,,,,,,,T
2022,5/18/22,SGL103 NORTH,SPRING CONTROL,,12,TEAL84,N,WFM,M,AD,38,9,29,1.6,,,,,,19,,,Y,N,,,,C
2022,5/18/22,SGL103 NORTH,SPRING CONTROL,,8,TEAL53,N,WFM,F,AD,42,23.5,18.5,1.3,,,,,,18,,,Y,N,,,,C
2022,5/18/22,SGL103 NORTH,SPRING CONTROL,,1,TEAL16,N,WFM,M,JUV,27.5,9,18.5,1.3,,,,,,9,,,Y,N,,,,C
2022,5/18/22,SGL103 NORTH,SPRING CONTROL,,19,TEAL94,N,WFM,M,JUV,24,12,12,1.2,,,,,,12,,,N,N,,,,C
2022,5/18/22,SGL103 NORTH,SPRING CONTROL,,7,TEAL185,,WFM,,,,,,,,,,,,,,,,,,,,C
2022,5/18/22,SGL103 NORTH,SPRING CONTROL,,10,TEAL194,,WFM,,,,,,,,,,,,,,,,,,,,C
2022,5/18/22,SGL103 NORTH,SPRING TREATMENT,,14,RED410,Y,WFM,M,AD,49,28,21,1.4,,,,,,0,,,Y,N,,,,T
2022,5/18/22,SGL103 NORTH,SPRING TREATMENT,,28,TEAL95,Y,WFM,F,AD,54,20,34,1.3,,,,,,0,,,Y,N,,,,T
2022,5/18/22,SGL103 NORTH,SPRING TREATMENT,,6,TEAL43,N,WFM,M,AD,49,20,29,1.3,,,,,,0,,,Y,Y,,,,T
2022,5/18/22,SGL103 NORTH,SPRING TREATMENT,,1,TEAL69,N,WFM,F,AD,51,30,21,1.2,,,,,,0,,,Y,N,,,,T
2022,5/18/22,SGL103 NORTH,SPRING TREATMENT,,2,TEAL153,,WFM,,,,,,,,,,,,,,,,,,,,T
2022,5/18/22,SGL103 NORTH,SPRING TREATMENT,,5,TEAL198,,WFM,,,,,,,,,,,,,,,,,,,,T
2022,5/18/22,SGL103 NORTH,SPRING TREATMENT,,15,TEAL191,,WFM,,,,,,,,,,,,,,,,,,,,T
2022,5/18/22,SGL103 NORTH,SPRING TREATMENT,,16,TEAL176,,WFM,,,,,,,,,,,,,,,,,,,,T
2022,5/18/22,SGL103 NORTH,SPRING TREATMENT,,18,TEAL183,,WFM,,,,,,,,,,,,,,,,,,,,T
2022,5/18/22,SGL103 NORTH,SPRING TREATMENT,,25,TEAL187,,WFM,,,,,,,,,,,,,,,,,,,,T
2022,5/18/22,SGL103 NORTH,SPRING TREATMENT,,26,TEAL148,,WFM,,,,,,,,,,,,,,,,,,,,T
2022,5/18/22,SGL103 NORTH,SPRING TREATMENT,,27,TEAL130,,WFM,,,,,,,,,,,,,,,,,,,,T
2022,5/18/22,SGL103 NORTH,SUMMER CONTROL,,19,N/A,,NST,,,,,,,,,,,,,,,,,,,,C
2022,5/18/22,SGL103 NORTH,SUMMER CONTROL,,22,N/A,,NST,,,,,,,,,,,,,,,,,,,,C
2022,5/18/22,SGL103 NORTH,SUMMER CONTROL,,8,TEAL92,N,WFM,F,AD,47,22,25,1.5,,,,,,5,,,Y,N,,,,C
2022,5/18/22,SGL103 NORTH,SUMMER CONTROL,,1,TEAL79,N,WFM,F,AD,36,13,23,1.5,,,,,,6,,,Y,N,,,,C
2022,5/18/22,SGL103 NORTH,SUMMER CONTROL,,28,TEAL51,N,WFM,F,JUV,26,9,17,1.5,,,,,,1,,,Y,N,,,,C
2022,5/18/22,SGL103 NORTH,SUMMER CONTROL,,6,TEAL63,N,WFM,M,JUV,24,11,13,1.2,,,,,,2,,,Y,N,,,,C
2022,5/18/22,SGL103 NORTH,SUMMER CONTROL,,2,TEAL32,N,WFM,M,AD,48,22.5,25.5,1.1,,,,,,2,,,Y,N,,,,C
2022,5/18/22,SGL103 NORTH,SUMMER CONTROL,,4,TEAL141,,WFM,,,,,,,,,,,,,,,,,,,,C
2022,5/18/22,SGL103 NORTH,SUMMER CONTROL,,5,TEAL163,,WFM,,,,,,,,,,,,,,,,,,,,C
2022,5/18/22,SGL103 NORTH,SUMMER CONTROL,,11,TEAL103,,WFM,,,,,,,,,,,,,,,,,,,,C
2022,5/18/22,SGL103 NORTH,SUMMER CONTROL,,30,TEAL104,,WFM,,,,,,,,,,,,,,,,,,,,C
2022,5/18/22,SGL103 NORTH,SUMMER TREATMENT,,19,TEAL49,N,WFM,M,AD,39,22,17,1.3,,,,,,0,,,Y,N,,,,T
2022,5/18/22,SGL103 NORTH,SUMMER TREATMENT,,24,TEAL33,N,WFM,M,JUV,28.5,20,8.5,0.8,,,,,,0,,,N,N,,,,T
2022,5/18/22,SGL103 NORTH,SUMMER TREATMENT,,6,RED476,,WFM,,,,,,,,,,,,,,,,,,,,T
2022,5/18/22,SGL103 NORTH,SUMMER TREATMENT,,17,TEAL168,,WFM,,,,,,,,,,,,,,,,,,,,T
2022,5/18/22,SGL103 NORTH,SUMMER TREATMENT,,21,TEAL172,,WFM,,,,,,,,,,,,,,,,,,,,T
2022,5/18/22,SGL103 NORTH,SUMMER TREATMENT,,26,TEAL180,,WFM,,,,,,,,,,,,,,,,,,,,T
2022,5/18/22,SGL103 NORTH,SUMMER TREATMENT,,27,TEAL131,,WFM,,,,,,,,,,,,,,,,,,,,T
2022,5/18/22,SGL103 NORTH,SUMMER TREATMENT,,28,TEAL182,,WFM,,,,,,,,,,,,,,,,,,,,T
2022,5/18/22,SGL103 NORTH,SUMMER TREATMENT,,30,TEAL199,,WFM,,,,,,,,,,,,,,,,,,,,T
2022,5/18/22,SGL103 SOUTH,FALL CONTROL,,8,RED346,Y,WFM,F,AD,32,8,24,1.7,,,,,,3,,,Y,N,,,,C
2022,5/18/22,SGL103 SOUTH,FALL CONTROL,,14,TEAL197,N,WFM,M,AD,34,,,1.4,,,,,,7,,,Y,N,,,,C
2022,5/18/22,SGL103 SOUTH,FALL CONTROL,,16,TEAL73,,WFM,,,,,,,,,,,,,,,,,,,,C
2022,5/18/22,SGL103 SOUTH,FALL CONTROL,,17,TEAL57,,WFM,,,,,,,,,,,,,,,,,,,,C
2022,5/18/22,SGL103 SOUTH,FALL CONTROL,,23,3276,,WFM,,,,,,,,,,,,,,,,,,,,C
2022,5/18/22,SGL103 SOUTH,FALL CONTROL,,24,TEAL7,,WFM,,,,,,,,,,,,,,,,,,,,C
2022,5/18/22,SGL103 SOUTH,FALL CONTROL,,28,3251,,WFM,,,,,,,,,,,,,,,,,,,,C
2022,5/18/22,SGL103 SOUTH,FALL TREATMENT,,6,TEAL75,,WFM,,,,,,,,,,,,,,,,,,,,T
2022,5/18/22,SGL103 SOUTH,FALL TREATMENT,,7,TEAL48,,WFM,,,,,,,,,,,,,,,,,,,,T
2022,5/18/22,SGL103 SOUTH,FALL TREATMENT,,12,TEAL80,,WFM,,,,,,,,,,,,,,,,,,,,T
2022,5/18/22,SGL103 SOUTH,FALL TREATMENT,,15,TEAL64,,WFM,,,,,,,,,,,,,,,,,,,,T
2022,5/18/22,SGL103 SOUTH,SPRING CONTROL,,1,TEAL110,N,WFM,F,JUV,22,8,14,2,,,,,,36,,,Y,N,,,,C
2022,5/18/22,SGL103 SOUTH,SPRING CONTROL,,5,TEAL189,N,WFM,F,AD,49,28,21,1.6,,,,,,19,,,Y,Y,,,,C
2022,5/18/22,SGL103 SOUTH,SPRING CONTROL,,16,TEAL196,N,WFM,M,AD,45,18,27,1.5,,,,,,15,,,Y,Y,,,,C
2022,5/18/22,SGL103 SOUTH,SPRING CONTROL,,9,TEAL133,N,WFM,F,AD,44,14,30,1.4,,,,,,15,,,Y,N,,,,C
2022,5/18/22,SGL103 SOUTH,SPRING CONTROL,,25,N/A,,WFM,,,,,,,,,,,,,,,,,,,,C
2022,5/18/22,SGL103 SOUTH,SPRING CONTROL,,29,TEAL96,,WFM,,,,,,,,,,,,,,,,,,,,C
2022,5/18/22,SGL103 SOUTH,SPRING CONTROL,,2,TEAL31,,WFM,,,,,,,,,,,,,,,,,,,,C
2022,5/18/22,SGL103 SOUTH,SPRING CONTROL,,3,3292,,WFM,,,,,,,,,,,,,,,,,,,,C
2022,5/18/22,SGL103 SOUTH,SPRING CONTROL,,4,TEAL96,,WFM,,,,,,,,,,,,,,,,,,,,C
2022,5/18/22,SGL103 SOUTH,SPRING CONTROL,,6,3237,,WFM,,,,,,,,,,,,,,,,,,,,C
2022,5/18/22,SGL103 SOUTH,SPRING CONTROL,,13,TEAL45,,WFM,,,,,,,,,,,,,,,,,,,,C
2022,5/18/22,SGL103 SOUTH,SPRING CONTROL,,17,TEAL60,,WFM,,,,,,,,,,,,,,,,,,,,C
2022,5/18/22,SGL103 SOUTH,SPRING CONTROL,,19,TEAL88,,WFM,,,,,,,,,,,,,,,,,,,,C
2022,5/18/22,SGL103 SOUTH,SPRING CONTROL,,20,TEAL1,,WFM,,,,,,,,,,,,,,,,,,,,C
2022,5/18/22,SGL103 SOUTH,SPRING TREATMENT,,12,N/A,,CHP,,,,,,,,,,,,,,,,,,,,T
2022,5/18/22,SGL103 SOUTH,SPRING TREATMENT,,25,TEAL102,N,WFM,M,JUV,21,11,10,1.8,,,,,,0,,,N,N,,,,T
2022,5/18/22,SGL103 SOUTH,SPRING TREATMENT,,15,TEAL106,N,WFM,F,AD,42,16,26,1.7,,,,,,0,,,N,N,,,,T
2022,5/18/22,SGL103 SOUTH,SPRING TREATMENT,,13,TEAL184,N,WFM,M,AD,32,9,23,1.6,,,,,,0,,,Y,N,,,,T
2022,5/18/22,SGL103 SOUTH,SPRING TREATMENT,,2,TEAL111,N,WFM,F,AD,40,11,29,1.5,,,,,,0,,,Y,N,,,,T
2022,5/18/22,SGL103 SOUTH,SPRING TREATMENT,,28,TEAL137,N,WFM,F,AD,39,20,19,1.5,,,,,,0,,,Y,N,,,,T
2022,5/18/22,SGL103 SOUTH,SPRING TREATMENT,,23,TEAL170,N,WFM,F,JUV,30,19,11,1.5,,,,,,0,,,N,N,,,,T
2022,5/18/22,SGL103 SOUTH,SPRING TREATMENT,,7,TEAL195,N,WFM,F,JUV,26,16,10,1.2,,,,,,1,,,N,N,,,,T
2022,5/18/22,SGL103 SOUTH,SPRING TREATMENT,,5,TEAL62,,WFM,,,,,,,,,,,,,,,,,,,,T
2022,5/18/22,SGL103 SOUTH,SPRING TREATMENT,,9,TEAL15,,WFM,,,,,,,,,,,,,,,,,,,,T
2022,5/18/22,SGL103 SOUTH,SPRING TREATMENT,,16,TEAL77,,WFM,,,,,,,,,,,,,,,,,,,,T
2022,5/18/22,SGL103 SOUTH,SPRING TREATMENT,,22,TEAL10,,WFM,,,,,,,,,,,,,,,,,,,,T
2022,5/18/22,SGL103 SOUTH,SPRING TREATMENT,,26,TEAL26,,WFM,,,,,,,,,,,,,,,,,,,,T
2022,5/18/22,SGL103 SOUTH,SPRING TREATMENT,,30,TEAL28,,WFM,,,,,,,,,,,,,,,,,,,,T
2022,5/18/22,SGL103 SOUTH,SUMMER CONTROL,,4,TEAL135,N,WFM,F,AD,42.5,17,25.5,1.8,,,,,,41,,,Y,N,,,,C
2022,5/18/22,SGL103 SOUTH,SUMMER CONTROL,,3,TEAL190,N,WFM,F,AD,51,25,26,1.5,,,,,,9,,,Y,Y,,,,C
2022,5/18/22,SGL103 SOUTH,SUMMER CONTROL,,10,TEAL188,N,WFM,F,AD,41,17,24,1.4,,,,,,19,,,Y,N,,,,C
2022,5/18/22,SGL103 SOUTH,SUMMER CONTROL,,9,TEAL136,N,WFM,M,AD,42,21,21,1.3,,,,,,0,,,Y,N,,,,C
2022,5/18/22,SGL103 SOUTH,SUMMER CONTROL,,2,BLACK273,,WFM,,,,,,,,,,,,,,,,,,,,C
2022,5/18/22,SGL103 SOUTH,SUMMER CONTROL,,13,TEAL54,,WFM,,,,,,,,,,,,,,,,,,,,C
2022,5/18/22,SGL103 SOUTH,SUMMER CONTROL,,16,TEAL40,,WFM,,,,,,,,,,,,,,,,,,,,C
2022,5/18/22,SGL103 SOUTH,SUMMER CONTROL,,17,TEAL46,,WFM,,,,,,,,,,,,,,,,,,,,C
2022,5/18/22,SGL103 SOUTH,SUMMER CONTROL,,24,TEAL17,,WFM,,,,,,,,,,,,,,,,,,,,C
2022,5/18/22,SGL103 SOUTH,SUMMER CONTROL,,25,TEAL27,,WFM,,,,,,,,,,,,,,,,,,,,C
2022,5/18/22,SGL103 SOUTH,SUMMER TREATMENT,,6,N/A,,MV,,,,,,,,,,,,,,,,,,,,T
2022,5/18/22,SGL103 SOUTH,SUMMER TREATMENT,,9,TEAL122,Y,WFM,M,AD,30,8,22,1.7,,,,,,0,,,N,N,,,,T
2022,5/18/22,SGL103 SOUTH,SUMMER TREATMENT,,24,TEAL109,N,WFM,F,AD,45,19.5,25.5,1.6,,,,,,3,,,Y,N,,,,T
2022,5/18/22,SGL103 SOUTH,SUMMER TREATMENT,,19,TEAL120,N,WFM,M,AD,30,12,18,1.5,,,,,,9,,,N,Y,,,,T
2022,5/18/22,SGL103 SOUTH,SUMMER TREATMENT,,2,TEAL76,,WFM,,,,,,,,,,,,,,,,,,,,T
2022,5/18/22,SGL103 SOUTH,SUMMER TREATMENT,,13,TEAL81,,WFM,,,,,,,,,,,,,,,,,,,,T
2022,5/18/22,SGL103 SOUTH,SUMMER TREATMENT,,16,TEAL30,,WFM,,,,,,,,,,,,,,,,,,,,T
2022,5/18/22,SGL103 SOUTH,SUMMER TREATMENT,,18,TEAL55,,WFM,,,,,,,,,,,,,,,,,,,,T
2022,5/17/22,SGL103 NORTH,FALL CONTROL,,12,TEAL174,N,WFM,M,AD,37,15,22,1.7,,,,,,22,,,Y,N,,,,C
2022,5/17/22,SGL103 NORTH,FALL CONTROL,,23,TEAL149,N,WFM,M,JUV,28,9,19,1.5,,,,,,3,,,Y,N,,,,C
2022,5/17/22,SGL103 NORTH,FALL CONTROL,,21,TEAL129,N,WFM,F,AD,39,19,20,1.4,,,,,,0,,,Y,Y,,,,C
2022,5/17/22,SGL103 NORTH,FALL CONTROL,,17,TEAL175,Y,WFM,M,AD,40,21,19,1.4,,,,,,2,,,Y,Y,,,,C
2022,5/17/22,SGL103 NORTH,FALL CONTROL,,5,TEAL156,N,WFM,F,JUV,27,10,17,1.4,,,,,,10,,,N,N,,,,C
2022,5/17/22,SGL103 NORTH,FALL CONTROL,,3,TEAL161,N,WFM,M,AD,40,22,18,1.3,,,,,,6,,,Y,N,,,,C
2022,5/17/22,SGL103 NORTH,FALL CONTROL,,24,TEAL179,Y,WFM,M,AD,36,12,24,1.2,,,,,,2,,,Y,N,,,,C
2022,5/17/22,SGL103 NORTH,FALL CONTROL,,25,TEAL145,N,WFM,F,JUV,33,18,15,1.1,,,,,,0,,,Y,N,,,,C
2022,5/17/22,SGL103 NORTH,FALL TREATMENT,,6,N/A,,NST,,,,,,,,,,,,,,,,,,,,T
2022,5/17/22,SGL103 NORTH,FALL TREATMENT,,9,N/A,,NST,,,,,,,,,,,,,,,,,,,,T
2022,5/17/22,SGL103 NORTH,FALL TREATMENT,,27,TEAL132,N,WFM,M,AD,35,13,22,1.5,,,,,,0,,,Y,N,,,,T
2022,5/17/22,SGL103 NORTH,FALL TREATMENT,,4,TEAL108,N,WFM,M,JUV,26,9,17,1.5,,,,,,1,,,Y,N,,,,T
2022,5/17/22,SGL103 NORTH,FALL TREATMENT,,11,RED401,Y,WFM,M,AD,42,17,25,1.4,,,,,,0,,,Y,Y,,,,T
2022,5/17/22,SGL103 NORTH,FALL TREATMENT,,10,TEAL158,N,WFM,M,AD,43,20,23,1.4,,,,,,0,,,Y,Y,,,,T
2022,5/17/22,SGL103 NORTH,FALL TREATMENT,,20,TEAL165,N,WFM,M,AD,41,22,19,1.4,,,,,,9,,,Y,N,,,,T
2022,5/17/22,SGL103 NORTH,FALL TREATMENT,,1,TEAL105,N,WFM,M,JUV,43,26,17,1.4,,,,,,3,,,N,N,,,,T
2022,5/17/22,SGL103 NORTH,FALL TREATMENT,,3,TEAL163,N,WFM,F,JUV,24,8,16,1.4,,,,,,9,,,Y,N,,,,T
2022,5/17/22,SGL103 NORTH,FALL TREATMENT,,5,TEAL118,N,WFM,M,AD,47,13,34,1.3,,,,,,1,,,Y,Y,,,,T
2022,5/17/22,SGL103 NORTH,FALL TREATMENT,,17,TEAL181,Y,WFM,F,AD,41,20,21,1.2,,,,,,0,,,N,N,,,,T
2022,5/17/22,SGL103 NORTH,SPRING CONTROL,,10,TEAL194,N,WFM,M,AD,56,20,36,,,,,,,13,,,Y,N,,,,C
2022,5/17/22,SGL103 NORTH,SPRING CONTROL,,12,TEAL115,N,WFM,F,AD,40,10,30,2,,,,,,14,,,N,N,,,,C
2022,5/17/22,SGL103 NORTH,SPRING CONTROL,,8,TEAL185,N,WFM,M,JUV,50,31,19,1.9,,,,,,12,,,Y,N,,,,C
2022,5/17/22,SGL103 NORTH,SPRING CONTROL,,30,TEAL159,N,WFM,M,AD,47,17,30,1.5,,,,,,19,,,Y,Y,,,,C
2022,5/17/22,SGL103 NORTH,SPRING CONTROL,,1,3477,Y,WFM,M,AD,43,17,26,1.5,,,,,,2,,,Y,N,,,,C
2022,5/17/22,SGL103 NORTH,SPRING CONTROL,,17,TEAL113,N,WFM,M,AD,41,26,15,1.4,,,,,,17,,,Y,N,,,,C
2022,5/17/22,SGL103 NORTH,SPRING CONTROL,,14,TEAL112,N,WFM,F,AD,35,14,21,1.3,,,,,,0,,,Y,N,,,,C
2022,5/17/22,SGL103 NORTH,SPRING CONTROL,,13,TEAL144,N,WFM,M,JUV,22,7,15,1.3,,,,,,28,,,Y,N,,,,C
2022,5/17/22,SGL103 NORTH,SPRING CONTROL,,16,TEAL152,N,WFM,F,AD,47,,,,,,,,,3,,,N,N,,,,C
2022,5/17/22,SGL103 NORTH,SPRING TREATMENT,,11,N/A,,NST,,,,,,,,,,,,,,,,,,,,T
2022,5/17/22,SGL103 NORTH,SPRING TREATMENT,,28,TEAL130,N,WFM,F,AD,45,10,35,,,,,,,0,,,N,N,,,,T
2022,5/17/22,SGL103 NORTH,SPRING TREATMENT,,10,RED436,Y,WFM,M,AD,45,20,25,1.6,,,,,,0,,,Y,N,,,,T
2022,5/17/22,SGL103 NORTH,SPRING TREATMENT,,2,TEAL153,N,WFM,F,AD,35,11,24,1.5,,,,,,0,,,Y,N,,,,T
2022,5/17/22,SGL103 NORTH,SPRING TREATMENT,,26,TEAL148,N,WFM,M,AD,43,22,21,1.5,,,,,,0,,,Y,Y,,,,T
2022,5/17/22,SGL103 NORTH,SPRING TREATMENT,,4,TEAL198,N,WFM,M,AD,41,20,21,1.5,,,,,,0,,,Y,N,,,,T
2022,5/17/22,SGL103 NORTH,SPRING TREATMENT,,12,TEAL176,N,WFM,F,JUV,30,14,16,1.5,,,,,,0,,,Y,Y,,,,T
2022,5/17/22,SGL103 NORTH,SPRING TREATMENT,,15,TEAL191,N,WFM,M,AD,41,15,26,1.4,,,,,,1,,,Y,Y,,,,T
2022,5/17/22,SGL103 NORTH,SPRING TREATMENT,,25,TEAL187,N,WFM,F,AD,35,9,26,1.4,,,,,,1,,,N,N,,,,T
2022,5/17/22,SGL103 NORTH,SPRING TREATMENT,,23,TEAL128,N,WFM,M,AD,45,22,23,1.4,,,,,,0,,,Y,N,,,,T
2022,5/17/22,SGL103 NORTH,SPRING TREATMENT,,7,TEAL186,N,WFM,F,JUV,39,20,19,1.4,,,,,,0,,,Y,N,,,,T
2022,5/17/22,SGL103 NORTH,SPRING TREATMENT,,6,TEAL154,N,WFM,F,AD,55,31,24,1.3,,,,,,0,,,Y,Y,,,,T
2022,5/17/22,SGL103 NORTH,SPRING TREATMENT,,1,TEAL178,N,WFM,M,AD,42,20,22,1.3,,,,,,2,,,Y,N,,,,T
2022,5/17/22,SGL103 NORTH,SPRING TREATMENT,,5,TEAL162,N,WFM,M,AD,31,11,20,1.3,,,,,,0,,,Y,N,,,,T
2022,5/17/22,SGL103 NORTH,SPRING TREATMENT,,17,TEAL183,N,WFM,M,JUV,42,29,13,1.2,,,,,,1,,,Y,N,,,,T
2022,5/17/22,SGL103 NORTH,SUMMER CONTROL,,5,TEAL163,N,WFM,F,AD,29,10,19,1.8,,,,,,11,,,Y,N,,,,C
2022,5/17/22,SGL103 NORTH,SUMMER CONTROL,,10,TEAL103,Y,WFM,F,AD,29,9,20,1.5,,,,,,11,,,Y,N,,,,C
2022,5/17/22,SGL103 NORTH,SUMMER CONTROL,,3,TEAL200,N,WFM,F,AD,34,9,25,1.4,,,,,,0,,,Y,N,,,,C
2022,5/17/22,SGL103 NORTH,SUMMER CONTROL,,4,TEAL141,N,WFM,M,AD,55,21,34,1.3,,,,,,6,,,Y,N,,,,C
2022,5/17/22,SGL103 NORTH,SUMMER CONTROL,,17,RED499,Y,WFM,M,AD,43,19,24,1.3,,,,,,7,,,Y,N,,,,C
2022,5/17/22,SGL103 NORTH,SUMMER CONTROL,,26,TEAL177,N,WFM,M,AD,27,12,15,1.3,,,,,,22,,,Y,N,,,,C
2022,5/17/22,SGL103 NORTH,SUMMER CONTROL,,23,TEAL150,N,WFM,F,JUV,38,25,13,1.3,,,,,,5,,,Y,N,,,,C
2022,5/17/22,SGL103 NORTH,SUMMER CONTROL,,29,TEAL107,N,WFM,M,AD,27,8,19,1.2,,,,,,8,,,Y,N,,,,C
2022,5/17/22,SGL103 NORTH,SUMMER CONTROL,,19,TEAL127,Y,WFM,F,AD,31,10,21,1,,,,,,3,,,Y,N,,,,C
2022,5/17/22,SGL103 NORTH,SUMMER CONTROL,,28,TEAL104,N,WFM,M,AD,47,30,17,1,,,,,,7,,,Y,Y,,,,C
2022,5/17/22,SGL103 NORTH,SUMMER TREATMENT,,1,N/A,,MV,,,,,,,,,,,,,,,,,,,,T
2022,5/17/22,SGL103 NORTH,SUMMER TREATMENT,,3,N/A,,MV,,,,,,,,,,,,,,,,,,,,T
2022,5/17/22,SGL103 NORTH,SUMMER TREATMENT,,30,TEAL182,Y,WFM,F,AD,43,17,26,,,,,,,0,,,Y,N,,,,T
2022,5/17/22,SGL103 NORTH,SUMMER TREATMENT,,4,TEAL116,Y,WFM,F,AD,35,9,26,1.5,,,,,,0,,,Y,N,,,,T
2022,5/17/22,SGL103 NORTH,SUMMER TREATMENT,,2,TEAL125,N,WFM,M,AD,34,9,25,1.5,,,,,,0,,,Y,Y,,,,T
2022,5/17/22,SGL103 NORTH,SUMMER TREATMENT,,21,TEAL172,N,WFM,F,AD,33,9,24,1.5,,,,,,0,,,Y,N,,,,T
2022,5/17/22,SGL103 NORTH,SUMMER TREATMENT,,6,TEAL139,N,WFM,F,AD,52,28,24,1.4,,,,,,0,,,Y,N,,,,T
2022,5/17/22,SGL103 NORTH,SUMMER TREATMENT,,29,TEAL199,N,WFM,M,AD,35,15,20,1.4,,,,,,0,,,Y,N,,,,T
2022,5/17/22,SGL103 NORTH,SUMMER TREATMENT,,18,TEAL168,N,WFM,F,AD,32,17,15,1.4,,,,,,0,,,Y,N,,,,T
2022,5/17/22,SGL103 NORTH,SUMMER TREATMENT,,5,RED476,Y,WFM,M,AD,46,22,24,1.2,,,,,,0,,,Y,Y,,,,T
2022,5/17/22,SGL103 NORTH,SUMMER TREATMENT,,27,TEAL131,N,WFM,M,AD,39,16,23,1.2,,,,,,1,,,Y,N,,,,T
2022,5/17/22,SGL103 NORTH,SUMMER TREATMENT,,23,TEAL180,Y,WFM,F,AD,31,9,22,1.1,,,,,,0,,,Y,N,,,,T
2022,5/17/22,SGL103 SOUTH,FALL CONTROL,,10,TEAL87,N,WFM,F,AD,51,9,42,,,,,,,1,,,N,N,,,,C
2022,5/17/22,SGL103 SOUTH,FALL CONTROL,,17,TEAL73,N,WFM,M,AD,44,26,18,2,,,,,,2,,,Y,N,,,,C
2022,5/17/22,SGL103 SOUTH,FALL CONTROL,,28,3251,Y,WFM,F,AD,42,13,29,1.5,,,,,,1,,,Y,N,,,,C
2022,5/17/22,SGL103 SOUTH,FALL CONTROL,,12,TEAL57,N,WFM,F,AD,39,15,24,1.5,,,,,,8,,,Y,N,,,,C
2022,5/17/22,SGL103 SOUTH,FALL CONTROL,,26,3231,Y,WFM,F,AD,46,14,32,1.4,,,,,,8,,,Y,N,,,,C
2022,5/17/22,SGL103 SOUTH,FALL CONTROL,,22,3276,Y,WFM,F,AD,42,15,27,1.4,,,,,,4,,,Y,Y,,,,C
2022,5/17/22,SGL103 SOUTH,FALL CONTROL,,18,TEAL7,N,WFM,M,AD,31,9,22,1.4,,,,,,28,,,Y,N,,,,C
2022,5/17/22,SGL103 SOUTH,FALL CONTROL,,6,RED346,Y,WFM,F,AD,40,12,28,1.3,,,,,,2,,,Y,N,,,,C
2022,5/17/22,SGL103 SOUTH,FALL CONTROL,,30,TEAL36,N,WFM,M,AD,33,9,24,1.1,,,,,,10,,,Y,N,,,,C
2022,5/17/22,SGL103 SOUTH,FALL TREATMENT,,17,TEAL64,N,WFM,F,AD,30,7,23,1.5,,,,,,0,,,Y,N,,,,T
2022,5/17/22,SGL103 SOUTH,FALL TREATMENT,,14,TEAL80,N,WFM,M,AD,55,9,46,1.3,,,,,,0,,,Y,Y,,,,T
2022,5/17/22,SGL103 SOUTH,FALL TREATMENT,,6,TEAL48,N,WFM,F,AD,36,12,24,1.3,,,,,,0,,,Y,N,,,,T
2022,5/17/22,SGL103 SOUTH,FALL TREATMENT,,1,TEAL6,N,WFM,F,AD,34,9,25,1.2,,,,,,3,,,Y,N,,,,T
2022,5/17/22,SGL103 SOUTH,FALL TREATMENT,,12,TEAL75,N,WFM,M,AD,32,9,23,1.1,,,,,,0,,,Y,Y,,,,T
2022,5/17/22,SGL103 SOUTH,FALL TREATMENT,,2,TEAL3,N,WFM,F,JUV,33,9,24,1,,,,,,0,,,Y,N,,,,T
2022,5/17/22,SGL103 SOUTH,FALL TREATMENT,,26,TEAL99,N,WFM,M,JUV,,,,,,,,,,0,,,Y,N,,,,T
2022,5/17/22,SGL103 SOUTH,SPRING CONTROL,,16,TEAL60,N,WFM,M,AD,47,8,39,1.4,,,,,,9,,,Y,N,,,,C
2022,5/17/22,SGL103 SOUTH,SPRING CONTROL,,7,3292,Y,WFM,M,AD,42,9,33,1.4,,,,,,21,,,N,N,,,,C
2022,5/17/22,SGL103 SOUTH,SPRING CONTROL,,5,TEAL31,Y,WFM,M,AD,35,9,26,1.4,,,,,,8,,,Y,N,,,,C
2022,5/17/22,SGL103 SOUTH,SPRING CONTROL,,27,TEAL96,N,WFM,F,AD,31,12,19,1.4,,,,,,4,,,Y,N,,,,C
2022,5/17/22,SGL103 SOUTH,SPRING CONTROL,,18,TEAL88,N,WFM,M,AD,43,20,23,1.3,,,,,,9,,,Y,N,,,,C
2022,5/17/22,SGL103 SOUTH,SPRING CONTROL,,10,3237,Y,WFM,F,AD,46,21,25,1.2,,,,,,4,,,N,N,,,,C
2022,5/17/22,SGL103 SOUTH,SPRING CONTROL,,11,TEAL74,N,WFM,F,JUV,29,17,12,1.2,,,,,,7,,,Y,N,,,,C
2022,5/17/22,SGL103 SOUTH,SPRING CONTROL,,29,TEAL1,N,WFM,M,AD,34,9,25,1.1,,,,,,14,,,Y,N,,,,C
2022,5/17/22,SGL103 SOUTH,SPRING CONTROL,,3,TEAL9,N,WFM,F,AD,33,9,24,1.1,,,,,,0,,,Y,N,,,,C
2022,5/17/22,SGL103 SOUTH,SPRING CONTROL,,19,TEAL45,Y,WFM,F,AD,35,9,26,1,,,,,,6,,,Y,N,,,,C
2022,5/17/22,SGL103 SOUTH,SPRING TREATMENT,,12,N/A,,CHP,,,,,,,,,,,,,,,,,,,,T
2022,5/17/22,SGL103 SOUTH,SPRING TREATMENT,,5,TEAL100,N,WFM,M,AD,40,15,25,1.9,,,,,,0,,,Y,Y,,,,T
2022,5/17/22,SGL103 SOUTH,SPRING TREATMENT,,7,TEAL62,Y,WFM,M,AD,44,21,23,1.7,,,,,,0,,,N,N,,,,T
2022,5/17/22,SGL103 SOUTH,SPRING TREATMENT,,27,TEAL21,N,WFM,M,AD,55,33,22,1.7,,,,,,0,,,Y,N,,,,T
2022,5/17/22,SGL103 SOUTH,SPRING TREATMENT,,24,TEAL28,N,WFM,F,JUV,21,8,13,1.6,,,,,,0,,,Y,N,,,,T
2022,5/17/22,SGL103 SOUTH,SPRING TREATMENT,,15,TEAL77,N,WFM,F,AD,33,9,24,1.5,,,,,,2,,,Y,N,,,,T
2022,5/17/22,SGL103 SOUTH,SPRING TREATMENT,,8,TEAL89,Y,WFM,F,AD,41,19,22,1.5,,,,,,0,,,N,N,,,,T
2022,5/17/22,SGL103 SOUTH,SPRING TREATMENT,,20,TEAL26,N,WFM,M,AD,,,,1.4,,,,,,1,,,Y,N,,,,T
2022,5/17/22,SGL103 SOUTH,SPRING TREATMENT,,13,TEAL15,Y,WFM,F,AD,54,27,27,1.2,,,,,,0,,,Y,N,,,,T
2022,5/17/22,SGL103 SOUTH,SPRING TREATMENT,,16,TEAL67,N,WFM,F,AD,39,14,25,1.2,,,,,,2,,,Y,N,,,,T
2022,5/17/22,SGL103 SOUTH,SPRING TREATMENT,,23,TEAL59,N,WFM,M,JUV,38,25,13,1.2,,,,,,0,,,Y,N,,,,T
2022,5/17/22,SGL103 SOUTH,SPRING TREATMENT,,2,TEAL83,N,WFM,M,JUV,19,11,8,1.1,,,,,,0,,,N,N,,,,T
2022,5/17/22,SGL103 SOUTH,SPRING TREATMENT,,21,TEAL10,N,WFM,F,AD,34,9,25,1,,,,,,0,,,Y,N,,,,T
2022,5/17/22,SGL103 SOUTH,SPRING TREATMENT,,18,TEAL34,N,WFM,F,AD,,,,,,,,,,0,,,N,N,,,,T
2022,5/17/22,SGL103 SOUTH,SUMMER CONTROL,,16,TEAL54,Y,WFM,F,AD,35,11,24,1.7,,,,,,24,,,Y,N,,,,C
2022,5/17/22,SGL103 SOUTH,SUMMER CONTROL,,30,TEAL98,N,WFM,F,AD,34,7,27,1.6,,,,,,9,,,Y,N,,,,C
2022,5/17/22,SGL103 SOUTH,SUMMER CONTROL,,18,TEAL46,N,WFM,M,AD,38,9,29,1.4,,,,,,21,,,Y,N,,,,C
2022,5/17/22,SGL103 SOUTH,SUMMER CONTROL,,27,TEAL27,Y,WFM,F,AD,38,11,27,1.4,,,,,,7,,,N,N,,,,C
2022,5/17/22,SGL103 SOUTH,SUMMER CONTROL,,14,TEAL40,N,WFM,M,AD,41,20,21,1.4,,,,,,20,,,Y,N,,,,C
2022,5/17/22,SGL103 SOUTH,SUMMER CONTROL,,1,BLACK273,Y,WFM,M,AD,40,15,25,1.3,,,,,,3,,,Y,N,,,,C
2022,5/17/22,SGL103 SOUTH,SUMMER CONTROL,,24,TEAL17,Y,WFM,M,AD,37,12,25,1,,,,,,22,,,N,N,,,,C
2022,5/17/22,SGL103 SOUTH,SUMMER TREATMENT,,17,TEAL30,N,WFM,M,AD,41,14,27,,,,,,,0,,,Y,Y,,,,T
2022,5/17/22,SGL103 SOUTH,SUMMER TREATMENT,,19,TEAL55,Y,WFM,F,AD,41,12,29,1.7,,,,,,0,,,Y,Y,,,,T
2022,5/17/22,SGL103 SOUTH,SUMMER TREATMENT,,1,TEAL76,N,WFM,F,AD,40,20,20,1.6,,,,,,0,,,Y,Y,,,,T
2022,5/17/22,SGL103 SOUTH,SUMMER TREATMENT,,25,TEAL38,N,WFM,M,AD,29,9,20,1.5,,,,,,0,,,Y,Y,,,,T
2022,5/17/22,SGL103 SOUTH,SUMMER TREATMENT,,11,TEAL81,N,WFM,M,AD,44,20,24,1.4,,,,,,0,,,Y,Y,,,,T
2022,5/17/22,SGL103 SOUTH,SUMMER TREATMENT,,23,TEAL20 ,N,WFM,M,AD,37,9,28,1.3,,,,,,0,,,Y,Y,,,,T
2022,5/17/22,SGL103 SOUTH,SUMMER TREATMENT,,10,TEAL25,N,WFM,M,AD,33,11,22,1.2,,,,,,0,,,Y,Y,,,,T
2022,5/17/22,SGL103 SOUTH,SUMMER TREATMENT,,12,TEAL18,N,WFM,M,JUV,37,11,26,0.9,,,,,,2,,,N,N,,,,T
2022,5/17/22,SGL103 SOUTH,SUMMER TREATMENT,,8,TEAL82,N,WFM,F,JUV,20,9,11,0.9,,,,,,0,,,Y,N,,,,T
2021,10/22/21,SGL103 NORTH,FALL CONTROL,,16,3483,N,WFM,F,AD,35,10,25,1.5,,,,,,5,,,N,N,,,,C
2021,10/22/21,SGL103 NORTH,FALL CONTROL,,7,3013,N,WFM,F,JUV,27,16,11,1.1,,,,,,1,,,N,N,,,,C
2021,10/22/21,SGL103 NORTH,FALL TREATMENT,,16,N/A,,NST,,,,,,,,,,,,,,,,,,,,T
2021,10/22/21,SGL103 NORTH,FALL TREATMENT,,23,3007,,WFM,,,,,,,,,,,,,,,,,,,,T
2021,10/22/21,SGL103 NORTH,FALL TREATMENT,,27,RED477,,WFM,,,,,,,,,,,,,,,,,,,,T
2021,10/22/21,SGL103 NORTH,FALL TREATMENT,,29,3023,,WFM,,,,,,,,,,,,,,,,,,,,T
2021,10/22/21,SGL103 NORTH,SPRING TREATMENT,,8,N/A,,NST,,,,,,,,,,,,,,,,,,,,T
2021,10/22/21,SGL103 NORTH,SPRING TREATMENT,,24,3121,N,WFM,F,JUV,44,28,16,1.4,,,,,,0,,,N,N,,,,T
2021,10/22/21,SGL103 NORTH,SPRING TREATMENT,,11,3056,,WFM,,,,,,,,,,,,,,,,,,,,T
2021,10/22/21,SGL103 NORTH,SPRING TREATMENT,,23,RED410,,WFM,,,,,,,,,,,,,,,,,,,,T
2021,10/22/21,SGL103 NORTH,SUMMER CONTROL,,17,3489,N,WFM,F,JUV,30,14,16,1.6,,,,,,3,,,N,N,,,,C
2021,10/22/21,SGL103 NORTH,SUMMER CONTROL,,20,3015,N,WFM,M,AD,35,14,21,1.5,,,,,,5,,,Y,N,,,,C
2021,10/22/21,SGL103 NORTH,SUMMER CONTROL,,8,3014,N,WFM,F,AD,29,18,11,1.4,,,,,,5,,,Y,N,,,,C
2021,10/22/21,SGL103 NORTH,SUMMER CONTROL,,14,RED422,,WFM,,,,,,,,,,,,,,,,,,,,C
2021,10/22/21,SGL103 NORTH,SUMMER CONTROL,,16,3058,,WFM,,,,,,,,,,,,,,,,,,,,C
2021,10/22/21,SGL103 SOUTH,FALL CONTROL,,7,3316,N,WFM,M,JUV,30,14,16,1.1,,,,,,0,,,Y,N,,,,C
2021,10/22/21,SGL103 SOUTH,FALL CONTROL,,30,3317,N,WFM,F,JUV,37,24,13,1,,,,,,6,,,Y,N,,,,C
2021,10/22/21,SGL103 SOUTH,FALL TREATMENT,,1,3219,N,WFM,M,AD,49,25,24,1.5,,,,,,2,,,Y,Y,,,,T
2021,10/22/21,SGL103 SOUTH,SPRING CONTROL,,15,N/A,,MOLE,,,,,,,,,,,,,,,,,,,,C
2021,10/22/21,SGL103 SOUTH,SPRING CONTROL,,6,3207,,WFM,,,,,,,,,,,,,,,,,,,,C
2021,10/22/21,SGL103 SOUTH,SPRING CONTROL,,18,3279,,WFM,,,,,,,,,,,,,,,,,,,,C
2021,10/22/21,SGL103 SOUTH,SPRING CONTROL,,24,3238,,WFM,,,,,,,,,,,,,,,,,,,,C
2021,10/22/21,SGL103 SOUTH,SPRING CONTROL,,29,3395,,WFM,,,,,,,,,,,,,,,,,,,,C
2021,10/22/21,SGL103 SOUTH,SPRING CONTROL,,30,3392,,WFM,,,,,,,,,,,,,,,,,,,,C
2021,10/22/21,SGL103 SOUTH,SPRING TREATMENT,,20,N/A,,CHP,,,,,,,,,,,,,,,,,,,,T
2021,10/22/21,SGL103 SOUTH,SPRING TREATMENT,,29,3220,N,WFM,F,JUV,26,8,18,1.5,,,,,,1,,,Y,N,,,,T
2021,10/22/21,SGL103 SOUTH,SPRING TREATMENT,,17,3221,N,WFM,F,AD,36,9,27,1.3,,,,,,0,,,Y,N,,,,T
2021,10/22/21,SGL103 SOUTH,SPRING TREATMENT,,4,3315,N,WFM,F,AD,60,38,22,1.3,,,,,,2,,,Y,Y,,,,T
2021,10/22/21,SGL103 SOUTH,SPRING TREATMENT,,11,3209,,WFM,,,,,,,,,,,,,,,,,,,,T
2021,10/21/21,SGL103 NORTH,FALL CONTROL,,20,3478,N,WFM,F,JUV,25,10,15,1.6,,,,,,1,,,N,N,,,,C
2021,10/21/21,SGL103 NORTH,FALL CONTROL,,5,RED440,Y,WFM,M,AD,35,12,23,1.5,,,,,,2,,,N,N,,,,C
2021,10/21/21,SGL103 NORTH,FALL CONTROL,,2,3055,N,WFM,F,AD,38,16,22,1.4,,,,,,1,,,N,N,,,,C
2021,10/21/21,SGL103 NORTH,FALL CONTROL,,7,3021,,WFM,,,,,,,,,,,,,,,,,,,,C
2021,10/21/21,SGL103 NORTH,FALL CONTROL,,13,3019,,WFM,,,,,,,,,,,,,,,,,,,,C
2021,10/21/21,SGL103 NORTH,FALL CONTROL,,16,RED413,,WFM,,,,,,,,,,,,,,,,,,,,C
2021,10/21/21,SGL103 NORTH,FALL CONTROL,,23,3074,,WFM,,,,,,,,,,,,,,,,,,,,C
2021,10/21/21,SGL103 NORTH,FALL CONTROL,,27,3006,,WFM,,,,,,,,,,,,,,,,,,,,C
2021,10/21/21,SGL103 NORTH,FALL CONTROL,,28,3022,,WFM,,,,,,,,,,,,,,,,,,,,C
2021,10/21/21,SGL103 NORTH,FALL TREATMENT,,7,3132,N,WFM,M,AD,33,13,20,1.6,,,,,,3,,,Y,N,,,,T
2021,10/21/21,SGL103 NORTH,FALL TREATMENT,,10,3131,N,WFM,M,JUV,29,14,15,1.5,,,,,,1,,,N,N,,,,T
2021,10/21/21,SGL103 NORTH,FALL TREATMENT,,11,RED401,,WFM,,,,,,,,,,,,,,,,,,,,T
2021,10/21/21,SGL103 NORTH,FALL TREATMENT,,19,3075,,WFM,,,,,,,,,,,,,,,,,,,,T
2021,10/21/21,SGL103 NORTH,FALL TREATMENT,,20,3008,,WFM,,,,,,,,,,,,,,,,,,,,T
2021,10/21/21,SGL103 NORTH,SPRING CONTROL,,1,3477,N,WFM,M,AD,59,35,24,1.6,,,,,,9,,,Y,Y,,,,C
2021,10/21/21,SGL103 NORTH,SPRING CONTROL,,15,3057,N,WFM,F,AD,34,14,20,1.6,,,,,,4,,,Y,Y,,,,C
2021,10/21/21,SGL103 NORTH,SPRING CONTROL,,26,3479,N,WFM,F,JUV,28,10,18,1.5,,,,,,6,,,N,N,,,,C
2021,10/21/21,SGL103 NORTH,SPRING TREATMENT,,10,3056,N,WFM,M,AD,57,26,31,1.7,,,,,,1,,,Y,Y,,,,T
2021,10/21/21,SGL103 NORTH,SPRING TREATMENT,,20,3146,,WFM,,,,,,,,,,,,,,,,,,,,T
2021,10/21/21,SGL103 NORTH,SPRING TREATMENT,,21,RED410,,WFM,,,,,,,,,,,,,,,,,,,,T
2021,10/21/21,SGL103 NORTH,SPRING TREATMENT,,29,3145,,WFM,,,,,,,,,,,,,,,,,,,,T
2021,10/21/21,SGL103 NORTH,SUMMER CONTROL,,16,N/A,,NST,,,,,,,,,,,,,,,,,,,,C
2021,10/21/21,SGL103 NORTH,SUMMER CONTROL,,24,N/A,,NST,,,,,,,,,,,,,,,,,,,,C
2021,10/21/21,SGL103 NORTH,SUMMER CONTROL,,15,3058,N,WFM,F,JUV,29,9,20,1.5,,,,,,1,,,N,N,,,,C
2021,10/21/21,SGL103 NORTH,SUMMER CONTROL,,28,3481,N,WFM,F,AD,47,21,26,1.3,,,,,,N/A (SEE NOTES),,,N,N,,,,C
2021,10/21/21,SGL103 NORTH,SUMMER CONTROL,,13,RED422,,WFM,,,,,,,,,,,,,,,,,,,,C
2021,10/21/21,SGL103 NORTH,SUMMER TREATMENT,,25,3482,N,WFM,F,JUV,44,25,19,1.5,,,,,,0,,,Y,N,,,,T
2021,10/21/21,SGL103 NORTH,SUMMER TREATMENT,,1,3480,N,WFM,F,AD,30,12,18,1.5,,,,,,1,,,Y,N,,,,T
2021,10/21/21,SGL103 SOUTH,FALL CONTROL,,28,3283,N,WFM,F,AD,39,8,31,,,,,,,3,,,Y,Y,,,,C
2021,10/21/21,SGL103 SOUTH,FALL CONTROL,,1,3240,N,WFM,F,AD,58,34,24,1.4,,,,,,3,,,Y,N,,,,C
2021,10/21/21,SGL103 SOUTH,FALL CONTROL,,2,3232,,WFM,,,,,,,,,,,,,,,,,,,,C
2021,10/21/21,SGL103 SOUTH,FALL CONTROL,,7,3213,,WFM,,,,,,,,,,,,,,,,,,,,C
2021,10/21/21,SGL103 SOUTH,FALL CONTROL,,20,3211,,WFM,,,,,,,,,,,,,,,,,,,,C
2021,10/21/21,SGL103 SOUTH,FALL TREATMENT,,30,3241,N,WFM,F,AD,49,24,25,1.4,,,,,,2,,,Y,Y,,,,T
2021,10/21/21,SGL103 SOUTH,FALL TREATMENT,,11,3242,N,WFM,F,JUV,25,11,14,1.3,,,,,,2,,,Y,N,,,,T
2021,10/21/21,SGL103 SOUTH,FALL TREATMENT,,1,3215,,WFM,,,,,,,,,,,,,,,,,,,,T
2021,10/21/21,SGL103 SOUTH,FALL TREATMENT,,13,3329,,WFM,,,,,,,,,,,,,,,,,,,,T
2021,10/21/21,SGL103 SOUTH,FALL TREATMENT,,18,3321,,WFM,,,,,,,,,,,,,,,,,,,,T
2021,10/21/21,SGL103 SOUTH,FALL TREATMENT,,28,3216,,WFM,,,,,,,,,,,,,,,,,,,,T
2021,10/21/21,SGL103 SOUTH,SPRING CONTROL,,29,3392,N,WFM,M,AD,39,20,19,,,,,,,6,,,Y,N,,,,C
2021,10/21/21,SGL103 SOUTH,SPRING CONTROL,,18,3330,N,WFM,F,AD,36,8,28,1.4,,,,,,2,,,Y,N,,,,C
2021,10/21/21,SGL103 SOUTH,SPRING CONTROL,,1,3363,,WFM,,,,,,,,,,,,,,,,,,,,C
2021,10/21/21,SGL103 SOUTH,SPRING CONTROL,,7,3207,,WFM,,,,,,,,,,,,,,,,,,,,C
2021,10/21/21,SGL103 SOUTH,SPRING CONTROL,,11,3374,,WFM,,,,,,,,,,,,,,,,,,,,C
2021,10/21/21,SGL103 SOUTH,SPRING CONTROL,,14,3279,,WFM,,,,,,,,,,,,,,,,,,,,C
2021,10/21/21,SGL103 SOUTH,SPRING TREATMENT,,18,3245,N,WFM,M,AD,48,25,23,1.6,,,,,,2,,,Y,Y,,,,T
2021,10/21/21,SGL103 SOUTH,SPRING TREATMENT,,30,3246,N,WFM,M,AD,30,16,14,1.6,,,,,,0,,,Y,Y,,,,T
2021,10/21/21,SGL103 SOUTH,SPRING TREATMENT,,9,3243,N,WFM,M,AD,39,14,25,1.3,,,,,,1,,,Y,Y,,,,T
2021,10/21/21,SGL103 SOUTH,SPRING TREATMENT,,4,3291,,WFM,,,,,,,,,,,,,,,,,,,,T
2021,10/21/21,SGL103 SOUTH,SPRING TREATMENT,,7,3364,,WFM,,,,,,,,,,,,,,,,,,,,T
2021,10/21/21,SGL103 SOUTH,SPRING TREATMENT,,13,3210,,WFM,,,,,,,,,,,,,,,,,,,,T
2021,10/21/21,SGL103 SOUTH,SPRING TREATMENT,,26,3322,,WFM,,,,,,,,,,,,,,,,,,,,T
2021,10/21/21,SGL103 SOUTH,SPRING TREATMENT,,27,3286,,WFM,,,,,,,,,,,,,,,,,,,,T
2021,10/21/21,SGL103 SOUTH,SUMMER CONTROL,,5,BLACK273,,WFM,,,,,,,,,,,,,,,,,,,,C
2021,10/21/21,SGL103 SOUTH,SUMMER CONTROL,,8,3255,,WFM,,,,,,,,,,,,,,,,,,,,C
2021,10/21/21,SGL103 SOUTH,SUMMER CONTROL,,12,3254,,WFM,,,,,,,,,,,,,,,,,,,,C
2021,10/21/21,SGL103 SOUTH,SUMMER CONTROL,,13,3280,,WFM,,,,,,,,,,,,,,,,,,,,C
2021,10/21/21,SGL103 SOUTH,SUMMER CONTROL,,30,3394,,WFM,,,,,,,,,,,,,,,,,,,,C
2021,10/21/21,SGL103 SOUTH,SUMMER TREATMENT,,7,N/A,,MV,,,,,,,,,,,,,,,,,,,,T
2021,10/21/21,SGL103 SOUTH,SUMMER TREATMENT,,1,3289,,WFM,,,,,,,,,,,,,,,,,,,,T
2021,10/21/21,SGL103 SOUTH,SUMMER TREATMENT,,20,3214,,WFM,,,,,,,,,,,,,,,,,,,,T
2021,10/20/21,SGL103 NORTH,FALL CONTROL,,15,N/A,,NST,,,,,,,,,,,,,,,,,,,,C
2021,10/20/21,SGL103 NORTH,FALL CONTROL,,10,3495,N,WFM,F,AD,36,14,22,1.5,,,,,,0,,,N,N,,,,C
2021,10/20/21,SGL103 NORTH,FALL CONTROL,,18,3493,N,WFM,M,JUV,36,22,14,1.5,,,,,,2,,,N,N,,,,C
2021,10/20/21,SGL103 NORTH,FALL CONTROL,,27,3074,N,WFM,M,AD,36,18,18,1.2,,,,,,1,,,Y,Y,,,,C
2021,10/20/21,SGL103 NORTH,FALL CONTROL,,8,3500,N,WFM,M,JUV,23,13,10,1.1,,,,,,0,,,Y,N,,,,C
2021,10/20/21,SGL103 NORTH,FALL CONTROL,,1,3021,,WFM,,,,,,,,,,,,,,,,,,,,C
2021,10/20/21,SGL103 NORTH,FALL CONTROL,,13,3020,,WFM,,,,,,,,,,,,,,,,,,,,C
2021,10/20/21,SGL103 NORTH,FALL CONTROL,,23,3006,,WFM,,,,,,,,,,,,,,,,,,,,C
2021,10/20/21,SGL103 NORTH,FALL CONTROL,,29,3022,,WFM,,,,,,,,,,,,,,,,,,,,C
2021,10/20/21,SGL103 NORTH,FALL TREATMENT,,18,3075,N,WFM,F,JUV,25,7,18,1.5,,,,,,0,,,N,N,,,,T
2021,10/20/21,SGL103 NORTH,FALL TREATMENT,,21,3494,N,WFM,M,AD,35,16,19,1.3,,,,,,0,,,Y,N,,,,T
2021,10/20/21,SGL103 NORTH,FALL TREATMENT,,9,3492,N,WFM,F,JUV,25,7,18,1.3,,,,,,2,,,N,N,,,,T
2021,10/20/21,SGL103 NORTH,FALL TREATMENT,,1,3008,,WFM,,,,,,,,,,,,,,,,,,,,T
2021,10/20/21,SGL103 NORTH,FALL TREATMENT,,10,RED401,,WFM,,,,,,,,,,,,,,,,,,,,T
2021,10/20/21,SGL103 NORTH,FALL TREATMENT,,16,3002,,WFM,,,,,,,,,,,,,,,,,,,,T
2021,10/20/21,SGL103 NORTH,SPRING CONTROL,,3,3499,N,WFM,F,AD,60,36,24,1.5,,,,,,4,,,Y,Y,,,,C
2021,10/20/21,SGL103 NORTH,SPRING CONTROL,,14,3498,N,WFM,M,AD,35,16,19,1.5,,,,,,7,,,Y,N,,,,C
2021,10/20/21,SGL103 NORTH,SPRING CONTROL,,6,3003,,WFM,,,,,,,,,,,,,,,,,,,,C
2021,10/20/21,SGL103 NORTH,SPRING TREATMENT,,9,N/A,,FSQ,,,,,,,,,,,,,,,,,,,,T
2021,10/20/21,SGL103 NORTH,SPRING TREATMENT,,20,3146,,WFM,,,,,,,,,,,,,,,,,,,,T
2021,10/20/21,SGL103 NORTH,SUMMER CONTROL,,25,3491,N,WFM,F,AD,56,,,1.4,,,,,,0,,,Y,N,,,,C
2021,10/20/21,SGL103 NORTH,SUMMER CONTROL,,13,RED422,,WFM,,,,,,,,,,,,,,,,,,,,C
2021,10/20/21,SGL103 NORTH,SUMMER CONTROL,,24,3004,,WFM,,,,,,,,,,,,,,,,,,,,C
2021,10/20/21,SGL103 NORTH,SUMMER TREATMENT,,27,N/A,,NST,,,,,,,,,,,,,,,,,,,,T
2021,10/20/21,SGL103 NORTH,SUMMER TREATMENT,,25,3496,N,WFM,F,JUV,35,18,17,1.4,,,,,,0,,,N,N,,,,T
2021,10/20/21,SGL103 NORTH,SUMMER TREATMENT,,28,3497,N,WFM,F,JUV,24,9,15,1.4,,,,,,0,,,N,N,,,,T
2021,10/20/21,SGL103 NORTH,SUMMER TREATMENT,,30,RED477,Y,WFM,M,AD,37,12,25,1.3,,,,,,0,,,Y,N,,,,T
2021,10/20/21,SGL103 NORTH,SUMMER TREATMENT,,21,3052,,WFM,,,,,,,,,,,,,,,,,,,,T
2021,10/20/21,SGL103 SOUTH,FALL CONTROL,,12,3229,N,WFM,M,AD,46,22,24,1.5,,,,,,7,,,Y,Y,,,,C
2021,10/20/21,SGL103 SOUTH,FALL CONTROL,,2,3232,N,WFM,M,AD,48,27,21,1.5,,,,,,5,,,Y,N,,,,C
2021,10/20/21,SGL103 SOUTH,FALL CONTROL,,16,3230,N,WFM,F,AD,41,21,20,1.4,,,,,,16,,,Y,Y,,,,C
2021,10/20/21,SGL103 SOUTH,FALL CONTROL,,25,3231,N,WFM,F,JUV,35,19,16,1.1,,,,,,4,,,Y,N,,,,C
2021,10/20/21,SGL103 SOUTH,FALL CONTROL,,4,3213,,WFM,,,,,,,,,,,,,,,,,,,,C
2021,10/20/21,SGL103 SOUTH,FALL CONTROL,,6,RED346,,WFM,,,,,,,,,,,,,,,,,,,,C
2021,10/20/21,SGL103 SOUTH,FALL CONTROL,,22,3276,,WFM,,,,,,,,,,,,,,,,,,,,C
2021,10/20/21,SGL103 SOUTH,FALL CONTROL,,26,3211,,WFM,,,,,,,,,,,,,,,,,,,,C
2021,10/20/21,SGL103 SOUTH,FALL TREATMENT,,13,3329,N,WFM,M,AD,45,14,31,1.4,,,,,,0,,,Y,N,,,,T
2021,10/20/21,SGL103 SOUTH,FALL TREATMENT,,5,3393,N,WFM,M,AD,40,13,27,1.3,,,,,,17,,,Y,Y,,,,T
2021,10/20/21,SGL103 SOUTH,FALL TREATMENT,,16,3328,N,WFM,F,JUV,37,28,9,1.2,,,,,,0,,,Y,N,,,,T
2021,10/20/21,SGL103 SOUTH,FALL TREATMENT,,8,3271,,WFM,,,,,,,,,,,,,,,,,,,,T
2021,10/20/21,SGL103 SOUTH,FALL TREATMENT,,20,3321,,WFM,,,,,,,,,,,,,,,,,,,,T
2021,10/20/21,SGL103 SOUTH,SPRING CONTROL,,24,3238,N,WFM,F,AD,47,17,30,1.8,,,,,,8,,,N,N,,,,C
2021,10/20/21,SGL103 SOUTH,SPRING CONTROL,,2,3363,N,WFM,M,AD,38,20,18,1.8,,,,,,5,,,N,Y,,,,C
2021,10/20/21,SGL103 SOUTH,SPRING CONTROL,,11,3237,N,WFM,F,JUV,34,18,16,1.1,,,,,,4,,,Y,N,,,,C
2021,10/20/21,SGL103 SOUTH,SPRING CONTROL,,9,3207,,WFM,,,,,,,,,,,,,,,,,,,,C
2021,10/20/21,SGL103 SOUTH,SPRING CONTROL,,13,3374,,WFM,,,,,,,,,,,,,,,,,,,,C
2021,10/20/21,SGL103 SOUTH,SPRING TREATMENT,,8,3291,N,WFM,M,AD,35,14,21,1.5,,,,,,0,,,Y,N,,,,T
2021,10/20/21,SGL103 SOUTH,SPRING TREATMENT,,26,3286,N,WFM,F,AD,35,11,24,1.4,,,,,,0,,,Y,N,,,,T
2021,10/20/21,SGL103 SOUTH,SPRING TREATMENT,,1,3288,N,WFM,M,JUV,40,25,15,1,,,,,,2,,,Y,N,,,,T
2021,10/20/21,SGL103 SOUTH,SPRING TREATMENT,,16,3290,N,WFM,,AD,,,,,,,,,,,,,N,N,,,,T
2021,10/20/21,SGL103 SOUTH,SPRING TREATMENT,,4,3364,,WFM,,,,,,,,,,,,,,,,,,,,T
2021,10/20/21,SGL103 SOUTH,SPRING TREATMENT,,9,3209,,WFM,,,,,,,,,,,,,,,,,,,,T
2021,10/20/21,SGL103 SOUTH,SPRING TREATMENT,,13,3210,,WFM,,,,,,,,,,,,,,,,,,,,T
2021,10/20/21,SGL103 SOUTH,SPRING TREATMENT,,21,3322,,WFM,,,,,,,,,,,,,,,,,,,,T
2021,10/20/21,SGL103 SOUTH,SUMMER CONTROL,,3,3385,N,WFM,F,AD,37,8,29,1.6,,,,,,4,,,N,N,,,,C
2021,10/20/21,SGL103 SOUTH,SUMMER CONTROL,,18,3233,N,WFM,M,AD,42,22,20,1.4,,,,,,1,,,Y,N,,,,C
2021,10/20/21,SGL103 SOUTH,SUMMER CONTROL,,15,3236,N,WFM,F,JUV,35,18,17,1.4,,,,,,2,,1,Y,N,,,,C
2021,10/20/21,SGL103 SOUTH,SUMMER CONTROL,,9,3234,N,WFM,F,AD,39,15,24,1.3,,,,,,2,,,Y,N,,,,C
2021,10/20/21,SGL103 SOUTH,SUMMER CONTROL,,28,3235,N,WFM,F,AD,36,20,16,1.3,,,,,,8,,,Y,N,,,,C
2021,10/20/21,SGL103 SOUTH,SUMMER CONTROL,,5,BLACK273,,WFM,,,,,,,,,,,,,,,,,,,,C
2021,10/20/21,SGL103 SOUTH,SUMMER CONTROL,,25,3280,,WFM,,,,,,,,,,,,,,,,,,,,C
2021,10/20/21,SGL103 SOUTH,SUMMER CONTROL,,30,3394,,WFM,,,,,,,,,,,,,,,,,,,,C
2021,10/20/21,SGL103 SOUTH,SUMMER TREATMENT,,19,3386,N,WFM,F,AD,32,8,24,1.5,,,,,,0,,,N,N,,,,T
2021,10/20/21,SGL103 SOUTH,SUMMER TREATMENT,,2,3289,N,WFM,F,AD,40,22,18,1.1,,,,,,0,,,Y,N,,,,T
2021,10/19/21,SGL103 NORTH,FALL CONTROL,,28,N/A (SEE NOTES),Y,WFM,M,AD,26,7,19,1.6,,,,,,1,,,N,N,,,,C
2021,10/19/21,SGL103 NORTH,FALL CONTROL,,26,3009,N,WFM,F,AD,27,7,20,1.5,,,,,,2,,,N,N,,,,C
2021,10/19/21,SGL103 NORTH,FALL CONTROL,,13,3019,N,WFM,M,AD,65,44,21,1.4,,,,,,3,,,N,N,,,,C
2021,10/19/21,SGL103 NORTH,FALL CONTROL,,14,3020,N,WFM,F,AD,28,10,18,1.4,,,,,,4,,,N,N,,,,C
2021,10/19/21,SGL103 NORTH,FALL CONTROL,,3,RED433,Y,WFM,M,AD,31,7,24,1.3,,,,,,8,,,N,N,,,,C
2021,10/19/21,SGL103 NORTH,FALL CONTROL,,30,3022,N,WFM,F,AD,30,7,23,1.3,,,,,,3,,,N,N,,,,C
2021,10/19/21,SGL103 NORTH,FALL CONTROL,,5,3021,N,WFM,F,AD,29,9,20,1.3,,,,,,0,,,N,N,,,,C
2021,10/19/21,SGL103 NORTH,FALL CONTROL,,18,RED413,Y,WFM,M,AD,33,12,21,1.2,,,,,,1,,,N,N,,,,C
2021,10/19/21,SGL103 NORTH,FALL CONTROL,,25,3006,N,WFM,N/A (SEE NOTES),JUV,25,7,18,1.1,,,,,,0,,,N,N,,,,C
2021,10/19/21,SGL103 NORTH,FALL TREATMENT,,26,RED440,Y,WFM,M,AD,60,28,32,1.5,,,,,,4,,,N,N,,,,T
2021,10/19/21,SGL103 NORTH,FALL TREATMENT,,12,RED401,Y,WFM,M,AD,30,7,23,1.5,,,,,,0,,,N,N,,,,T
2021,10/19/21,SGL103 NORTH,FALL TREATMENT,,24,RED443,Y,WFM,F,AD,33,10,23,1.4,,,,,,0,,,N,N,,,,T
2021,10/19/21,SGL103 NORTH,FALL TREATMENT,,6,3001,N,WFM,F,JUV,27,7,20,1.4,,,,,,0,,,N,N,,,,T
2021,10/19/21,SGL103 NORTH,FALL TREATMENT,,17,3008,Y,WFM,F,AD,34,7,27,1.3,,,,,,0,,,N,N,,,,T
2021,10/19/21,SGL103 NORTH,FALL TREATMENT,,20,3002,N,WFM,M,AD,28,8,20,1.3,,,,,,2,,,Y,N,,,,T
2021,10/19/21,SGL103 NORTH,FALL TREATMENT,,14,RED382,Y,WFM,F,AD,,,,,,,,,,,,,N,N,,,,T
2021,10/19/21,SGL103 NORTH,SPRING CONTROL,,29,3147,N,WFM,F,AD,36,13,23,1.4,,,,,,0,,,Y,Y,,,,C
2021,10/19/21,SGL103 NORTH,SPRING CONTROL,,14,RED478,Y,WFM,M,AD,48,29,19,1.4,,,,,,17,,,Y,N,,,,C
2021,10/19/21,SGL103 NORTH,SPRING CONTROL,,5,3003,N,WFM,M,AD,69,50,19,1.2,,,,,,9,,,Y,N,,,,C
2021,10/19/21,SGL103 NORTH,SPRING TREATMENT,,20,RED410,Y,WFM,M,AD,43,17,26,,,,,,,0,,,N,N,,,,T
2021,10/19/21,SGL103 NORTH,SPRING TREATMENT,,16,RED436,Y,WFM,M,AD,32,12,20,,,,,,,N/A (SEE NOTES),,,N,N,,,,T
2021,10/19/21,SGL103 NORTH,SPRING TREATMENT,,2,3143,N,WFM,F,AD,24,10,14,1.5,,,,,,0,,,N,N,,,,T
2021,10/19/21,SGL103 NORTH,SPRING TREATMENT,,18,3051,N,WFM,F,AD,38,12,26,1.4,,,,,,0,,,Y,N,,,,T
2021,10/19/21,SGL103 NORTH,SPRING TREATMENT,,4,3144,N,WFM,M,AD,25,8,17,1.4,,,,,,0,,,Y,Y,,,,T
2021,10/19/21,SGL103 NORTH,SPRING TREATMENT,,23,3146,N,WFM,M,AD,25,13,12,1.4,,,,,,0,,,N,N,,,,T
2021,10/19/21,SGL103 NORTH,SPRING TREATMENT,,30,3145,N,WFM,F,AD,28,8,20,1.3,,,,,,0,,,Y,N,,,,T
2021,10/19/21,SGL103 NORTH,SUMMER CONTROL,,14,RED422,Y,WFM,F,AD,46,21,25,1.5,,,,,,5,,,N,N,,,,C
2021,10/19/21,SGL103 NORTH,SUMMER CONTROL,,26,3004,N,WFM,F,AD,,,22,1.4,,,,,,0,,,N,N,,,,C
2021,10/19/21,SGL103 NORTH,SUMMER CONTROL,,3,3142,N,WFM,F,AD,,,,,,,,,,0,,,N,N,,,,C
2021,10/19/21,SGL103 NORTH,SUMMER TREATMENT,,19,3052,N,WFM,M,JUV,45,28,17,1.7,,,,,,0,,,N,N,,,,T
2021,10/19/21,SGL103 NORTH,SUMMER TREATMENT,,26,RED449,Y,WFM,F,AD,38,,,1.6,,,,,,0,,,Y,N,,,,T
2021,10/19/21,SGL103 NORTH,SUMMER TREATMENT,,30,3023,N,WFM,N/A (SEE NOTES),AD,50,30,20,1.5,,,,,,0,,,N,N,,,,T
2021,10/19/21,SGL103 NORTH,SUMMER TREATMENT,,9,3053,N,WFM,M,AD,51,35,16,1.4,,,,,,0,,,Y,N,,,,T
2021,10/19/21,SGL103 NORTH,SUMMER TREATMENT,,25,3007,N,WFM,M,AD,40,18,22,1.2,,,,,,0,,,N,N,,,,T
2021,10/19/21,SGL103 NORTH,SUMMER TREATMENT,,28,3024,N,WFM,F,JUV,28,10,18,1.2,,,,,,0,,,Y,N,,,,T
2021,10/19/21,SGL103 SOUTH,FALL CONTROL,,9,RED346,Y,WFM,F,AD,37,11,26,1.8,,,,,,0,,,Y,N,,,,C
2021,10/19/21,SGL103 SOUTH,FALL CONTROL,,21,3276,N,WFM,F,AD,38,21,17,1.6,,,,,,14,,,Y,Y,,,,C
2021,10/19/21,SGL103 SOUTH,FALL CONTROL,,19,3211,N,WFM,M,AD,57,39,18,1.4,,,,,,2,,,Y,Y,,,,C
2021,10/19/21,SGL103 SOUTH,FALL CONTROL,,29,3251,N,WFM,F,JUV,36,25,11,1.2,,,,,,3,,,Y,Y,,,,C
2021,10/19/21,SGL103 SOUTH,FALL CONTROL,,3,3213,N,WFM,M,AD,30,12,18,1.1,,,,,,6,,,Y,N,,,,C
2021,10/19/21,SGL103 SOUTH,FALL TREATMENT,,1,3215,N,WFM,M,AD,60,38,22,1.5,,,,,,6,,,Y,N,,,,T
2021,10/19/21,SGL103 SOUTH,FALL TREATMENT,,15,3208,N,WFM,F,AD,54,28,26,1.4,,,,,,0,,,Y,Y,,,,T
2021,10/19/21,SGL103 SOUTH,FALL TREATMENT,,21,3216,N,WFM,M,AD,52,34,18,1.3,,,,,,4,,,Y,Y,,,,T
2021,10/19/21,SGL103 SOUTH,FALL TREATMENT,,12,3271,N,WFM,F,AD,40,16,24,1.2,,,,,,0,,,Y,N,,,,T
2021,10/19/21,SGL103 SOUTH,FALL TREATMENT,,23,3321,N,WFM,M,AD,38,23,15,1.2,,,,,,10,,,Y,N,,,,T
2021,10/19/21,SGL103 SOUTH,SPRING CONTROL,,14,3374,N,WFM,F,AD,33,8,25,1.4,,,,,,11,,,Y,Y,,,,C
2021,10/19/21,SGL103 SOUTH,SPRING CONTROL,,9,3207,N,WFM,F,JUV,38,16,22,1.4,,,,,,7,,,Y,Y,,,,C
2021,10/19/21,SGL103 SOUTH,SPRING CONTROL,,4,3292,N,WFM,F,AD,33,12,21,1.4,,,,,,6,,,Y,N,,,,C
2021,10/19/21,SGL103 SOUTH,SPRING CONTROL,,27,3395,N,WFM,M,JUV,38,18,20,1.3,,,,,,18,,,Y,Y,,,,C
2021,10/19/21,SGL103 SOUTH,SPRING CONTROL,,30,3212,N,WFM,M,JUV,28,20,8,1.3,,,,,,35,,,Y,N,,,,C
2021,10/19/21,SGL103 SOUTH,SPRING CONTROL,,3,3373,N,WFM,M,AD,25,7,18,1.2,,,,,,12,,,Y,N,,,,C
2021,10/19/21,SGL103 SOUTH,SPRING CONTROL,,20,3279,N,WFM,F,JUV,19,8,11,1.1,,,,,,8,,,Y,N,,,,C
2021,10/19/21,SGL103 SOUTH,SPRING TREATMENT,,10,3209,N,WFM,F,AD,56,10,46,1.6,,,,,,0,,,Y,N,,,,T
2021,10/19/21,SGL103 SOUTH,SPRING TREATMENT,,15,3322,N,WFM,M,AD,47,30,17,1.6,,,,,,0,,,N,N,,,,T
2021,10/19/21,SGL103 SOUTH,SPRING TREATMENT,,13,3210,N,WFM,M,AD,46,31,15,1.5,,,,,,2,,,Y,Y,,,,T
2021,10/19/21,SGL103 SOUTH,SPRING TREATMENT,,5,3364,N,WFM,F,AD,54,16,38,1.4,,,,,,0,,,Y,N,,,,T
2021,10/19/21,SGL103 SOUTH,SPRING TREATMENT,,22,3206,N,WFM,F,AD,37,20,17,1.3,,,,,,0,,,Y,N,,,,T
2021,10/19/21,SGL103 SOUTH,SPRING TREATMENT,,27,3228,N,WFM,M,JUV,34,13,21,1.2,,,,,,2,,,Y,Y,,,,T
2021,10/19/21,SGL103 SOUTH,SPRING TREATMENT,,25,N/A (SEE NOTES),N,WFM,M,AD,,,,,,,,,,0,,,N,N,,,,T
2021,10/19/21,SGL103 SOUTH,SUMMER CONTROL,,6,BLACK273,Y,WFM,M,AD,35,10,25,1.5,,,,,,0,,,Y,N,,,,C
2021,10/19/21,SGL103 SOUTH,SUMMER CONTROL,,30,3394,N,WFM,F,AD,45,31,14,1.4,,,,,,4,,,Y,N,,,,C
2021,10/19/21,SGL103 SOUTH,SUMMER CONTROL,,16,3254,N,WFM,F,AD,26,13,13,1.4,,,,,,2,,,Y,N,,,,C
2021,10/19/21,SGL103 SOUTH,SUMMER CONTROL,,11,3255,N,WFM,M,AD,34,11,23,1.2,,,,,,5,,,Y,Y,,,,C
2021,10/19/21,SGL103 SOUTH,SUMMER CONTROL,,27,3280,N,WFM,F,JUV,37,20,17,1.2,,,,,,4,,,Y,N,,,,C
2021,10/19/21,SGL103 SOUTH,SUMMER CONTROL,,29,3365,N,WFM,M,JUV,30,22,8,1.2,,,,,,8,,,Y,N,,,,C
2021,10/19/21,SGL103 SOUTH,SUMMER CONTROL,,2,3281,N,WFM,F,JUV,,,,1,,,,,,4,,,N,N,,,,C
2021,10/19/21,SGL103 SOUTH,SUMMER TREATMENT,,23,3214,N,WFM,M,JUV,48,30,18,1.5,,,,,,1,,,Y,Y,,,,T
2021,10/19/21,SGL103 SOUTH,SUMMER TREATMENT,,26,3253,N,WFM,M,AD,26,10,16,1.2,,,,,,0,,,Y,N,,,,T
2021,10/19/21,SGL103 SOUTH,SUMMER TREATMENT,,19,3252,N,WFM,F,AD,40,12,28,1.1,,,,,,4,,,Y,N,,,,T
2021,10/19/21,SGL103 SOUTH,SUMMER TREATMENT,,12,3278,N,WFM,F,JUV,39,14,25,1.1,,,,,,8,,,Y,N,,,,T
2021,10/1/21,SGL176,FALL CONTROL,,24,N/A,,FSQ,,,,,,,,,,,,,,,,,,,,C
2021,10/1/21,SGL176,FALL CONTROL,,2,3325,,WFM,,,,,,,,,,,,,,,,,,,,C
2021,10/1/21,SGL176,FALL CONTROL,,21,3152,,WFM,,,,,,,,,,,,,,,,,,,,C
2021,10/1/21,SGL176,FALL CONTROL,,23,3347,,WFM,,,,,,,,,,,,,,,,,,,,C
2021,10/1/21,SGL176,FALL CONTROL,,25,3173,,WFM,,,,,,,,,,,,,,,,,,,,C
2021,10/1/21,SGL176,FALL TREATMENT,,18,3343,N,WFM,F,AD,40,9,31,1.6,,,,,,2,,,Y,N,,,,T
2021,10/1/21,SGL176,FALL TREATMENT,,24,3342,N,WFM,M,JUV,46,23,23,1.5,,,,,,3,,,N,N,,,,T
2021,10/1/21,SGL176,FALL TREATMENT,,28,3341,N,WFM,M,AD,45,28,17,1.5,,,,,,0,,,N,N,,,,T
2021,10/1/21,SGL176,FALL TREATMENT,,6,3370,,WFM,,,,,,,,,,,,,,,,,,,,T
2021,10/1/21,SGL176,FALL TREATMENT,,7,3327,,WFM,,,,,,,,,,,,,,,,,,,,T
2021,10/1/21,SGL176,FALL TREATMENT,,15,3222,,WFM,,,,,,,,,,,,,,,,,,,,T
2021,10/1/21,SGL176,FALL TREATMENT,,17,RED419,,WFM,,,,,,,,,,,,,,,,,,,,T
2021,10/1/21,SGL176,FALL TREATMENT,,22,3295,,WFM,,,,,,,,,,,,,,,,,,,,T
2021,10/1/21,SGL176,FALL TREATMENT,,26,BLUE177,,WFM,,,,,,,,,,,,,,,,,,,,T
2021,10/1/21,SGL176,FALL TREATMENT,,30,3313,,WFM,,,,,,,,,,,,,,,,,,,,T
2021,10/1/21,SGL176,SPRING CONTROL,,5,N/A,,JM,,,,,,,,,,,,,,,,,,,,C
2021,10/1/21,SGL176,SPRING CONTROL,,3,BLACK329,,WFM,,,,,,,,,,,,,,,,,,,,C
2021,10/1/21,SGL176,SPRING CONTROL,,7,3354,,WFM,,,,,,,,,,,,,,,,,,,,C
2021,10/1/21,SGL176,SPRING CONTROL,,12,BLUE169,,WFM,,,,,,,,,,,,,,,,,,,,C
2021,10/1/21,SGL176,SPRING CONTROL,,18,3156,,WFM,,,,,,,,,,,,,,,,,,,,C
2021,10/1/21,SGL176,SPRING CONTROL,,21,3290,,WFM,,,,,,,,,,,,,,,,,,,,C
2021,10/1/21,SGL176,SPRING CONTROL,,24,3306,,WFM,,,,,,,,,,,,,,,,,,,,C
2021,10/1/21,SGL176,SPRING TREATMENT,,14,3154,,WFM,,,,,,,,,,,,,,,,,,,,T
2021,10/1/21,SGL176,SUMMER CONTROL,,27,N/A,,MV,,,,,,,,,,,,,,,,,,,,C
2021,10/1/21,SGL176,SUMMER CONTROL,,11,3293,Y,WFM,F,AD,41,,,1.4,,,,,,5,,,N,N,,,,C
2021,10/1/21,SGL176,SUMMER CONTROL,,3,3344,N,WFM,M,JUV,32,10,22,1.2,,,,,,13,,,Y,N,,,,C
2021,10/1/21,SGL176,SUMMER CONTROL,,2,BLUE133,,WFM,,,,,,,,,,,,,,,,,,,,C
2021,10/1/21,SGL176,SUMMER CONTROL,,4,3369,,WFM,,,,,,,,,,,,,,,,,,,,C
2021,10/1/21,SGL176,SUMMER CONTROL,,16,RED319,,WFM,,,,,,,,,,,,,,,,,,,,C
2021,10/1/21,SGL176,SUMMER CONTROL,,18,GREEN215,,WFM,,,,,,,,,,,,,,,,,,,,C
2021,10/1/21,SGL176,SUMMER CONTROL,,21,BLUE163,,WFM,,,,,,,,,,,,,,,,,,,,C
2021,10/1/21,SGL176,SUMMER CONTROL,,22,3349,,WFM,,,,,,,,,,,,,,,,,,,,C
2021,10/1/21,SGL176,SUMMER CONTROL,,26,3309,,WFM,,,,,,,,,,,,,,,,,,,,C
2021,10/1/21,SGL176,SUMMER CONTROL,,30,3348,,WFM,,,,,,,,,,,,,,,,,,,,C
2021,10/1/21,SGL176,SUMMER TREATMENT,,30,3217,N,WFM,F,AD,43,27,16,1.6,,,,,,2,,,Y,N,,,,T
2021,10/1/21,SGL176,SUMMER TREATMENT,,16,3247,N,WFM,M,AD,32,11,21,1.5,,,,,,2,,,Y,N,,,,T
2021,10/1/21,SGL176,SUMMER TREATMENT,,28,3272,N,WFM,M,JUV,30,12,18,1.2,,,,,,1,,,Y,Y,,,,T
2021,10/1/21,SGL176,SUMMER TREATMENT,,2,RED379,,WFM,,,,,,,,,,,,,,,,,,,,T
2021,10/1/21,SGL176,SUMMER TREATMENT,,3,GREEN202,,WFM,,,,,,,,,,,,,,,,,,,,T
2021,10/1/21,SGL176,SUMMER TREATMENT,,5,RED357,,WFM,,,,,,,,,,,,,,,,,,,,T
2021,10/1/21,SGL176,SUMMER TREATMENT,,6,3227,,WFM,,,,,,,,,,,,,,,,,,,,T
2021,10/1/21,SGL176,SUMMER TREATMENT,,8,BLUE159,,WFM,,,,,,,,,,,,,,,,,,,,T
2021,10/1/21,SGL176,SUMMER TREATMENT,,10,3273,,WFM,,,,,,,,,,,,,,,,,,,,T
2021,10/1/21,SGL176,SUMMER TREATMENT,,13,3392,,WFM,,,,,,,,,,,,,,,,,,,,T
2021,10/1/21,SGL176,SUMMER TREATMENT,,15,3302,,WFM,,,,,,,,,,,,,,,,,,,,T
2021,10/1/21,SGL176,SUMMER TREATMENT,,19,3311,,WFM,,,,,,,,,,,,,,,,,,,,T
2021,10/1/21,SGL33,FALL CONTROL,,1,N/A,,MV,,,,,,,,,,,,,,,,,,,,C
2021,10/1/21,SGL33,FALL CONTROL,,13,N/A,,MV,,,,,,,,,,,,,,,,,,,,C
2021,10/1/21,SGL33,FALL CONTROL,,5,N/A,,NST,,,,,,,,,,,,,,,,,,,,C
2021,10/1/21,SGL33,FALL CONTROL,,14,N/A,,NST,,,,,,,,,,,,,,,,,,,,C
2021,10/1/21,SGL33,FALL CONTROL,,25,3199,N,WFM,F,JUV,50,41,9,1.3,,,,,,4,,,Y,N,,,,C
2021,10/1/21,SGL33,FALL CONTROL,,12,GREEN231,,WFM,,,,,,,,,,,,,,,,,,,,C
2021,10/1/21,SGL33,FALL CONTROL,,16,RED406,,WFM,,,,,,,,,,,,,,,,,,,,C
2021,10/1/21,SGL33,FALL CONTROL,,24,3127,,WFM,,,,,,,,,,,,,,,,,,,,C
2021,10/1/21,SGL33,FALL TREATMENT,,11,N/A,,MV,,,,,,,,,,,,,,,,,,,,T
2021,10/1/21,SGL33,FALL TREATMENT,,21,N/A,,NST,,,,,,,,,,,,,,,,,,,,T
2021,10/1/21,SGL33,FALL TREATMENT,,23,3111,,WFM,,,,,,,,,,,,,,,,,,,,T
2021,10/1/21,SGL33,FALL TREATMENT,,25,3113,,WFM,,,,,,,,,,,,,,,,,,,,T
2021,10/1/21,SGL33,FALL TREATMENT,,27,3123,,WFM,,,,,,,,,,,,,,,,,,,,T
2021,10/1/21,SGL33,FALL TREATMENT,,29,3105,,WFM,,,,,,,,,,,,,,,,,,,,T
2021,10/1/21,SGL33,FALL TREATMENT,,4,BLUE150,,WFM,,,,,,,,,,,,,,,,,,,,T
2021,10/1/21,SGL33,SPRING CONTROL,,3,3169,N,WFM,M,AD,42,20,22,1.9,,,,,,13,,,Y,N,,,,C
2021,10/1/21,SGL33,SPRING CONTROL,,17,3170,N,WFM,M,AD,39,20,19,1.3,,,,,,6,,,Y,N,,,,C
2021,10/1/21,SGL33,SPRING CONTROL,,23,3155,N,WFM,M,AD,49,31,18,1.3,,,,,,11,,,Y,N,,,,C
2021,10/1/21,SGL33,SPRING CONTROL,,18,3109,,WFM,,,,,,,,,,,,,,,,,,,,C
2021,10/1/21,SGL33,SPRING CONTROL,,24,3110,,WFM,,,,,,,,,,,,,,,,,,,,C
2021,10/1/21,SGL33,SPRING CONTROL,,30,GREEN268,,WFM,,,,,,,,,,,,,,,,,,,,C
2021,10/1/21,SGL33,SPRING TREATMENT,,27,3171,N,WFM,M,AD,34,19.5,14.5,1.5,,,,,,7,,,Y,N,,,,T
2021,10/1/21,SGL33,SPRING TREATMENT,,25,3172,N,WFM,M,AD,34,19,15,1.4,,,,,,7,,,Y,N,,,,T
2021,10/1/21,SGL33,SPRING TREATMENT,,2,3163,,WFM,,,,,,,,,,,,,,,,,,,,T
2021,10/1/21,SGL33,SPRING TREATMENT,,7,GREEN278,,WFM,,,,,,,,,,,,,,,,,,,,T
2021,10/1/21,SGL33,SPRING TREATMENT,,8,3029,,WFM,,,,,,,,,,,,,,,,,,,,T
2021,10/1/21,SGL33,SPRING TREATMENT,,14,3102,,WFM,,,,,,,,,,,,,,,,,,,,T
2021,10/1/21,SGL33,SPRING TREATMENT,,15,3149,,WFM,,,,,,,,,,,,,,,,,,,,T
2021,10/1/21,SGL33,SPRING TREATMENT,,19,3169,,WFM,,,,,,,,,,,,,,,,,,,,T
2021,10/1/21,SGL33,SPRING TREATMENT,,20,3162,,WFM,,,,,,,,,,,,,,,,,,,,T
2021,10/1/21,SGL33,SPRING TREATMENT,,24,3160,,WFM,,,,,,,,,,,,,,,,,,,,T
2021,10/1/21,SGL33,SPRING TREATMENT,,28,3175,,WFM,,,,,,,,,,,,,,,,,,,,T
2021,10/1/21,SGL33,SUMMER CONTROL,,2,3200,N,WFM,F,AD,40,19,21,1.4,,,,,,1,,,Y,Y,,,,C
2021,10/1/21,SGL33,SUMMER CONTROL,,15,3130,,WFM,,,,,,,,,,,,,,,,,,,,C
2021,10/1/21,SGL33,SUMMER TREATMENT,,3,3107,,WFM,,,,,,,,,,,,,,,,,,,,T
2021,10/1/21,SGL33,SUMMER TREATMENT,,4,BLUE178,,WFM,,,,,,,,,,,,,,,,,,,,T
2021,9/30/21,SGL176,FALL CONTROL,,22,3368,N,WFM,F,AD,45.5,15,30.5,1.5,,,,,,14,,,Y,Y,,,,C
2021,9/30/21,SGL176,FALL CONTROL,,24,3367,N,WFM,F,AD,49.5,25,24.5,1.5,,,,,,5,,1,Y,Y,,,,C
2021,9/30/21,SGL176,FALL CONTROL,,4,3345,N,WFM,M,AD,33,11,22,1.5,,,,,,0,,,Y,Y,,,,C
2021,9/30/21,SGL176,FALL CONTROL,,14,3366,N,WFM,M,AD,33,,,1.4,,,,,,2,,,Y,Y,,,,C
2021,9/30/21,SGL176,FALL CONTROL,,25,3173,,WFM,,,,,,,,,,,,,,,,,,,,C
2021,9/30/21,SGL176,FALL CONTROL,,29,3400,,WFM,,,,,,,,,,,,,,,,,,,,C
2021,9/30/21,SGL176,FALL TREATMENT,,10,3372,N,WFM,M,AD,42.5,24,18.5,1.6,,,,,,1,,1,N,N,,,,T
2021,9/30/21,SGL176,FALL TREATMENT,,7,GREEN221,Y,WFM,M,AD,30,11.5,18.5,1.5,,,,,,5,,,Y,N,,,,T
2021,9/30/21,SGL176,FALL TREATMENT,,8,3370,N,WFM,F,AD,35.5,20.5,15,1.5,,,,,,2,,,Y,Y,,,,T
2021,9/30/21,SGL176,FALL TREATMENT,,14,RED364,,WFM,,,,,,,,,,,,,,,,,,,,T
2021,9/30/21,SGL176,FALL TREATMENT,,18,RED419,,WFM,,,,,,,,,,,,,,,,,,,,T
2021,9/30/21,SGL176,FALL TREATMENT,,23,3295,,WFM,,,,,,,,,,,,,,,,,,,,T
2021,9/30/21,SGL176,FALL TREATMENT,,27,BLUE177,,WFM,,,,,,,,,,,,,,,,,,,,T
2021,9/30/21,SGL176,FALL TREATMENT,,29,3313,,WFM,,,,,,,,,,,,,,,,,,,,T
2021,9/30/21,SGL176,FALL TREATMENT,,30,3174,,WFM,,,,,,,,,,,,,,,,,,,,T
2021,9/30/21,SGL176,SPRING CONTROL,,28,N/A,,MV,,,,,,,,,,,,,,,,,,,,C
2021,9/30/21,SGL176,SPRING CONTROL,,30,N/A,,MV,,,,,,,,,,,,,,,,,,,,C
2021,9/30/21,SGL176,SPRING CONTROL,,23,3376,N,WFM,M,AD,43,23,20,1.4,,,,,,22,,,Y,Y,,,,C
2021,9/30/21,SGL176,SPRING CONTROL,,1,3377,N,WFM,M,AD,42.5,19.5,23,1.3,,,,,,41,,,Y,Y,,,,C
2021,9/30/21,SGL176,SPRING CONTROL,,5,BLACK329,,WFM,,,,,,,,,,,,,,,,,,,,C
2021,9/30/21,SGL176,SPRING CONTROL,,13,3314,,WFM,,,,,,,,,,,,,,,,,,,,C
2021,9/30/21,SGL176,SPRING CONTROL,,20,3290,,WFM,,,,,,,,,,,,,,,,,,,,C
2021,9/30/21,SGL176,SPRING CONTROL,,27,BLUE162,,WFM,,,,,,,,,,,,,,,,,,,,C
2021,9/30/21,SGL176,SPRING TREATMENT,,27,N/A,,NST,,,,,,,,,,,,,,,,,,,,T
2021,9/30/21,SGL176,SPRING TREATMENT,,12,RED456,,WFM,,,,,,,,,,,,,,,,,,,,T
2021,9/30/21,SGL176,SPRING TREATMENT,,17,3308,,WFM,,,,,,,,,,,,,,,,,,,,T
2021,9/30/21,SGL176,SUMMER CONTROL,,30,N/A,,MV,,,,,,,,,,,,,,,,,,,,C
2021,9/30/21,SGL176,SUMMER CONTROL,,16,3327,N,WFM,F,AD,32,15,17,1.5,,,,,,14,,,Y,N,,,,C
2021,9/30/21,SGL176,SUMMER CONTROL,,5,3357,N,WFM,M,AD,39.5,15.5,24,1.4,,,,,,12,,1,Y,Y,,,,C
2021,9/30/21,SGL176,SUMMER CONTROL,,3,3369,N,WFM,F,AD,45.5,28.5,17,1.4,,,,,,4,,1,Y,Y,,,,C
2021,9/30/21,SGL176,SUMMER CONTROL,,2,3371,N,WFM,F,JUV,30.5,17.5,13,1.4,,,,,,11,,,Y,N,,,,C
2021,9/30/21,SGL176,SUMMER CONTROL,,9,3299,,WFM,,,,,,,,,,,,,,,,,,,,C
2021,9/30/21,SGL176,SUMMER CONTROL,,10,3300,,WFM,,,,,,,,,,,,,,,,,,,,C
2021,9/30/21,SGL176,SUMMER CONTROL,,15,3310,,WFM,,,,,,,,,,,,,,,,,,,,C
2021,9/30/21,SGL176,SUMMER CONTROL,,17,GREEN215,,WFM,,,,,,,,,,,,,,,,,,,,C
2021,9/30/21,SGL176,SUMMER CONTROL,,25,3309,,WFM,,,,,,,,,,,,,,,,,,,,C
2021,9/30/21,SGL176,SUMMER CONTROL,,27,RED332,,WFM,,,,,,,,,,,,,,,,,,,,C
2021,9/30/21,SGL176,SUMMER CONTROL,,29,3348,,WFM,,,,,,,,,,,,,,,,,,,,C
2021,9/30/21,SGL176,SUMMER TREATMENT,,7,3358,N,WFM,F,JUV,46,35.3,10.7,1.3,,,,,,1,,,Y,N,,,,T
2021,9/30/21,SGL176,SUMMER TREATMENT,,2,RED374,,WFM,,,,,,,,,,,,,,,,,,,,T
2021,9/30/21,SGL176,SUMMER TREATMENT,,3,GREEN202,,WFM,,,,,,,,,,,,,,,,,,,,T
2021,9/30/21,SGL176,SUMMER TREATMENT,,18,BLUE159,,WFM,,,,,,,,,,,,,,,,,,,,T
2021,9/30/21,SGL176,SUMMER TREATMENT,,23,BLUE133,,WFM,,,,,,,,,,,,,,,,,,,,T
2021,9/30/21,SGL176,SUMMER TREATMENT,,27,GREEN216,,WFM,,,,,,,,,,,,,,,,,,,,T
2021,9/30/21,SGL33,FALL CONTROL,,1,N/A,,MV,,,,,,,,,,,,,,,,,,,,C
2021,9/30/21,SGL33,FALL CONTROL,,6,N/A,,NST,,,,,,,,,,,,,,,,,,,,C
2021,9/30/21,SGL33,FALL CONTROL,,8,N/A,,NST,,,,,,,,,,,,,,,,,,,,C
2021,9/30/21,SGL33,FALL CONTROL,,14,N/A,,NST,,,,,,,,,,,,,,,,,,,,C
2021,9/30/21,SGL33,FALL CONTROL,,2,3166,N,WFM,M,AD,32.5,20.5,12,1.1,,,,,,29,,,Y,Y,,,,C
2021,9/30/21,SGL33,FALL CONTROL,,21,BLUE119,,WFM,,,,,,,,,,,,,,,,,,,,C
2021,9/30/21,SGL33,FALL CONTROL,,24,RED406,,WFM,,,,,,,,,,,,,,,,,,,,C
2021,9/30/21,SGL33,FALL CONTROL,,25,3127,,WFM,,,,,,,,,,,,,,,,,,,,C
2021,9/30/21,SGL33,FALL CONTROL,,30,3128,,WFM,,,,,,,,,,,,,,,,,,,,C
2021,9/30/21,SGL33,FALL TREATMENT,,14,3167,N,WFM,F,JUV,28,12,16,1.6,,,,,,0,,,Y,N,,,,T
2021,9/30/21,SGL33,FALL TREATMENT,,4,BLUE150,,WFM,,,,,,,,,,,,,,,,,,,,T
2021,9/30/21,SGL33,SPRING CONTROL,,9,3159,,WFM,,,,,,,,,,,,,,,,,,,,C
2021,9/30/21,SGL33,SPRING CONTROL,,20,3109,,WFM,,,,,,,,,,,,,,,,,,,,C
2021,9/30/21,SGL33,SPRING CONTROL,,24,3216,,WFM,,,,,,,,,,,,,,,,,,,,C
2021,9/30/21,SGL33,SPRING CONTROL,,25,3110,,WFM,,,,,,,,,,,,,,,,,,,,C
2021,9/30/21,SGL33,SPRING TREATMENT,,13,N/A,,MV,,,,,,,,,,,,,,,,,,,,T
2021,9/30/21,SGL33,SPRING TREATMENT,,21,N/A,,NST,,,,,,,,,,,,,,,,,,,,T
2021,9/30/21,SGL33,SPRING TREATMENT,,18,3164,N,WFM,M,AD,41,16,25,1.5,,,,,,14,,,Y,Y,,,,T
2021,9/30/21,SGL33,SPRING TREATMENT,,4,3163,N,WFM,M,AD,37.5,17.5,20,1.4,,,,,,4,,,Y,Y,,,,T
2021,9/30/21,SGL33,SPRING TREATMENT,,28,3161,N,WFM,F,JUV,30,15,15,1.2,,,,,,6,,,Y,Y,,,,T
2021,9/30/21,SGL33,SPRING TREATMENT,,19,3162,N,WFM,M,AD,48,32,16,1,,,,,,10,,,Y,N,,,,T
2021,9/30/21,SGL33,SPRING TREATMENT,,23,3160,N,WFM,M,JUV,29,14,15,0.8,,,,,,11,,,Y,N,,,,T
2021,9/30/21,SGL33,SPRING TREATMENT,,2,3029,,WFM,,,,,,,,,,,,,,,,,,,,T
2021,9/30/21,SGL33,SPRING TREATMENT,,6,GREEN278,,WFM,,,,,,,,,,,,,,,,,,,,T
2021,9/30/21,SGL33,SPRING TREATMENT,,8,3158,,WFM,,,,,,,,,,,,,,,,,,,,T
2021,9/30/21,SGL33,SPRING TREATMENT,,11,3102,,WFM,,,,,,,,,,,,,,,,,,,,T
2021,9/30/21,SGL33,SPRING TREATMENT,,17,3149,,WFM,,,,,,,,,,,,,,,,,,,,T
2021,9/30/21,SGL33,SPRING TREATMENT,,25,3175,,WFM,,,,,,,,,,,,,,,,,,,,T
2021,9/30/21,SGL33,SPRING TREATMENT,,26,BLACK444,,WFM,,,,,,,,,,,,,,,,,,,,T
2021,9/30/21,SGL33,SPRING TREATMENT,,7,3103,,WFM,,,,,,,,,,,,,,,,,,,,T
2021,9/30/21,SGL33,SPRING TREATMENT,,23,3113,,WFM,,,,,,,,,,,,,,,,,,,,T
2021,9/30/21,SGL33,SPRING TREATMENT,,25,3111,,WFM,,,,,,,,,,,,,,,,,,,,T
2021,9/30/21,SGL33,SPRING TREATMENT,,28,3123,,WFM,,,,,,,,,,,,,,,,,,,,T
2021,9/30/21,SGL33,SUMMER CONTROL,,16,3130,,WFM,,,,,,,,,,,,,,,,,,,,C
2021,9/30/21,SGL33,SUMMER TREATMENT,,23,N/A,,NST,,,,,,,,,,,,,,,,,,,,T
2021,9/30/21,SGL33,SUMMER TREATMENT,,24,3165,N,WFM,F,JUV,35,21,14,1.3,,,,,,10,,,Y,N,,,,T
2021,9/30/21,SGL33,SUMMER TREATMENT,,3,BLUE178,,WFM,,,,,,,,,,,,,,,,,,,,T
2021,9/29/21,SGL176,FALL CONTROL,,9,3347,N,WFM,F,JUV,47,30,17,1.5,,,,,,0,,,N,N,,,,C
2021,9/29/21,SGL176,FALL CONTROL,,16,3326,N,WFM,M,AD,46,30,16,1.5,,,,,,3,,,Y,N,,,,C
2021,9/29/21,SGL176,FALL CONTROL,,7,3355,N,WFM,N/A (SEE NOTES),JUV,27,11,16,1.5,,,,,,2,,,Y,N,,,,C
2021,9/29/21,SGL176,FALL CONTROL,,15,3222,N,WFM,F,JUV,33,11,22,1.3,,,,,,1,,,Y,N,,,,C
2021,9/29/21,SGL176,FALL CONTROL,,3,3223,N,WFM,M,JUV,27,11,16,1,,,,,,0,,,Y,N,,,,C
2021,9/29/21,SGL176,FALL CONTROL,,4,3353,N,WFM,F,JUV,23,11,12,1,,,,,,2,,,Y,N,,,,C
2021,9/29/21,SGL176,FALL CONTROL,,17,GREEN210,,WFM,,,,,,,,,,,,,,,,,,,,C
2021,9/29/21,SGL176,FALL CONTROL,,21,3325,,WFM,,,,,,,,,,,,,,,,,,,,C
2021,9/29/21,SGL176,FALL TREATMENT,,18,3400,N,WFM,M,AD,42,26,16,1.5,,,,,,8,,,Y,N,,,,T
2021,9/29/21,SGL176,FALL TREATMENT,,20,3399,N,WFM,F,JUV,22,11,11,1.5,,,,,,0,,,Y,N,,,,T
2021,9/29/21,SGL176,FALL TREATMENT,,26,3346,N,WFM,M,JUV,37,29,8,1.4,,,,,,7,,,N,N,,,,T
2021,9/29/21,SGL176,FALL TREATMENT,,1,RED362,Y,WFM,M,AD,36,12,24,1.3,,,,,,8,,,Y,N,,,,T
2021,9/29/21,SGL176,FALL TREATMENT,,27,3294,N,WFM,M,JUV,29,15,14,1.1,,,,,,5,,,Y,Y,,,,T
2021,9/29/21,SGL176,FALL TREATMENT,,8,BLUE177,,WFM,,,,,,,,,,,,,,,,,,,,T
2021,9/29/21,SGL176,FALL TREATMENT,,10,GREEN219,,WFM,,,,,,,,,,,,,,,,,,,,T
2021,9/29/21,SGL176,FALL TREATMENT,,22,BLUE194,,WFM,,,,,,,,,,,,,,,,,,,,T
2021,9/29/21,SGL176,FALL TREATMENT,,25,3313,,WFM,,,,,,,,,,,,,,,,,,,,T
2021,9/29/21,SGL176,SPRING CONTROL,,15,3352,N,WFM,M,AD,54,30,24,,,,,,,8,,,N,N,,,,C
2021,9/29/21,SGL176,SPRING CONTROL,,10,3354,N,WFM,F,JUV,47,39,8,1.5,,,,,,2,,,Y,N,,,,C
2021,9/29/21,SGL176,SPRING CONTROL,,9,BLACK345,Y,WFM,M,AD,45,11,34,1.4,,,,,,3,,,Y,Y,,,,C
2021,9/29/21,SGL176,SPRING CONTROL,,25,3356,N,WFM,M,AD,64,51,13,1.3,,,,,,10,,,Y,N,,,,C
2021,9/29/21,SGL176,SPRING CONTROL,,11,3398,N,WFM,F,JUV,61,49,12,1.3,,,,,,2,,,N,N,,,,C
2021,9/29/21,SGL176,SPRING CONTROL,,3,3351,N,WFM,F,JUV,52,40,12,1.3,,,,,,7,,,N,N,,,,C
2021,9/29/21,SGL176,SPRING CONTROL,,7,BLACK329,,WFM,,,,,,,,,,,,,,,,,,,,C
2021,9/29/21,SGL176,SPRING CONTROL,,19,3324,,WFM,,,,,,,,,,,,,,,,,,,,C
2021,9/29/21,SGL176,SPRING CONTROL,,21,3306,,WFM,,,,,,,,,,,,,,,,,,,,C
2021,9/29/21,SGL176,SPRING TREATMENT,,11,3308,,WFM,,,,,,,,,,,,,,,,,,,,T
2021,9/29/21,SGL176,SUMMER CONTROL,,25,RED335,Y,WFM,M,AD,32,11,21,1.5,,,,,,8,,,N,N,,,,C
2021,9/29/21,SGL176,SUMMER CONTROL,,29,3348,N,WFM,F,AD,,,,1.5,,,,,,2,,,N,N,,,,C
2021,9/29/21,SGL176,SUMMER CONTROL,,22,3349,N,WFM,M,JUV,44,27,17,1,,,,,,0,,,Y,N,,,,C
2021,9/29/21,SGL176,SUMMER CONTROL,,8,3309,,WFM,,,,,,,,,,,,,,,,,,,,C
2021,9/29/21,SGL176,SUMMER CONTROL,,9,3312,,WFM,,,,,,,,,,,,,,,,,,,,C
2021,9/29/21,SGL176,SUMMER CONTROL,,10,BLACK275,,WFM,,,,,,,,,,,,,,,,,,,,C
2021,9/29/21,SGL176,SUMMER CONTROL,,11,3310,,WFM,,,,,,,,,,,,,,,,,,,,C
2021,9/29/21,SGL176,SUMMER CONTROL,,16,RED319,,WFM,,,,,,,,,,,,,,,,,,,,C
2021,9/29/21,SGL176,SUMMER TREATMENT,,15,3392,N,WFM,F,AD,50,30,20,1.5,,,,,,0,,,Y,N,,,,T
2021,9/29/21,SGL176,SUMMER TREATMENT,,20,GREEN216,Y,WFM,M,AD,34,12,22,1.2,,,,,,0,,,Y,N,,,,T
2021,9/29/21,SGL176,SUMMER TREATMENT,,2,3226,N,WFM,F,JUV,27,10,17,1.2,,,,,,0,,,Y,N,,,,T
2021,9/29/21,SGL176,SUMMER TREATMENT,,25,3224,N,WFM,M,JUV,27,10,17,1.2,,,,,,2,,,Y,N,,,,T
2021,9/29/21,SGL176,SUMMER TREATMENT,,10,3273,N,WFM,F,JUV,21,11,10,1,,,,,,0,,,Y,N,,,,T
2021,9/29/21,SGL176,SUMMER TREATMENT,,3,GREEN202,,WFM,,,,,,,,,,,,,,,,,,,,T
2021,9/29/21,SGL176,SUMMER TREATMENT,,5,RED357,,WFM,,,,,,,,,,,,,,,,,,,,T
2021,9/29/21,SGL176,SUMMER TREATMENT,,6,RED374,,WFM,,,,,,,,,,,,,,,,,,,,T
2021,9/29/21,SGL176,SUMMER TREATMENT,,8,3227,,WFM,,,,,,,,,,,,,,,,,,,,T
2021,9/29/21,SGL176,SUMMER TREATMENT,,13,3302,,WFM,,,,,,,,,,,,,,,,,,,,T
2021,9/29/21,SGL176,SUMMER TREATMENT,,16,3311,,WFM,,,,,,,,,,,,,,,,,,,,T
2021,9/29/21,SGL176,SUMMER TREATMENT,,27,RED302,,WFM,,,,,,,,,,,,,,,,,,,,T
2021,9/29/21,SGL33,FALL CONTROL,,1,N/A,,MV,,,,,,,,,,,,,,,,,,,,C
2021,9/29/21,SGL33,FALL CONTROL,,13,N/A,,NST,,,,,,,,,,,,,,,,,,,,C
2021,9/29/21,SGL33,FALL CONTROL,,18,N/A,,NST,,,,,,,,,,,,,,,,,,,,C
2021,9/29/21,SGL33,FALL CONTROL,,25,BLUE126,Y,WFM,M,AD,50,26,24,1.5,,,,,,15,,,N,N,,,,C
2021,9/29/21,SGL33,FALL CONTROL,,24,3106,N,WFM,M,JUV,29,15,14,1.3,,,,,,7,,,Y,N,,,,C
2021,9/29/21,SGL33,FALL CONTROL,,16,GREEN231,,WFM,,,,,,,,,,,,,,,,,,,,C
2021,9/29/21,SGL33,FALL CONTROL,,21,BLUE119,,WFM,,,,,,,,,,,,,,,,,,,,C
2021,9/29/21,SGL33,FALL CONTROL,,30,3128,,WFM,,,,,,,,,,,,,,,,,,,,C
2021,9/29/21,SGL33,FALL TREATMENT,,3,BLUE150,Y,WFM,F,AD,39,9,30,1.7,,,,,,0,,,Y,Y,,,,T
2021,9/29/21,SGL33,FALL TREATMENT,,27,3111,N,WFM,M,AD,45,26,19,1.5,,,,,,5,,,Y,Y,,,,T
2021,9/29/21,SGL33,FALL TREATMENT,,10,3115,N,WFM,M,JUV,30,14,16,1.5,,,,,,3,,,Y,N,,,,T
2021,9/29/21,SGL33,FALL TREATMENT,,15,3108,N,WFM,M,AD,39.5,21.5,18,1.3,,,,,,0,,,Y,N,,,,T
2021,9/29/21,SGL33,FALL TREATMENT,,25,3105,N,WFM,M,JUV,44,27,17,1.25,,,,,,3,,,Y,N,,,,T
2021,9/29/21,SGL33,FALL TREATMENT,,22,3113,N,WFM,M,JUV,26,12.5,13.5,0.8,,,,,,5,,,Y,N,,,,T
2021,9/29/21,SGL33,FALL TREATMENT,,4,3103,,WFM,,,,,,,,,,,,,,,,,,,,T
2021,9/29/21,SGL33,FALL TREATMENT,,29,3123,,WFM,,,,,,,,,,,,,,,,,,,,T
2021,9/29/21,SGL33,SPRING CONTROL,,8,3159,N,WFM,M,AD,53,33,20,1.6,,,,,,25,,,Y,N,,,,C
2021,9/29/21,SGL33,SPRING CONTROL,,27,3110,N,WFM,F,AD,60,26,34,1.5,,,,,,5,,,N,N,,,,C
2021,9/29/21,SGL33,SPRING CONTROL,,17,3046,N,WFM,F,AD,56,32,24,1.5,,,,,,11,,,Y,N,,,,C
2021,9/29/21,SGL33,SPRING CONTROL,,20,3109,N,WFM,F,JUV,39,27,12,1.3,,,,,,8,,,Y,N,,,,C
2021,9/29/21,SGL33,SPRING CONTROL,,30,GREEN268,,WFM,,,,,,,,,,,,,,,,,,,,C
2021,9/29/21,SGL33,SPRING TREATMENT,,21,N/A,,MOLE,,,,,,,,,,,,,,,,,,,,T
2021,9/29/21,SGL33,SPRING TREATMENT,,23,BLACK444,Y,WFM,M,AD,54,30,24,1.7,,,,,,1,,,Y,Y,,,,T
2021,9/29/21,SGL33,SPRING TREATMENT,,24,3175,N,WFM,F,AD,,,35,1.4,,,,,,2,,,Y,Y,,,,T
2021,9/29/21,SGL33,SPRING TREATMENT,,2,3158,N,WFM,M,JUV,56,36,20,1.4,,,,,,0,,,Y,Y,,,,T
2021,9/29/21,SGL33,SPRING TREATMENT,,6,GREEN278,,WFM,,,,,,,,,,,,,,,,,,,,T
2021,9/29/21,SGL33,SPRING TREATMENT,,7,3029,,WFM,,,,,,,,,,,,,,,,,,,,T
2021,9/29/21,SGL33,SPRING TREATMENT,,14,3102,,WFM,,,,,,,,,,,,,,,,,,,,T
2021,9/29/21,SGL33,SPRING TREATMENT,,20,3149,,WFM,,,,,,,,,,,,,,,,,,,,T
2021,9/29/21,SGL33,SUMMER CONTROL,,21,3130,,WFM,,,,,,,,,,,,,,,,,,,,C
2021,9/29/21,SGL33,SUMMER TREATMENT,,23,N/A,,NST,,,,,,,,,,,,,,,,,,,,T
2021,9/29/21,SGL33,SUMMER TREATMENT,,26,3114,N,WFM,F,JUV,24.5,11.5,13,1.4,,,,,,3,,,Y,N,,,,T
2021,9/29/21,SGL33,SUMMER TREATMENT,,1,3107,N,WFM,F,AD,63,39,24,1.3,,,,,,0,,,Y,Y,,,,T
2021,9/29/21,SGL33,SUMMER TREATMENT,,25,3045,N,WFM,M,AD,50,27.5,22.5,1.3,,,,,,4,,,Y,Y,,,,T
2021,9/28/21,SGL176,FALL CONTROL,,18,3325,N,WFM,F,AD,35,8,27,,,,,,,2,,,Y,N,,,,C
2021,9/28/21,SGL176,FALL CONTROL,,3,3204,N,WFM,F,AD,33,10,23,1.5,,,,,,4,,,Y,N,,,,C
2021,9/28/21,SGL176,FALL CONTROL,,24,3173,N,WFM,M,AD,41,19,22,1.5,,,,,,5,,,Y,Y,,,,C
2021,9/28/21,SGL176,FALL CONTROL,,29,3174,N,WFM,F,AD,35,20,15,1.5,,,,,,3,,,Y,Y,,,,C
2021,9/28/21,SGL176,FALL CONTROL,,21,3152,N,WFM,M,JUV,46,29,17,1.4,,,,,,0,,,Y,N,,,,C
2021,9/28/21,SGL176,FALL CONTROL,,14,GREEN210,N,WFM,F,AD,,,,,,,,,,7,,,N,N,,,,C
2021,9/28/21,SGL176,FALL TREATMENT,,30,3313,N,WFM,F,AD,41,13,28,,,,,,,0,,,Y,N,,,,T
2021,9/28/21,SGL176,FALL TREATMENT,,6,GREEN219,Y,WFM,F,AD,43,14,29,1.5,,,,,,2,,,Y,N,,,,T
2021,9/28/21,SGL176,FALL TREATMENT,,29,BLUE194,Y,WFM,M,AD,40,12,28,1.5,,,,,,1,,,N,Y,,,,T
2021,9/28/21,SGL176,FALL TREATMENT,,13,RED364,Y,WFM,F,AD,33,8,25,1.5,,,,,,6,,,N,N,,,,T
2021,9/28/21,SGL176,FALL TREATMENT,,18,BLACK214,Y,WFM,F,AD,39,15,24,1.5,,,,,,3,,,N,N,,,,T
2021,9/28/21,SGL176,FALL TREATMENT,,16,RED419,Y,WFM,M,AD,34,14,20,1.5,,,,,,3,,,Y,N,,,,T
2021,9/28/21,SGL176,FALL TREATMENT,,23,3295,N,WFM,F,JUV,28,13,15,1.4,,,,,,3,,,Y,N,,,,T
2021,9/28/21,SGL176,FALL TREATMENT,,26,BLUE177,Y,WFM,M,AD,36,17,19,1.3,,,,,,2,,,N,N,,,,T
2021,9/28/21,SGL176,SPRING CONTROL,,10,N/A,,JM,,,,,,,,,,,,,,,,,,,,C
2021,9/28/21,SGL176,SPRING CONTROL,,20,3297,N,WFM,M,AD,35,15,20,,,,,,,25,,,N,N,,,,C
2021,9/28/21,SGL176,SPRING CONTROL,,27,RED327,Y,WFM,F,AD,55,35,20,1.7,,,,,,7,,,Y,Y,,,,C
2021,9/28/21,SGL176,SPRING CONTROL,,28,BLACK309,Y,WFM,M,AD,40,13,27,1.6,,,,,,2,,,N,N,,,,C
2021,9/28/21,SGL176,SPRING CONTROL,,17,3156,N,WFM,M,AD,34,20,14,1.5,,,,,,3,,,N,N,,,,C
2021,9/28/21,SGL176,SPRING CONTROL,,21,3290,N,WFM,F,AD,,,,1.5,,,,,,2,,,N,N,,,,C
2021,9/28/21,SGL176,SPRING CONTROL,,1,3324,N,WFM,F,AD,40,11,29,1.4,,,,,,8,,,Y,N,,,,C
2021,9/28/21,SGL176,SPRING CONTROL,,3,BLACK329,Y,WFM,M,AD,40,11,29,1.4,,,,,,1,,,Y,N,,,,C
2021,9/28/21,SGL176,SPRING CONTROL,,24,3203,N,WFM,M,AD,39,12,27,1.4,,,,,,27,,,Y,N,,,,C
2021,9/28/21,SGL176,SPRING CONTROL,,22,3306,N,WFM,M,AD,36,9,27,1.2,,,,,,17,,,Y,N,,,,C
2021,9/28/21,SGL176,SPRING CONTROL,,14,3314,N,WFM,F,AD,,,,,,,,,,11,,,N,N,,,,C
2021,9/28/21,SGL176,SPRING CONTROL,,9,BLUE169,Y,WFM,F,AD,,,,,,,,,,6,,,N,N,,,,C
2021,9/28/21,SGL176,SPRING TREATMENT,,10,3308,N,WFM,F,AD,35,11,24,,,,,,,0,,,Y,N,,,,T
2021,9/28/21,SGL176,SPRING TREATMENT,,5,RED456,Y,WFM,M,AD,39,15,24,1.5,,,,,,0,,,N,N,,,,T
2021,9/28/21,SGL176,SPRING TREATMENT,,15,3301,N,WFM,M,AD,35,11,24,1.5,,,,,,0,,,N,N,,,,T
2021,9/28/21,SGL176,SPRING TREATMENT,,23,3154,N,WFM,F,AD,33,11,22,1.5,,,,,,0,,,Y,Y,,,,T
2021,9/28/21,SGL176,SPRING TREATMENT,,3,3248,N,WFM,M,AD,34,14,20,1.4,,,,,,0,,,Y,N,,,,T
2021,9/28/21,SGL176,SPRING TREATMENT,,22,BLUE162,Y,WFM,M,AD,,,,,,,,,,0,,,N,N,,,,T
2021,9/28/21,SGL176,SUMMER CONTROL,,16,3310,N,WFM,F,AD,47,20,27,,,,,,,4,,,Y,N,,,,C
2021,9/28/21,SGL176,SUMMER CONTROL,,3,RED332,Y,WFM,M,AD,35,15,20,1.6,,,,,,2,,,N,N,,,,C
2021,9/28/21,SGL176,SUMMER CONTROL,,19,GREEN215,Y,WFM,F,AD,32,,,1.6,,,,,,0,,,Y,Y,,,,C
2021,9/28/21,SGL176,SUMMER CONTROL,,11,BLACK275,Y,WFM,M,AD,45,20,25,1.5,,,,,,12,,,N,N,,,,C
2021,9/28/21,SGL176,SUMMER CONTROL,,15,RED319,Y,WFM,M,AD,34,11,23,1.5,,,,,,18,,,N,N,,,,C
2021,9/28/21,SGL176,SUMMER CONTROL,,13,3300,N,WFM,F,AD,45,16,29,1.4,,,,,,19,,,Y,N,,,,C
2021,9/28/21,SGL176,SUMMER CONTROL,,18,BLUE163,Y,WFM,M,AD,33,8,25,1.3,,,,,,9,,,N,N,,,,C
2021,9/28/21,SGL176,SUMMER CONTROL,,30,3225,N,WFM,M,AD,38,18,20,1.3,,,,,,1,,,Y,N,,,,C
2021,9/28/21,SGL176,SUMMER CONTROL,,6,GREEN224,Y,WFM,M,AD,27,10,17,1.3,,,,,,0,,,Y,N,,,,C
2021,9/28/21,SGL176,SUMMER CONTROL,,25,3312,N,WFM,M,JUV,30,15,15,1.3,,,,,,9,,,Y,N,,,,C
2021,9/28/21,SGL176,SUMMER CONTROL,,23,3309,N,WFM,F,AD,40,12,28,1.2,,,,,,2,,,Y,N,,,,C
2021,9/28/21,SGL176,SUMMER CONTROL,,2,3202,N,WFM,M,AD,,,,,,,,,,7,,,Y,Y,,,,C
2021,9/28/21,SGL176,SUMMER CONTROL,,1,3305,N,WFM,M,AD,,,,,,,,,,2,,,N,N,,,,C
2021,9/28/21,SGL176,SUMMER TREATMENT,,18,3311,N,WFM,M,AD,46,17,29,,,,,,,0,,,Y,N,,,,T
2021,9/28/21,SGL176,SUMMER TREATMENT,,2,RED379,Y,WFM,M,AD,35,18,17,1.9,,,,,,0,,,N,N,,,,T
2021,9/28/21,SGL176,SUMMER TREATMENT,,25,GREEN202,Y,WFM,F,AD,39,9,30,1.5,,,,,,0,,,N,N,,,,T
2021,9/28/21,SGL176,SUMMER TREATMENT,,10,BLUE159,Y,WFM,M,AD,40,15,25,1.5,,,,,,0,,,Y,N,,,,T
2021,9/28/21,SGL176,SUMMER TREATMENT,,3,RED357,Y,WFM,M,AD,31,14,17,1.5,,,,,,0,,,N,Y,,,,T
2021,9/28/21,SGL176,SUMMER TREATMENT,,28,RED302,Y,WFM,F,AD,38,12,26,1.4,,,,,,0,,,N,N,,,,T
2021,9/28/21,SGL176,SUMMER TREATMENT,,16,3303,N,WFM,F,AD,40,17,23,1.4,,,,,,0,,,Y,N,,,,T
2021,9/28/21,SGL176,SUMMER TREATMENT,,6,3299,N,WFM,F,AD,39,17,22,1.4,,,,,,7,,,Y,N,,,,T
2021,9/28/21,SGL176,SUMMER TREATMENT,,5,RED374,Y,WFM,M,AD,36,14,22,1.4,,,,,,0,,,N,N,,,,T
2021,9/28/21,SGL176,SUMMER TREATMENT,,14,3302,N,WFM,M,AD,33,14,19,1.4,,,,,,0,,,Y,N,,,,T
2021,9/28/21,SGL176,SUMMER TREATMENT,,20,BLUE133,Y,WFM,F,AD,45,20,25,1.3,,,,,,0,,,N,N,,,,T
2021,9/28/21,SGL176,SUMMER TREATMENT,,29,3227,N,WFM,M,JUV,34,16,18,1.1,,,,,,1,,,Y,N,,,,T
2021,9/28/21,SGL33,FALL CONTROL,,17,N/A,,NST,,,,,,,,,,,,,,,,,,,,C
2021,9/28/21,SGL33,FALL CONTROL,,15,GREEN231,Y,WFM,F,AD,43,9,34,1.6,,,,,,6,,,N,N,,,,C
2021,9/28/21,SGL33,FALL CONTROL,,22,BLUE119,Y,WFM,F,AD,34,9,25,1.6,,,,,,12,,,Y,N,,,,C
2021,9/28/21,SGL33,FALL CONTROL,,30,3127,N,WFM,M,AD,50,27,23,1.5,,,,,,6,,,Y,N,,,,C
2021,9/28/21,SGL33,FALL CONTROL,,7,RED406,Y,WFM,M,AD,51,29,22,1.5,,,,,,10,,,N,N,,,,C
2021,9/28/21,SGL33,FALL CONTROL,,27,3218,N,WFM,F,AD,27,9,18,1.5,,,,,,10,,,Y,N,,,,C
2021,9/28/21,SGL33,FALL TREATMENT,,30,3123,N,WFM,M,AD,27,9,18,,,,,,,6,,,Y,N,,,,T
2021,9/28/21,SGL33,FALL TREATMENT,,8,3103,N,WFM,F,JUV,24,9,15,,,,,,,5,,,N,N,,,,T
2021,9/28/21,SGL33,SPRING CONTROL,,30,GREEN268,Y,WFM,F,AD,42,12,30,1.5,,,,,,8,,,Y,N,,,,C
2021,9/28/21,SGL33,SPRING CONTROL,,28,BLUE116,Y,WFM,M,AD,34,9,25,1.5,,,,,,22,,,Y,Y,,,,C
2021,9/28/21,SGL33,SPRING CONTROL,,25,3216,N,WFM,M,AD,52,26,26,1,,,,,,4,,,Y,N,,,,C
2021,9/28/21,SGL33,SPRING TREATMENT,,8,N/A,,MOLE,,,,,,,,,,,,,,,,,,,,T
2021,9/28/21,SGL33,SPRING TREATMENT,,29,N/A,,MV,,,,,,,,,,,,,,,,,,,,T
2021,9/28/21,SGL33,SPRING TREATMENT,,14,3102,N,WFM,F,AD,36,9,27,,,,,,,0,,,Y,N,,,,T
2021,9/28/21,SGL33,SPRING TREATMENT,,18,3149,N,WFM,M,AD,49,16,33,1.5,,,,,,3,,,N,N,,,,T
2021,9/28/21,SGL33,SPRING TREATMENT,,7,GREEN278,N,WFM,F,AD,51,30,21,1.5,,,,,,0,,,N,N,,,,T
2021,9/28/21,SGL33,SPRING TREATMENT,,2,GREEN209,Y,WFM,M,AD,46,25,21,1.5,,,,,,1,,,Y,Y,,,,T
2021,9/28/21,SGL33,SPRING TREATMENT,,5,3029,N,WFM,M,AD,44,25,19,1.5,,,,,,3,,,Y,N,,,,T
2021,9/28/21,SGL33,SUMMER CONTROL,,15,3148,N,WFM,F,AD,34,12,22,,,,,,,3,,,Y,N,,,,C
2021,9/28/21,SGL33,SUMMER CONTROL,,26,3130,N,WFM,M,AD,26,9,17,1.5,,,,,,4,,,Y,N,,,,C
2021,9/28/21,SGL33,SUMMER TREATMENT,,4,BLUE178,Y,WFM,M,AD,28,8,20,,,,,,,0,,,Y,N,,,,T
2021,8/6/21,SGL176,FALL CONTROL,,18,RED384,N,WFM,M,JUV,27,9,18,1.75,,,,,,15,,,Y,N,,,,C
2021,8/6/21,SGL176,FALL CONTROL,,26,BLUE160,,WFM,,,,,,,,,,,,,,,,,,,,C
2021,8/6/21,SGL176,FALL CONTROL,,7,BLUE167,,WFM,,,,,,,,,,,,,,,,,,,,C
2021,8/6/21,SGL176,FALL CONTROL,,6,BLUE194,,WFM,,,,,,,,,,,,,,,,,,,,C
2021,8/6/21,SGL176,FALL CONTROL,,13,GREEN?,,WFM,,,,,,,,,,,,,,,,,,,,C
2021,8/6/21,SGL176,FALL CONTROL,,21,GREEN205,,WFM,,,,,,,,,,,,,,,,,,,,C
2021,8/6/21,SGL176,FALL CONTROL,,2,GREEN210,,WFM,,,,,,,,,,,,,,,,,,,,C
2021,8/6/21,SGL176,FALL CONTROL,,3,GREEN211,,WFM,,,,,,,,,,,,,,,,,,,,C
2021,8/6/21,SGL176,FALL CONTROL,,12,RED358,,WFM,,,,,,,,,,,,,,,,,,,,C
2021,8/6/21,SGL176,FALL CONTROL,,19,RED413,,WFM,,,,,,,,,,,,,,,,,,,,C
2021,8/6/21,SGL176,FALL TREATMENT,,22,BLACK322,N,WFM,F,AD,35,11,24,1.6,,,,,,2,,,Y,N,,,,T
2021,8/6/21,SGL176,FALL TREATMENT,,15,BLACK389,N,WFM,F,AD,30,9,21,1.6,,,,,,6,,,Y,Y,,,,T
2021,8/6/21,SGL176,FALL TREATMENT,,9,BLACK397,N,WFM,M,AD,25,8,17,1.3,,,,,,13,,,Y,N,,,,T
2021,8/6/21,SGL176,FALL TREATMENT,,6,BLUE117,,WFM,,,,,,,,,,,,,,,,,,,,T
2021,8/6/21,SGL176,FALL TREATMENT,,22,GREEN204,,WFM,,,,,,,,,,,,,,,,,,,,T
2021,8/6/21,SGL176,FALL TREATMENT,,1,RED352,,WFM,,,,,,,,,,,,,,,,,,,,T
2021,8/6/21,SGL176,FALL TREATMENT,,5,GREEN217,,WFM,,,,,,,,,,,,,,,,,,,,T
2021,8/6/21,SGL176,SPRING CONTROL,,28,BLACK309,N,WFM,M,AD,37,12,25,1.6,,,,,,3,,,Y,Y,,,,C
2021,8/6/21,SGL176,SPRING CONTROL,,29,BLACK355,N,WFM,M,AD,35,12,23,1.6,,,,,,0,,,Y,N,,,,C
2021,8/6/21,SGL176,SPRING CONTROL,,8,BLACK345,N,WFM,M,AD,52,29,23,1.5,,,,,,8,,,Y,Y,,,,C
2021,8/6/21,SGL176,SPRING CONTROL,,3,BLACK329,N,WFM,M,AD,30,12,18,1.5,,,,,,4,,,Y,Y,,,,C
2021,8/6/21,SGL176,SPRING CONTROL,,18,RED394,N,WFM,M,AD,31.5,15,16.5,1.5,,,,,,33,,,Y,Y,,,,C
2021,8/6/21,SGL176,SPRING CONTROL,,10,RED333,N,WFM,M,JUV,20,13,7,1.25,,,,,,10,,,N,N,,,,C
2021,8/6/21,SGL176,SPRING CONTROL,,25,BLACK290,,WFM,,,,,,,,,,,,,,,,,,,,C
2021,8/6/21,SGL176,SPRING CONTROL,,26,BLACK296,,WFM,,,,,,,,,,,,,,,,,,,,C
2021,8/6/21,SGL176,SPRING CONTROL,,11,BLUE153,,WFM,,,,,,,,,,,,,,,,,,,,C
2021,8/6/21,SGL176,SPRING CONTROL,,15,BLUE156,,WFM,,,,,,,,,,,,,,,,,,,,C
2021,8/6/21,SGL176,SPRING CONTROL,,4,BLUE157,,WFM,,,,,,,,,,,,,,,,,,,,C
2021,8/6/21,SGL176,SPRING CONTROL,,21,BLUE171,,WFM,,,,,,,,,,,,,,,,,,,,C
2021,8/6/21,SGL176,SPRING CONTROL,,30,RED327,,WFM,,,,,,,,,,,,,,,,,,,,C
2021,8/6/21,SGL176,SPRING TREATMENT,,15,N/A,,NST,,,,,,,,,,,,,,,,,,,,T
2021,8/6/21,SGL176,SPRING TREATMENT,,10,BLACK104,,WFM,,,,,,,,,,,,,,,,,,,,T
2021,8/6/21,SGL176,SPRING TREATMENT,,3,BLUE199,,WFM,,,,,,,,,,,,,,,,,,,,T
2021,8/6/21,SGL176,SPRING TREATMENT,,6,RED400,,WFM,,,,,,,,,,,,,,,,,,,,T
2021,8/6/21,SGL176,SPRING TREATMENT,,7,RED456,,WFM,,,,,,,,,,,,,,,,,,,,T
2021,8/6/21,SGL176,SUMMER CONTROL,,24,N/A,,MV,,,,,,,,,,,,,,,,,,,,C
2021,8/6/21,SGL176,SUMMER CONTROL,,3,BLACK344,N,WFM,F,AD,30,15,15,1.8,,,,,,8,,,Y,Y,,,,C
2021,8/6/21,SGL176,SUMMER CONTROL,,27,BLACK304,N,WFM,M,AD,31,12,19,1.6,,,,,,5,,,N,N,,,,C
2021,8/6/21,SGL176,SUMMER CONTROL,,23,RED354,N,WFM,M,AD,31,13,18,1.6,,,,,,1,,,N,N,,,,C
2021,8/6/21,SGL176,SUMMER CONTROL,,12,BLACK275,Y,WFM,M,AD,35,9,26,1.5,,,,,,28,,,Y,Y,,,,C
2021,8/6/21,SGL176,SUMMER CONTROL,,29,RED335,N,WFM,M,AD,32,13,19,1.5,,,,,,3,,1,Y,Y,,,,C
2021,8/6/21,SGL176,SUMMER CONTROL,,8,BLACK321,N,WFM,M,AD,35,17,18,1.4,,,,,,18,,,Y,N,,,,C
2021,8/6/21,SGL176,SUMMER CONTROL,,21,BLUE163,,WFM,,,,,,,,,,,,,,,,,,,,C
2021,8/6/21,SGL176,SUMMER CONTROL,,15,BLUE165,,WFM,,,,,,,,,,,,,,,,,,,,C
2021,8/6/21,SGL176,SUMMER CONTROL,,25,GREEN209,,WFM,,,,,,,,,,,,,,,,,,,,C
2021,8/6/21,SGL176,SUMMER CONTROL,,30,RED308,,WFM,,,,,,,,,,,,,,,,,,,,C
2021,8/6/21,SGL176,SUMMER CONTROL,,14,RED319,,WFM,,,,,,,,,,,,,,,,,,,,C
2021,8/6/21,SGL176,SUMMER CONTROL,,2,RED332,,WFM,,,,,,,,,,,,,,,,,,,,C
2021,8/6/21,SGL176,SUMMER CONTROL,,7,RED369,,WFM,,,,,,,,,,,,,,,,,,,,C
2021,8/6/21,SGL176,SUMMER TREATMENT,,5,RED357,N,WFM,M,AD,38,12,26,1.6,,,,,,8,,,Y,Y,,,,T
2021,8/6/21,SGL176,SUMMER TREATMENT,,26,BLACK370,N,WFM,M,AD,34,13,21,1.4,,,,,,13,,,Y,Y,,,,T
2021,8/6/21,SGL176,SUMMER TREATMENT,,2,RED379,N,WFM,M,AD,46,27,19,1.4,,,,,,42,,,Y,Y,,,,T
2021,8/6/21,SGL176,SUMMER TREATMENT,,14,RED324,N,WFM,M,AD,42,15,27,1.3,,,,,,1,,,Y,Y,,,,T
2021,8/6/21,SGL176,SUMMER TREATMENT,,29,BLACK399,N,WFM,M,AD,36,13,23,1.3,,,,,,14,,,Y,Y,,,,T
2021,8/6/21,SGL176,SUMMER TREATMENT,,7,BLACK334,N,WFM,M,AD,33,12,21,1.2,,,,,,20,,,Y,Y,,,,T
2021,8/6/21,SGL176,SUMMER TREATMENT,,27,BLACK222,,WFM,,,,,,,,,,,,,,,,,,,,T
2021,8/6/21,SGL176,SUMMER TREATMENT,,19,BLUE133,,WFM,,,,,,,,,,,,,,,,,,,,T
2021,8/6/21,SGL176,SUMMER TREATMENT,,9,BLUE159,,WFM,,,,,,,,,,,,,,,,,,,,T
2021,8/6/21,SGL176,SUMMER TREATMENT,,21,GREEN202,,WFM,,,,,,,,,,,,,,,,,,,,T
2021,8/6/21,SGL176,SUMMER TREATMENT,,24,GREEN224,,WFM,,,,,,,,,,,,,,,,,,,,T
2021,8/6/21,SGL176,SUMMER TREATMENT,,28,RED302,,WFM,,,,,,,,,,,,,,,,,,,,T
2021,8/6/21,SGL176,SUMMER TREATMENT,,4,RED322,,WFM,,,,,,,,,,,,,,,,,,,,T
2021,8/6/21,SGL176,SUMMER TREATMENT,,3,RED351,,WFM,,,,,,,,,,,,,,,,,,,,T
2021,8/6/21,SGL176,SUMMER TREATMENT,,10,RED374,,WFM,,,,,,,,,,,,,,,,,,,,T
2021,8/6/21,SGL176,SUMMER TREATMENT,,17,RED395,,WFM,,,,,,,,,,,,,,,,,,,,T
2021,8/6/21,SGL176,SUMMER TREATMENT,,6,RED423,,WFM,,,,,,,,,,,,,,,,,,,,T
2021,8/6/21,SGL33,FALL CONTROL,,16,GREEN231,N,WFM,F,AD,60,35,25,1.5,,,,,,16,,,Y,N,,,,C
2021,8/6/21,SGL33,FALL CONTROL,,23,BLUE119,,WFM,,,,,,,,,,,,,,,,,,,,C
2021,8/6/21,SGL33,FALL CONTROL,,28,BLUE195,,WFM,,,,,,,,,,,,,,,,,,,,C
2021,8/6/21,SGL33,FALL CONTROL,,18,RED406,,WFM,,,,,,,,,,,,,,,,,,,,C
2021,8/6/21,SGL33,FALL TREATMENT,,23,GREEN247,N,WFM,M,AD,54,31,23,1.5,,,,,,0,,,Y,N,,,,T
2021,8/6/21,SGL33,FALL TREATMENT,,3,BLUE150,,WFM,,,,,,,,,,,,,,,,,,,,T
2021,8/6/21,SGL33,FALL TREATMENT,,2,BLUE164,,WFM,,,,,,,,,,,,,,,,,,,,T
2021,8/6/21,SGL33,FALL TREATMENT,,16,GREEN293,,WFM,,,,,,,,,,,,,,,,,,,,T
2021,8/6/21,SGL33,FALL TREATMENT,,20,RED366,,WFM,,,,,,,,,,,,,,,,,,,,T
2021,8/6/21,SGL33,SPRING CONTROL,,29,BLUE116,N,WFM,M,AD,35,10,25,1.5,,,,,,10,,,Y,Y,,,,C
2021,8/6/21,SGL33,SPRING CONTROL,,4,BLACK416,Y,WFM,M,AD,36,14,22,1.5,,,,,,8,,,N,Y,,,,C
2021,8/6/21,SGL33,SPRING CONTROL,,17,BLUE136,N,WFM,M,JUV,31,14,17,1.5,,,,,,12,,,Y,N,,,,C
2021,8/6/21,SGL33,SPRING CONTROL,,12,BLACK166,,WFM,,,,,,,,,,,,,,,,,,,,C
2021,8/6/21,SGL33,SPRING CONTROL,,7,BLACK193,,WFM,,,,,,,,,,,,,,,,,,,,C
2021,8/6/21,SGL33,SPRING CONTROL,,4,BLACK416,,WFM,,,,,,,,,,,,,,,,,,,,C
2021,8/6/21,SGL33,SPRING CONTROL,,19,GREEN235,,WFM,,,,,,,,,,,,,,,,,,,,C
2021,8/6/21,SGL33,SPRING TREATMENT,,3,BLUE124,,WFM,,,,,,,,,,,,,,,,,,,,T
2021,8/6/21,SGL33,SPRING TREATMENT,,1,GREEN278,,WFM,,,,,,,,,,,,,,,,,,,,T
2021,8/6/21,SGL33,SPRING TREATMENT,,9,GREEN290,,WFM,,,,,,,,,,,,,,,,,,,,T
2021,8/6/21,SGL33,SUMMER CONTROL,,26,GREEN289,,WFM,,,,,,,,,,,,,,,,,,,,C
2021,8/6/21,SGL33,SUMMER TREATMENT,,25,GREEN227,N,WFM,F,JUV,48,32,16,1.5,,,,,,5,,,Y,N,,,,T
2021,8/6/21,SGL33,SUMMER TREATMENT,,6,BLUE178,,WFM,,,,,,,,,,,,,,,,,,,,T
2021,8/5/21,SGL176,FALL CONTROL,,1,RED362,N,WFM,M,AD,54,29,25,1.5,,,,,,12,,,Y,N,,,,C
2021,8/5/21,SGL176,FALL CONTROL,,5,BLUE177,,WFM,,,,,,,,,,,,,,,,,,,,C
2021,8/5/21,SGL176,FALL CONTROL,,21,GREEN205,,WFM,,,,,,,,,,,,,,,,,,,,C
2021,8/5/21,SGL176,FALL CONTROL,,7,GREEN210,,WFM,,,,,,,,,,,,,,,,,,,,C
2021,8/5/21,SGL176,FALL CONTROL,,9,GREEN211,,WFM,,,,,,,,,,,,,,,,,,,,C
2021,8/5/21,SGL176,FALL TREATMENT,,13,RED352,N,WFM,F,AD,36,9,27,1.8,,,,,,1,,,N,N,,,,T
2021,8/5/21,SGL176,FALL TREATMENT,,6,GREEN221,N,WFM,M,AD,27,9,18,1.6,,,,,,4,,,Y,N,,,,T
2021,8/5/21,SGL176,FALL TREATMENT,,15,RED364,N,WFM,F,AD,33,10,23,1.4,,,,,,3,,,Y,N,,,,T
2021,8/5/21,SGL176,FALL TREATMENT,,8,GREEN213,,WFM,,,,,,,,,,,,,,,,,,,,T
2021,8/5/21,SGL176,FALL TREATMENT,,11,GREN217,,WFM,,,,,,,,,,,,,,,,,,,,T
2021,8/5/21,SGL176,FALL TREATMENT,,23,RED419,,WFM,,,,,,,,,,,,,,,,,,,,T
2021,8/5/21,SGL176,FALL TREATMENT,,5,RED446,,WFM,,,,,,,,,,,,,,,,,,,,T
2021,8/5/21,SGL176,SPRING CONTROL,,28,BLUE168,N,WFM,F,AD,43,17,26,1.6,,,,,,6,,,Y,N,,,,C
2021,8/5/21,SGL176,SPRING CONTROL,,26,BLACK290,,WFM,,,,,,,,,,,,,,,,,,,,C
2021,8/5/21,SGL176,SPRING CONTROL,,9,BLUE153,,WFM,,,,,,,,,,,,,,,,,,,,C
2021,8/5/21,SGL176,SPRING CONTROL,,15,BLUE156,,WFM,,,,,,,,,,,,,,,,,,,,C
2021,8/5/21,SGL176,SPRING CONTROL,,4,BLUE157,,WFM,,,,,,,,,,,,,,,,,,,,C
2021,8/5/21,SGL176,SPRING CONTROL,,8,BLUE169,,WFM,,,,,,,,,,,,,,,,,,,,C
2021,8/5/21,SGL176,SPRING TREATMENT,,8,RED400,N,WFM,F,AD,33,9,24,1.7,,,,,,2,,,Y,N,,,,T
2021,8/5/21,SGL176,SPRING TREATMENT,,27,BLACK283,,WFM,,,,,,,,,,,,,,,,,,,,T
2021,8/5/21,SGL176,SPRING TREATMENT,,3,BLACK295,,WFM,,,,,,,,,,,,,,,,,,,,T
2021,8/5/21,SGL176,SPRING TREATMENT,,20,BLUE162,,WFM,,,,,,,,,,,,,,,,,,,,T
2021,8/5/21,SGL176,SPRING TREATMENT,,4,BLUE199,,WFM,,,,,,,,,,,,,,,,,,,,T
2021,8/5/21,SGL176,SPRING TREATMENT,,6,RED456,,WFM,,,,,,,,,,,,,,,,,,,,T
2021,8/5/21,SGL176,SUMMER CONTROL,,5,RED339,N,WFM,F,AD,45,21,24,1.7,,,,,,23,,,Y,N,,,,C
2021,8/5/21,SGL176,SUMMER CONTROL,,2,RED332,N,WFM,M,AD,36,12,24,1.6,,,,,,6,,,Y,N,,,,C
2021,8/5/21,SGL176,SUMMER CONTROL,,6,BLACK202,Y,WFM,M,AD,46,16,30,1.5,,,,,,19,,,Y,Y,,,,C
2021,8/5/21,SGL176,SUMMER CONTROL,,7,RED369,N,WFM,F,AD,57,32,25,1.5,,,,,,5,,,Y,Y,,,,C
2021,8/5/21,SGL176,SUMMER CONTROL,,30,RED378,N,WFM,F,AD,54,29,25,1.5,,,,,,2,,,N,N,,,,C
2021,8/5/21,SGL176,SUMMER CONTROL,,24,GREEN209,N,WFM,M,AD,45,29,16,1.5,,,,,,3,,,Y,N,,,,C
2021,8/5/21,SGL176,SUMMER CONTROL,,21,GREEN215,N,WFM,F,JUV,27,12,15,1.3,,,,,,9,,,Y,Y,,,,C
2021,8/5/21,SGL176,SUMMER CONTROL,,18,BLUE163,,WFM,,,,,,,,,,,,,,,,,,,,C
2021,8/5/21,SGL176,SUMMER CONTROL,,22,BLUE165,,WFM,,,,,,,,,,,,,,,,,,,,C
2021,8/5/21,SGL176,SUMMER TREATMENT,,28,BLACK222,Y,WFM,M,AD,32,9,23,1.8,,,,,,3,,,Y,N,,,,T
2021,8/5/21,SGL176,SUMMER TREATMENT,,21,GREEN216,N,WFM,M,AD,36,13,23,1.6,,,,,,1,,,Y,Y,,,,T
2021,8/5/21,SGL176,SUMMER TREATMENT,,24,GREEN202,N,WFM,F,AD,35,17,18,1.5,,,,,,1,,,Y,Y,,,,T
2021,8/5/21,SGL176,SUMMER TREATMENT,,26,GREEN224,N,WFM,M,AD,31,12,19,1.4,,,,,,0,,,Y,Y,,,,T
2021,8/5/21,SGL176,SUMMER TREATMENT,,18,BLUE133,,WFM,,,,,,,,,,,,,,,,,,,,T
2021,8/5/21,SGL176,SUMMER TREATMENT,,22,BLUE152,,WFM,,,,,,,,,,,,,,,,,,,,T
2021,8/5/21,SGL176,SUMMER TREATMENT,,10,BLUE159,,WFM,,,,,,,,,,,,,,,,,,,,T
2021,8/5/21,SGL176,SUMMER TREATMENT,,15,BLUE174,,WFM,,,,,,,,,,,,,,,,,,,,T
2021,8/5/21,SGL176,SUMMER TREATMENT,,27,RED302,,WFM,,,,,,,,,,,,,,,,,,,,T
2021,8/5/21,SGL176,SUMMER TREATMENT,,5,RED322,,WFM,,,,,,,,,,,,,,,,,,,,T
2021,8/5/21,SGL176,SUMMER TREATMENT,,3,RED351,,WFM,,,,,,,,,,,,,,,,,,,,T
2021,8/5/21,SGL176,SUMMER TREATMENT,,20,RED395,,WFM,,,,,,,,,,,,,,,,,,,,T
2021,8/5/21,SGL176,SUMMER TREATMENT,,23,RED398,,WFM,,,,,,,,,,,,,,,,,,,,T
2021,8/5/21,SGL176,SUMMER TREATMENT,,7,RED423,,WFM,,,,,,,,,,,,,,,,,,,,T
2021,8/5/21,SGL33,FALL CONTROL,,29,BLUE195,,WFM,,,,,,,,,,,,,,,,,,,,C
2021,8/5/21,SGL33,FALL CONTROL,,16,RED406,,WFM,,,,,,,,,,,,,,,,,,,,C
2021,8/5/21,SGL33,FALL TREATMENT,,13,BLUE103,N,WFM,M,AD,42.5,17.5,25,,,,,,,0,,,Y,Y,,,,T
2021,8/5/21,SGL33,FALL TREATMENT,,20,GREEN299,N,WFM,M,JUV,30,16,14,1.5,,,,,,5,,,Y,N,,,,T
2021,8/5/21,SGL33,FALL TREATMENT,,3,BLUE150,,WFM,,,,,,,,,,,,,,,,,,,,T
2021,8/5/21,SGL33,FALL TREATMENT,,5,BLUE164,,WFM,,,,,,,,,,,,,,,,,,,,T
2021,8/5/21,SGL33,FALL TREATMENT,,17,GREEN293,,WFM,,,,,,,,,,,,,,,,,,,,T
2021,8/5/21,SGL33,FALL TREATMENT,,29,RED366,,WFM,,,,,,,,,,,,,,,,,,,,T
2021,8/5/21,SGL33,FALL TREATMENT,,25,RED393,,WFM,,,,,,,,,,,,,,,,,,,,T
2021,8/5/21,SGL33,SPRING CONTROL,,19,GREEN235,N,WFM,M,AD,36,18,18,1.5,,,,,,12,,,Y,Y,,,,C
2021,8/5/21,SGL33,SPRING CONTROL,,8,BLACK166,,WFM,,,,,,,,,,,,,,,,,,,,C
2021,8/5/21,SGL33,SPRING TREATMENT,,25,BLACK444,Y,WFM,M,AD,39,17,22,1.5,,,,,,1,,,Y,N,,,,T
2021,8/5/21,SGL33,SPRING TREATMENT,,7,BLUE124,N,WFM,M,AD,41,16.5,24.5,1.4,,,,,,11,,,Y,Y,,,,T
2021,8/5/21,SGL33,SPRING TREATMENT,,26,GREEN277,N,WFM,F,AD,34,14,20,1.4,,,,,,0,,,Y,Y,,,,T
2021,8/5/21,SGL33,SPRING TREATMENT,,1,GREEN278,,WFM,,,,,,,,,,,,,,,,,,,,T
2021,8/5/21,SGL33,SPRING TREATMENT,,3,GREEN290,,WFM,,,,,,,,,,,,,,,,,,,,T
2021,8/5/21,SGL33,SUMMER CONTROL,,23,GREEN289,,WFM,,,,,,,,,,,,,,,,,,,,C
2021,8/5/21,SGL33,SUMMER TREATMENT,,20,GREEN292,N,WFM,F,JUV,34,17,17,1.5,,,,,,4,,,Y,N,,,,T
2021,8/5/21,SGL33,SUMMER TREATMENT,,6,BLUE178,,WFM,,,,,,,,,,,,,,,,,,,,T
2021,8/4/21,SGL176,FALL CONTROL,,12,GREEN210,N,WFM,M,AD,35,16,19,1.75,,,,,,3,,,Y,Y,,,,C
2021,8/4/21,SGL176,FALL CONTROL,,23,GREEN205,N,WFM,M,JUV,35,12,23,1.5,,,,,,9,,,N,Y,,,,C
2021,8/4/21,SGL176,FALL CONTROL,,7,GREEN211,N,WFM,M,AD,28,11,17,1.5,,,,,,9,,,Y,N,,,,C
2021,8/4/21,SGL176,FALL CONTROL,,6,RED423,N,WFM,M,AD,,,,1.5,,,,,,18,,,Y,Y,,,,C
2021,8/4/21,SGL176,FALL CONTROL,,19,BLACK214,,WFM,,,,,,,,,,,,,,,,,,,,C
2021,8/4/21,SGL176,FALL CONTROL,,28,BLUE160,,WFM,,,,,,,,,,,,,,,,,,,,C
2021,8/4/21,SGL176,FALL TREATMENT,,14,GREEN217,N,WFM,M,AD,43,16,27,1.75,,,,,,0,,,N,N,,,,T
2021,8/4/21,SGL176,FALL TREATMENT,,27,GREEN204,N,WFM,M,AD,40,16,24,1.5,,,,,,2,,,Y,Y,,,,T
2021,8/4/21,SGL176,FALL TREATMENT,,4,GREEN213,N,WFM,M,AD,37,15,22,1.5,,,,,,10,,,Y,Y,,,,T
2021,8/4/21,SGL176,FALL TREATMENT,,1,RED446,N,WFM,F,AD,29,9,20,1.5,,,,,,36,,,Y,Y,,,,T
2021,8/4/21,SGL176,FALL TREATMENT,,3,GREEN219,N,WFM,F,AD,28,10,18,1.5,,,,,,4,,,Y,N,,,,T
2021,8/4/21,SGL176,FALL TREATMENT,,21,RED419,N,WFM,M,AD,35,11,24,1.4,,,,,,7,,,Y,Y,,,,T
2021,8/4/21,SGL176,SPRING CONTROL,,25,BLACK296,Y,WFM,F,AD,46,13,33,,,,,,,18,,,Y,N,,,,C
2021,8/4/21,SGL176,SPRING CONTROL,,29,RED327,N,WFM,F,AD,46,18,28,1.6,,,,,,4,,,Y,Y,,,,C
2021,8/4/21,SGL176,SPRING CONTROL,,14,BLACK191,Y,WFM,F,AD,50,24,26,1.4,,,,,,8,,,Y,N,,,,C
2021,8/4/21,SGL176,SPRING CONTROL,,22,BLUE171,N,WFM,F,AD,38,17,21,1.4,,,,,,14,,,Y,Y,,,,C
2021,8/4/21,SGL176,SPRING CONTROL,,8,BLUE169,N,WFM,F,AD,39,22,17,1.4,,,,,,10,,,Y,Y,,,,C
2021,8/4/21,SGL176,SPRING CONTROL,,30,BLACK290,,WFM,,,,,,,,,,,,,,,,,,,,C
2021,8/4/21,SGL176,SPRING CONTROL,,25,BLACK296,,WFM,,,,,,,,,,,,,,,,,,,,C
2021,8/4/21,SGL176,SPRING CONTROL,,11,BLUE153,,WFM,,,,,,,,,,,,,,,,,,,,C
2021,8/4/21,SGL176,SPRING CONTROL,,15,BLUE156,,WFM,,,,,,,,,,,,,,,,,,,,C
2021,8/4/21,SGL176,SPRING CONTROL,,5,BLUE157,,WFM,,,,,,,,,,,,,,,,,,,,C
2021,8/4/21,SGL176,SPRING TREATMENT,,6,RED456,N,WFM,M,AD,33,11,22,1.5,,,,,,2,,,Y,Y,,,,T
2021,8/4/21,SGL176,SPRING TREATMENT,,23,RED432,N,WFM,M,AD,31,9,22,1.5,,,,,,0,,,Y,Y,,,,T
2021,8/4/21,SGL176,SPRING TREATMENT,,27,BLACK283,,WFM,,,,,,,,,,,,,,,,,,,,T
2021,8/4/21,SGL176,SPRING TREATMENT,,1,BLACK295,,WFM,,,,,,,,,,,,,,,,,,,,T
2021,8/4/21,SGL176,SPRING TREATMENT,,3,BLUE199,,WFM,,,,,,,,,,,,,,,,,,,,T
2021,8/4/21,SGL176,SUMMER CONTROL,,30,RED308,N,WFM,M,AD,45,21,24,1.8,,,,,,0,,,Y,Y,,,,C
2021,8/4/21,SGL176,SUMMER CONTROL,,7,RED319,N,WFM,M,AD,37,16,21,1.4,,,,,,17,,,Y,Y,,,,C
2021,8/4/21,SGL176,SUMMER CONTROL,,17,BLUE165,,WFM,,,,,,,,,,,,,,,,,,,,C
2021,8/4/21,SGL176,SUMMER TREATMENT,,16,RED395,N,WFM,M,AD,37,12,25,1.8,,,,,,20,1,,Y,Y,,,,T
2021,8/4/21,SGL176,SUMMER TREATMENT,,23,RED398,N,WFM,M,AD,37,13,24,1.6,,,,,,12,,,Y,Y,,,,T
2021,8/4/21,SGL176,SUMMER TREATMENT,,5,RED322,N,WFM,F,AD,44,14,30,1.5,,,,,,5,,,Y,N,,,,T
2021,8/4/21,SGL176,SUMMER TREATMENT,,8,RED374,N,WFM,M,AD,39,15,24,1.5,,,,,,1,,,Y,Y,,,,T
2021,8/4/21,SGL176,SUMMER TREATMENT,,3,RED351,N,WFM,M,AD,36,16,20,1.5,,,,,,2,,,Y,Y,,,,T
2021,8/4/21,SGL176,SUMMER TREATMENT,,26,RED302,N,WFM,F,AD,,,,,,,,,,0,,,Y,N,,,,T
2021,8/4/21,SGL176,SUMMER TREATMENT,,17,BLUE133,,WFM,,,,,,,,,,,,,,,,,,,,T
2021,8/4/21,SGL33,FALL CONTROL,,27,BLUE195,N,WFM,F,AD,49,23,26,1.7,,,,,,10,,,Y,Y,,,,C
2021,8/4/21,SGL33,FALL CONTROL,,28,BLUE126,N,WFM,M,AD,54,31.5,22.5,1.7,,,,,,10,,,Y,Y,,,,C
2021,8/4/21,SGL33,FALL CONTROL,,26,BLUE119,N,WFM,F,AD,36,14,22,1.4,,,,,,13,,,Y,Y,,,,C
2021,8/4/21,SGL33,FALL CONTROL,,12,RED406,,WFM,,,,,,,,,,,,,,,,,,,,C
2021,8/4/21,SGL33,FALL TREATMENT,,4,BLUE150,N,WFM,F,JUV,34,15,19,1.6,,,,,,3,,,Y,Y,,,,T
2021,8/4/21,SGL33,FALL TREATMENT,,16,GREEN293,N,WFM,M,JUV,31.5,14,17.5,1.3,,,,,,2,,,Y,Y,,,,T
2021,8/4/21,SGL33,SPRING CONTROL,,8,BLACK166,N,WFM,F,AD,31.5,8.5,23,1.5,,,,,,4,,,Y,N,,,,C
2021,8/4/21,SGL33,SPRING CONTROL,,30,GREEN268,N,WFM,F,AD,32,8.5,23.5,1.4,,,,,,6,,,N,N,,,,C
2021,8/4/21,SGL33,SPRING TREATMENT,,8,GREEN290,N,WFM,M,AD,30,8.5,21.5,2,,,,,,1,,,Y,N,,,,T
2021,8/4/21,SGL33,SPRING TREATMENT,,5,GREEN278,N,WFM,F,JUV,28.5,12,16.5,1.2,,,,,,3,,,Y,N,,,,T
2021,8/4/21,SGL33,SUMMER CONTROL,,24,GREEN289,N,WFM,F,JUV,29,15.5,13.5,1,,,,,,3,,,Y,N,,,,C
2021,8/4/21,SGL33,SUMMER TREATMENT,,6,BLUE178,N,WFM,M,AD,38,19,19,1.6,,,,,,4,,,Y,N,,,,T
2021,8/3/21,SGL176,FALL CONTROL,,23,BLACK214,Y,WFM,F,AD,38,13,25,2,,,,,,2,,,Y,N,,,,C
2021,8/3/21,SGL176,FALL CONTROL,,8,BLUE194,N,WFM,M,AD,34,10,24,1.6,,,,,,2,,,Y,Y,,,,C
2021,8/3/21,SGL176,FALL CONTROL,,7,BLUE167,N,WFM,F,AD,41,20,21,1.6,,,,,,2,,,Y,Y,,,,C
2021,8/3/21,SGL176,FALL CONTROL,,28,BLUE177,N,WFM,M,AD,31,14,17,1.4,,,,,,5,,,Y,Y,,,,C
2021,8/3/21,SGL176,FALL CONTROL,,25,BLUE160,N,WFM,F,AD,53,31,22,0,,,,,,0,,,N,N,,,,C
2021,8/3/21,SGL176,FALL TREATMENT,,1,BLUE123,N,WFM,M,AD,51,29,22,1.6,,,,,,0,,,Y,Y,,,,T
2021,8/3/21,SGL176,FALL TREATMENT,,15,BLUE198,N,WFM,M,AD,26,9,17,1.5,,,,,,9,,,Y,N,,,,T
2021,8/3/21,SGL176,FALL TREATMENT,,28,BLUE364,N,WFM,M,AD,37,12,25,1.4,,,,,,3,,,Y,Y,,,,T
2021,8/3/21,SGL176,FALL TREATMENT,,3,BLUE117,N,WFM,F,AD,37,14,23,1.4,,,,,,9,,,Y,Y,,,,T
2021,8/3/21,SGL176,SPRING CONTROL,,8,BLUE153,N,WFM,M,AD,34,14,20,1.6,,,,,,1,,,Y,N,,,,C
2021,8/3/21,SGL176,SPRING CONTROL,,15,BLACK193,Y,WFM,F,AD,51,29,22,1.5,,,,,,14,,,Y,Y,,,,C
2021,8/3/21,SGL176,SPRING CONTROL,,9,BLUE363,N,WFM,F,JUV,36,20,16,1.5,,,,,,1,,,Y,N,,,,C
2021,8/3/21,SGL176,SPRING CONTROL,,5,BLUE157,N,WFM,F,AD,51,29,22,1.4,,,,,,0,,,Y,N,,,,C
2021,8/3/21,SGL176,SPRING CONTROL,,1,BLUE156,N,WFM,M,JUV,29,12,17,1.4,,,,,,8,,,N,N,,,,C
2021,8/3/21,SGL176,SPRING TREATMENT,,25,BLACK290,Y,WFM,M,AD,46,18,28,,,,,,,0,,,Y,Y,,,,T
2021,8/3/21,SGL176,SPRING TREATMENT,,5,BLACK295,Y,WFM,M,AD,32,8,24,2,,,,,,2,,,Y,N,,,,T
2021,8/3/21,SGL176,SPRING TREATMENT,,24,BLUE162,N,WFM,M,AD,36,14,22,1.75,,,,,,0,,,Y,Y,,,,T
2021,8/3/21,SGL176,SPRING TREATMENT,,28,BLACK283,Y,WFM,F,AD,33,15,18,1.7,,,,,,0,,,Y,Y,,,,T
2021,8/3/21,SGL176,SPRING TREATMENT,,3,BLUE199,N,WFM,M,AD,47,19,28,1.4,,,,,,0,,,Y,Y,,,,T
2021,8/3/21,SGL176,SUMMER CONTROL,,17,BLUE163,N,WFM,M,AD,37,14,23,1.6,,,,,,0,,,Y,Y,,,,C
2021,8/3/21,SGL176,SUMMER CONTROL,,21,BLUE165,N,WFM,M,AD,28,10,18,1.5,,,,,,1,,,Y,Y,,,,C
2021,8/3/21,SGL176,SUMMER TREATMENT,,21,BLUE152,N,WFM,M,JUV,32,13.5,18.5,2.1,,,,,,5,,,Y,N,,,,T
2021,8/3/21,SGL176,SUMMER TREATMENT,,18,BLUE133,N,WFM,F,AD,30,13,17,1.7,,,,,,12,,,Y,Y,,,,T
2021,8/3/21,SGL176,SUMMER TREATMENT,,8,BLUE177,N,WFM,M,AD,51,29,22,1.6,,,,,,0,,,Y,N,,,,T
2021,8/3/21,SGL176,SUMMER TREATMENT,,0,BLUE158,N,WFM,F,AD,28,8,20,1.25,,,,,,0,,,Y,N,,,,T
2021,8/3/21,SGL33,FALL CONTROL,,24,RED406,N,WFM,F,AD,36,14,22,1.6,,,,,,22,,,Y,Y,,,,C
2021,8/3/21,SGL33,FALL TREATMENT,,25,RED393,N,WFM,F,AD,34,9,25,1.5,,,,,,7,,,Y,N,,,,T
2021,8/3/21,SGL33,FALL TREATMENT,,29,RED366,N,WFM,M,AD,35.5,14,21.5,1.5,,,,,,3,,,Y,N,,,,T
2021,8/3/21,SGL33,FALL TREATMENT,,3,BLUE164,N,WFM,M,AD,34,14.5,19.5,1.3,,,,,,3,,,Y,Y,,,,T
2021,7/23/21,SGL103 NORTH,FALL CONTROL,,30,RED442,N,WFM,M,AD,38,11,27,1.5,,,,,,8,,,Y,Y,,,,C
2021,7/23/21,SGL103 NORTH,FALL CONTROL,,22,RED490,N,WFM,M,AD,39,12,27,1.3,,,,,,15,,,Y,N,,,,C
2021,7/23/21,SGL103 NORTH,FALL CONTROL,,6,RED445,N,WFM,F,AD,36,17,19,1.2,,,,,,1,,,Y,N,,,,C
2021,7/23/21,SGL103 NORTH,FALL CONTROL,,10,BLACK136,,WFM,,,,,,,,,,,,,,,,,,,,C
2021,7/23/21,SGL103 NORTH,FALL CONTROL,,13,BLACK216,,WFM,,,,,,,,,,,,,,,,,,,,C
2021,7/23/21,SGL103 NORTH,FALL CONTROL,,27,BLACK284,,WFM,,,,,,,,,,,,,,,,,,,,C
2021,7/23/21,SGL103 NORTH,FALL CONTROL,,21,RED404,,WFM,,,,,,,,,,,,,,,,,,,,C
2021,7/23/21,SGL103 NORTH,FALL CONTROL,,2,RED405,,WFM,,,,,,,,,,,,,,,,,,,,C
2021,7/23/21,SGL103 NORTH,FALL CONTROL,,18,RED413,,WFM,,,,,,,,,,,,,,,,,,,,C
2021,7/23/21,SGL103 NORTH,FALL CONTROL,,11,RED431,,WFM,,,,,,,,,,,,,,,,,,,,C
2021,7/23/21,SGL103 NORTH,FALL CONTROL,,1,RED433,,WFM,,,,,,,,,,,,,,,,,,,,C
2021,7/23/21,SGL103 NORTH,FALL CONTROL,,8,RED434,,WFM,,,,,,,,,,,,,,,,,,,,C
2021,7/23/21,SGL103 NORTH,FALL CONTROL,,12,RED440,,WFM,,,,,,,,,,,,,,,,,,,,C
2021,7/23/21,SGL103 NORTH,FALL CONTROL,,28,RED444,,WFM,,,,,,,,,,,,,,,,,,,,C
2021,7/23/21,SGL103 NORTH,FALL TREATMENT,,16,RED409,,WFM,,,,,,,,,,,,,,,,,,,,T
2021,7/23/21,SGL103 NORTH,FALL TREATMENT,,20,RED414,,WFM,,,,,,,,,,,,,,,,,,,,T
2021,7/23/21,SGL103 NORTH,FALL TREATMENT,,30,RED443,,WFM,,,,,,,,,,,,,,,,,,,,T
2021,7/23/21,SGL103 NORTH,SPRING CONTROL,,2,RED416,N,WFM,M,AD,50,21,29,1.5,,,,,,2,,,Y,Y,,,,C
2021,7/23/21,SGL103 NORTH,SPRING CONTROL,,27,BLUE179,,WFM,,,,,,,,,,,,,,,,,,,,C
2021,7/23/21,SGL103 NORTH,SPRING TREATMENT,,3,BLACK292,,WFM,,,,,,,,,,,,,,,,,,,,T
2021,7/23/21,SGL103 NORTH,SUMMER CONTROL,,17,RED422,Y,WFM,F,AD,31,8,23,1.6,,,,,,9,,,N,N,,,,C
2021,7/23/21,SGL103 NORTH,SUMMER CONTROL,,12,BLACK247,,WFM,,,,,,,,,,,,,,,,,,,,C
2021,7/23/21,SGL103 NORTH,SUMMER CONTROL,,2,BLUE114,,WFM,,,,,,,,,,,,,,,,,,,,C
2021,7/23/21,SGL103 NORTH,SUMMER CONTROL,,24,RED426,,WFM,,,,,,,,,,,,,,,,,,,,C
2021,7/23/21,SGL103 NORTH,SUMMER CONTROL,,1,RED427,,WFM,,,,,,,,,,,,,,,,,,,,C
2021,7/23/21,SGL103 NORTH,SUMMER CONTROL,,23,RED429,,WFM,,,,,,,,,,,,,,,,,,,,C
2021,7/23/21,SGL103 NORTH,SUMMER CONTROL,,10,RED437,,WFM,,,,,,,,,,,,,,,,,,,,C
2021,7/23/21,SGL103 NORTH,SUMMER CONTROL,,4,RED450,,WFM,,,,,,,,,,,,,,,,,,,,C
2021,7/23/21,SGL103 NORTH,SUMMER CONTROL,,26,RED499,,WFM,,,,,,,,,,,,,,,,,,,,C
2021,7/23/21,SGL103 NORTH,SUMMER TREATMENT,,7,RED476,N,WFM,M,AD,51,21,30,1.5,,,,,,16,,,Y,Y,,,,T
2021,7/23/21,SGL103 NORTH,SUMMER TREATMENT,,3,RED435,N,WFM,M,AD,51,26.5,24.5,1.4,,,,,,10,,,Y,N,,,,T
2021,7/23/21,SGL103 NORTH,SUMMER TREATMENT,,5,RED491,N,WFM,F,JUV,25,8,17,1.3,,,,,,56,,,Y,N,,,,T
2021,7/23/21,SGL103 NORTH,SUMMER TREATMENT,,25,BLACK306,,WFM,,,,,,,,,,,,,,,,,,,,T
2021,7/23/21,SGL103 NORTH,SUMMER TREATMENT,,11,BLUE110,,WFM,,,,,,,,,,,,,,,,,,,,T
2021,7/23/21,SGL103 NORTH,SUMMER TREATMENT,,22,RED425,,WFM,,,,,,,,,,,,,,,,,,,,T
2021,7/23/21,SGL103 NORTH,SUMMER TREATMENT,,24,RED449,,WFM,,,,,,,,,,,,,,,,,,,,T
2021,7/23/21,SGL103 NORTH,SUMMER TREATMENT,,27,RED474,,WFM,,,,,,,,,,,,,,,,,,,,T
2021,7/23/21,SGL103 NORTH,SUMMER TREATMENT,,23,RED477,,WFM,,,,,,,,,,,,,,,,,,,,T
2021,7/23/21,SGL103 SOUTH,SPRING CONTROL,,5,BLUE198,N,WFM,M,AD,31,8.5,22.5,1.2,,,,,,11,,,Y,Y,,,,C
2021,7/23/21,SGL103 SOUTH,SPRING TREATMENT,,13,RED313,N,WFM,M,AD,30,12,18,1.8,,,,,,15,,,Y,Y,,,,T
2021,7/23/21,SGL103 SOUTH,SPRING TREATMENT,,28,BLACK291,,WFM,,,,,,,,,,,,,,,,,,,,T
2021,7/23/21,SGL103 SOUTH,SPRING TREATMENT,,24,RED315,,WFM,,,,,,,,,,,,,,,,,,,,T
2021,7/23/21,SGL103 SOUTH,SUMMER CONTROL,,25,RED336,N,WFM,M,AD,35,11,24,1.6,,,,,,9,,,Y,Y,,,,C
2021,7/23/21,SGL103 SOUTH,SUMMER CONTROL,,17,BLACK273,,WFM,,,,,,,,,,,,,,,,,,,,C
2021,7/23/21,SGL103 SOUTH,SUMMER CONTROL,,14,RED342,,WFM,,,,,,,,,,,,,,,,,,,,C
2021,7/23/21,SGL103 SOUTH,SUMMER TREATMENT,,18,RED358,,WFM,,,,,,,,,,,,,,,,,,,,T
2021,7/23/21,SGL103 SOUTH,SUMMER TREATMENT,,2,RED399,,WFM,,,,,,,,,,,,,,,,,,,,T
2021,7/22/21,SGL103 NORTH,FALL CONTROL,,28,N/A,,NST,,,,,,,,,,,,,,,,,,,,C
2021,7/22/21,SGL103 NORTH,FALL CONTROL,,15,BLUE107,N,WFM,M,JUV,25,8,17,1.4,,,,,,24,,,N,N,,,,C
2021,7/22/21,SGL103 NORTH,FALL CONTROL,,13,BLACK136,,WFM,,,,,,,,,,,,,,,,,,,,C
2021,7/22/21,SGL103 NORTH,FALL CONTROL,,16,BLACK216,,WFM,,,,,,,,,,,,,,,,,,,,C
2021,7/22/21,SGL103 NORTH,FALL CONTROL,,21,BLACK284,,WFM,,,,,,,,,,,,,,,,,,,,C
2021,7/22/21,SGL103 NORTH,FALL CONTROL,,27,RED404,,WFM,,,,,,,,,,,,,,,,,,,,C
2021,7/22/21,SGL103 NORTH,FALL CONTROL,,18,RED413,,WFM,,,,,,,,,,,,,,,,,,,,C
2021,7/22/21,SGL103 NORTH,FALL CONTROL,,12,RED431,,WFM,,,,,,,,,,,,,,,,,,,,C
2021,7/22/21,SGL103 NORTH,FALL CONTROL,,8,RED433,,WFM,,,,,,,,,,,,,,,,,,,,C
2021,7/22/21,SGL103 NORTH,FALL CONTROL,,10,RED434,,WFM,,,,,,,,,,,,,,,,,,,,C
2021,7/22/21,SGL103 NORTH,FALL CONTROL,,14,RED440,,WFM,,,,,,,,,,,,,,,,,,,,C
2021,7/22/21,SGL103 NORTH,FALL CONTROL,,24,RED444,,WFM,,,,,,,,,,,,,,,,,,,,C
2021,7/22/21,SGL103 NORTH,FALL CONTROL,,17,RED500,,WFM,,,,,,,,,,,,,,,,,,,,C
2021,7/22/21,SGL103 NORTH,FALL TREATMENT,,8,RED382,N,WFM,F,AD,46,27,19,1.75,,,,,,5,,,Y,N,,,,T
2021,7/22/21,SGL103 NORTH,FALL TREATMENT,,9,BLUE109,N,WFM,M,JUV,21,8,13,1.4,,,,,,3,,,N,N,,,,T
2021,7/22/21,SGL103 NORTH,FALL TREATMENT,,12,RED401,,WFM,,,,,,,,,,,,,,,,,,,,T
2021,7/22/21,SGL103 NORTH,FALL TREATMENT,,19,RED409,,WFM,,,,,,,,,,,,,,,,,,,,T
2021,7/22/21,SGL103 NORTH,FALL TREATMENT,,27,RED443,,WFM,,,,,,,,,,,,,,,,,,,,T
2021,7/22/21,SGL103 NORTH,SPRING CONTROL,,2,BLUE200,N,WFM,M,JUV,29,8,21,1.6,,,,,,20,,,N,N,,,,C
2021,7/22/21,SGL103 NORTH,SPRING CONTROL,,25,BLUE179,N,WFM,M,AD,28,9,19,1.5,,,,,,9,,,Y,Y,,,,C
2021,7/22/21,SGL103 NORTH,SPRING CONTROL,,22,RED478,,WFM,,,,,,,,,,,,,,,,,,,,C
2021,7/22/21,SGL103 NORTH,SPRING TREATMENT,,29,RED410,,WFM,,,,,,,,,,,,,,,,,,,,T
2021,7/22/21,SGL103 NORTH,SUMMER CONTROL,,15,BLUE129,N,WFM,F,AD,55,27,28,1.75,,,,,,8,,,Y,N,,,,C
2021,7/22/21,SGL103 NORTH,SUMMER CONTROL,,3,BLUE114,N,WFM,M,AD,28,9,19,1.5,,,,,,15,,,Y,Y,,,,C
2021,7/22/21,SGL103 NORTH,SUMMER CONTROL,,14,BLACK247,,WFM,,,,,,,,,,,,,,,,,,,,C
2021,7/22/21,SGL103 NORTH,SUMMER CONTROL,,26,RED426,,WFM,,,,,,,,,,,,,,,,,,,,C
2021,7/22/21,SGL103 NORTH,SUMMER CONTROL,,1,RED427,,WFM,,,,,,,,,,,,,,,,,,,,C
2021,7/22/21,SGL103 NORTH,SUMMER CONTROL,,22,RED429,,WFM,,,,,,,,,,,,,,,,,,,,C
2021,7/22/21,SGL103 NORTH,SUMMER CONTROL,,16,RED437,,WFM,,,,,,,,,,,,,,,,,,,,C
2021,7/22/21,SGL103 NORTH,SUMMER CONTROL,,4,RED450,,WFM,,,,,,,,,,,,,,,,,,,,C
2021,7/22/21,SGL103 NORTH,SUMMER CONTROL,,25,RED499,,WFM,,,,,,,,,,,,,,,,,,,,C
2021,7/22/21,SGL103 NORTH,SUMMER TREATMENT,,16,BLUE110,N,WFM,M,AD,46,25,21,1.5,,,,,,11,,,Y,Y,,,,T
2021,7/22/21,SGL103 NORTH,SUMMER TREATMENT,,4,BLUE176,N,WFM,M,JUV,25,8,17,1.5,,,,,,34,,,N,N,,,,T
2021,7/22/21,SGL103 NORTH,SUMMER TREATMENT,,24,BLACK306,,WFM,,,,,,,,,,,,,,,,,,,,T
2021,7/22/21,SGL103 NORTH,SUMMER TREATMENT,,23,RED425,,WFM,,,,,,,,,,,,,,,,,,,,T
2021,7/22/21,SGL103 NORTH,SUMMER TREATMENT,,25,RED449,,WFM,,,,,,,,,,,,,,,,,,,,T
2021,7/22/21,SGL103 NORTH,SUMMER TREATMENT,,29,RED474,,WFM,,,,,,,,,,,,,,,,,,,,T
2021,7/22/21,SGL103 NORTH,SUMMER TREATMENT,,22,RED477,,WFM,,,,,,,,,,,,,,,,,,,,T
2021,7/22/21,SGL103 SOUTH,FALL CONTROL,,5,RED346,,WFM,,,,,,,,,,,,,,,,,,,,C
2021,7/22/21,SGL103 SOUTH,FALL TREATMENT,,3,N/A,,OPM,,,,,,,,,,,,,,,,,,,,T
2021,7/22/21,SGL103 SOUTH,SPRING TREATMENT,,3,RED407,N,WFM,M,AD,39,8,31,1.2,,,,,,26,,,N,N,,,,T
2021,7/22/21,SGL103 SOUTH,SPRING TREATMENT,,3,BLACK291,,WFM,,,,,,,,,,,,,,,,,,,,T
2021,7/22/21,SGL103 SOUTH,SUMMER CONTROL,,15,BLACK273,,WFM,,,,,,,,,,,,,,,,,,,,C
2021,7/22/21,SGL103 SOUTH,SUMMER TREATMENT,,18,RED358,,WFM,,,,,,,,,,,,,,,,,,,,T
2021,7/21/21,SGL103 NORTH,FALL CONTROL,,14,RED431,N,WFM,F,AD,26,10,16,1.4,,,,,,0,,,Y,N,,,,C
2021,7/21/21,SGL103 NORTH,FALL CONTROL,,1,RED433,N,WFM,M,AD,29,9,20,1.3,,,,,,4,,,N,N,,,,C
2021,7/21/21,SGL103 NORTH,FALL CONTROL,,13,RED434,N,WFM,M,JUV,37,12,25,1.1,,,,,,2,,,Y,N,,,,C
2021,7/21/21,SGL103 NORTH,FALL CONTROL,,9,BLACK136,,WFM,,,,,,,,,,,,,,,,,,,,C
2021,7/21/21,SGL103 NORTH,FALL CONTROL,,5,BLACK216,,WFM,,,,,,,,,,,,,,,,,,,,C
2021,7/21/21,SGL103 NORTH,FALL CONTROL,,22,BLACK284,,WFM,,,,,,,,,,,,,,,,,,,,C
2021,7/21/21,SGL103 NORTH,FALL CONTROL,,24,RED404,,WFM,,,,,,,,,,,,,,,,,,,,C
2021,7/21/21,SGL103 NORTH,FALL CONTROL,,23,RED413,,WFM,,,,,,,,,,,,,,,,,,,,C
2021,7/21/21,SGL103 NORTH,FALL CONTROL,,27,RED444,,WFM,,,,,,,,,,,,,,,,,,,,C
2021,7/21/21,SGL103 NORTH,FALL CONTROL,,18,RED500,,WFM,,,,,,,,,,,,,,,,,,,,C
2021,7/21/21,SGL103 NORTH,FALL TREATMENT,,18,RED414,N,WFM,F,AD,36.5,17,19.5,1.3,,,,,,2,,,Y,N,,,,T
2021,7/21/21,SGL103 NORTH,FALL TREATMENT,,19,RED401,,WFM,,,,,,,,,,,,,,,,,,,,T
2021,7/21/21,SGL103 NORTH,FALL TREATMENT,,30,RED443,,WFM,,,,,,,,,,,,,,,,,,,,T
2021,7/21/21,SGL103 NORTH,SPRING TREATMENT,,18,N/A,,FSQ,,,,,,,,,,,,,,,,,,,,T
2021,7/21/21,SGL103 NORTH,SPRING TREATMENT,,14,RED436,N,WFM,M,JUV,45,23,22,1.4,,,,,,5,,,N,Y,,,,T
2021,7/21/21,SGL103 NORTH,SPRING TREATMENT,,7,RED439,N,WFM,M,AD,50,18,32,1.2,,,,,,3,,,Y,Y,,,,T
2021,7/21/21,SGL103 NORTH,SPRING TREATMENT,,1,BLACK292,,WFM,,,,,,,,,,,,,,,,,,,,T
2021,7/21/21,SGL103 NORTH,SPRING TREATMENT,,29,RED410,,WFM,,,,,,,,,,,,,,,,,,,,T
2021,7/21/21,SGL103 NORTH,SUMMER CONTROL,,4,RED450,N,WFM,M,AD,36,8,28,1.2,,,,,,5,,,Y,N,,,,C
2021,7/21/21,SGL103 NORTH,SUMMER CONTROL,,24,RED499,N,WFM,M,JUV,23,8,15,1,,,,,,23,,,N,N,,,,C
2021,7/21/21,SGL103 NORTH,SUMMER CONTROL,,11,BLACK247,,WFM,,,,,,,,,,,,,,,,,,,,C
2021,7/21/21,SGL103 NORTH,SUMMER CONTROL,,27,RED426,,WFM,,,,,,,,,,,,,,,,,,,,C
2021,7/21/21,SGL103 NORTH,SUMMER CONTROL,,1,RED427,,WFM,,,,,,,,,,,,,,,,,,,,C
2021,7/21/21,SGL103 NORTH,SUMMER CONTROL,,20,RED429,,WFM,,,,,,,,,,,,,,,,,,,,C
2021,7/21/21,SGL103 NORTH,SUMMER CONTROL,,13,RED437,,WFM,,,,,,,,,,,,,,,,,,,,C
2021,7/21/21,SGL103 NORTH,SUMMER TREATMENT,,21,RED425,N,WFM,M,AD,28,8,20,1.4,,,,,,4,,,Y,N,,,,T
2021,7/21/21,SGL103 NORTH,SUMMER TREATMENT,,29,RED474,N,WFM,F,JUV,25,8,17,1.4,,,,,,11,,,N,N,,,,T
2021,7/21/21,SGL103 NORTH,SUMMER TREATMENT,,20,BLACK306,,WFM,,,,,,,,,,,,,,,,,,,,T
2021,7/21/21,SGL103 NORTH,SUMMER TREATMENT,,25,RED449,,WFM,,,,,,,,,,,,,,,,,,,,T
2021,7/21/21,SGL103 NORTH,SUMMER TREATMENT,,28,RED477,,WFM,,,,,,,,,,,,,,,,,,,,T
2021,7/21/21,SGL103 SOUTH,FALL CONTROL,,7,RED346,N,WFM,F,JUV,31,18,13,1.4,,,,,,12,,,N,N,,,,C
2021,7/21/21,SGL103 SOUTH,SPRING TREATMENT,,15,N/A,,ECT,,,,,,,,,,,,,,,,,,,,T
2021,7/21/21,SGL103 SOUTH,SPRING TREATMENT,,27,RED315,N,WFM,M,AD,39,8,31,1.5,,,,,,12,,,Y,N,,,,T
2021,7/21/21,SGL103 SOUTH,SPRING TREATMENT,,10,BLACK291,,WFM,,,,,,,,,,,,,,,,,,,,T
2021,7/21/21,SGL103 SOUTH,SUMMER CONTROL,,12,RED342,N,WFM,F,AD,39,15,24,1.5,,,,,,4,,,Y,Y,,,,C
2021,7/21/21,SGL103 SOUTH,SUMMER CONTROL,,13,BLACK273,,WFM,,,,,,,,,,,,,,,,,,,,C
2021,7/21/21,SGL103 SOUTH,SUMMER TREATMENT,,10,RED358,N,WFM,N/A (SEE NOTES),AD,38,14,24,1.75,,,,,,4,,,Y,Y,,,,T
2021,7/21/21,SGL103 SOUTH,SUMMER TREATMENT,,8,RED399,N,WFM,M,JUV,30,15,15,1.5,,,,,,26,,,N,N,,,,T
2021,7/20/21,SGL103 NORTH,FALL CONTROL,,6,RED440,N,WFM,M,AD,35,14,21,1.7,,,,,,14,,,Y,Y,,,,C
2021,7/20/21,SGL103 NORTH,FALL CONTROL,,7,BLACK216,Y,WFM,M,AD,37.5,13.5,24,1.5,,,,,,2,,,N,N,,,,C
2021,7/20/21,SGL103 NORTH,FALL CONTROL,,29,BLACK284,Y,WFM,F,AD,32.5,9.5,23,1.5,,,,,,6,,,Y,N,,,,C
2021,7/20/21,SGL103 NORTH,FALL CONTROL,,8,BLACK136,Y,WFM,F,AD,41,8.5,32.5,1.4,,,,,,0,,,N,N,,,,C
2021,7/20/21,SGL103 NORTH,FALL CONTROL,,4,RED405,N,WFM,M,AD,36,15,21,1.3,,,,,,2,,,Y,Y,,,,C
2021,7/20/21,SGL103 NORTH,FALL CONTROL,,28,RED444,N,WFM,M,JUV,28,12.5,15.5,1.3,,,,,,18,,,Y,N,,,,C
2021,7/20/21,SGL103 NORTH,FALL CONTROL,,21,RED413,N,WFM,M,JUV,31,13,18,1.2,,,,,,10,,,Y,N,,,,C
2021,7/20/21,SGL103 NORTH,FALL CONTROL,,23,RED404,N,WFM,M,AD,38,12,26,1.1,,,,,,8,,,Y,N,,,,C
2021,7/20/21,SGL103 NORTH,FALL CONTROL,,17,RED500,N,WFM,M,JUV,22,8.5,13.5,1,,,,,,7,,,Y,N,,,,C
2021,7/20/21,SGL103 NORTH,FALL TREATMENT,,13,RED401,N,WFM,M,AD,52,30,22,1.6,,,,,,5,,,Y,Y,,,,T
2021,7/20/21,SGL103 NORTH,FALL TREATMENT,,25,RED443,N,WFM,F,AD,54,30,24,1.5,,,,,,3,,,Y,Y,,,,T
2021,7/20/21,SGL103 NORTH,FALL TREATMENT,,14,RED409,N,WFM,M,AD,26.5,8.5,18,1,,,,,,2,,,Y,Y,,,,T
2021,7/20/21,SGL103 NORTH,SPRING CONTROL,,21,RED478,N,WFM,M,AD,35,10,25,1.2,,,,,,7,,,Y,Y,,,,C
2021,7/20/21,SGL103 NORTH,SPRING CONTROL,,26,RED488,N,WFM,M,JUV,33,21,12,1,,,,,,25,,,Y,N,,,,C
2021,7/20/21,SGL103 NORTH,SPRING TREATMENT,,5,BLACK292,Y,WFM,F,AD,51,30,21,1.4,,,,,,0,,,N,N,,,,T
2021,7/20/21,SGL103 NORTH,SPRING TREATMENT,,29,RED410,N,WFM,M,AD,58,38,20,1.4,,,,,,5,,,Y,Y,,,,T
2021,7/20/21,SGL103 NORTH,SUMMER CONTROL,,8,RED437,N,WFM,M,AD,38,12,26,1.6,,,,,,7,,,Y,Y,,,,C
2021,7/20/21,SGL103 NORTH,SUMMER CONTROL,,20,RED429,N,WFM,F,AD,37,16,21,1.6,,,,,,3,,,Y,Y,,,,C
2021,7/20/21,SGL103 NORTH,SUMMER CONTROL,,2,RED427,N,WFM,F,AD,38.5,12.5,26,1.5,,,,,,10,,,Y,N,,,,C
2021,7/20/21,SGL103 NORTH,SUMMER CONTROL,,11,BLACK247,Y,WFM,M,AD,38,16,22,1.4,,,,,,12,,,Y,N,,,,C
2021,7/20/21,SGL103 NORTH,SUMMER CONTROL,,22,RED426,N,WFM,F,JUV,33,21,12,1.3,,,,,,9,,,Y,N,,,,C
2021,7/20/21,SGL103 NORTH,SUMMER TREATMENT,,24,RED477,N,WFM,M,AD,39,18,21,1.6,,,,,,7,,,Y,Y,,,,T
2021,7/20/21,SGL103 NORTH,SUMMER TREATMENT,,26,BLACK306,Y,WFM,M,AD,30,8.5,21.5,1.4,,,,,,10,,,N,Y,,,,T
2021,7/20/21,SGL103 NORTH,SUMMER TREATMENT,,25,RED449,N,WFM,F,AD,,,,,,,,,,,,,N,N,,,,T
2021,7/20/21,SGL103 SOUTH,SPRING CONTROL,,13,BLACK273,Y,WFM,M,AD,38,13,25,1.5,,,,,,8,,,N ,Y,,,,C
2021,7/20/21,SGL103 SOUTH,SPRING TREATMENT,,25,N/A,,ECT,,,,,,,,,,,,,,,,,,,,T
2021,7/20/21,SGL103 SOUTH,SPRING TREATMENT,,20,BLACK291,Y,WFM,M,AD,32,8.5,23.5,2.4,,,,,,1,,,Y,N,,,,T
2021,5/28/21,SGL176,FALL CONTROL,,26,BLACK252,N,WFM,F,JUV,26,11,15,1.5,,,,,,3,,,N,N,,,,C
2021,5/28/21,SGL176,FALL CONTROL,,19,BLACK348,N,WFM,F,AD,36,13,23,1.4,,,,,,0,,,Y,Y,,,,C
2021,5/28/21,SGL176,FALL TREATMENT,,26,BLACK174,,WFM,,,,,,,,,,,,,,,,,,,,T
2021,5/28/21,SGL176,SPRING CONTROL,,27,BLACK290,,WFM,,,,,,,,,,,,,,,,,,,,C
2021,5/28/21,SGL176,SPRING TREATMENT,,5,BLACK332,N,WFM,M,JUV,33,13,20,1.5,,,,,,10,,,N,N,,,,T
2021,5/28/21,SGL176,SPRING TREATMENT,,11,BLACK371,N,WFM,F,JUV,40,24,16,1.5,,,,,,5,,,N,N,,,,T
2021,5/28/21,SGL176,SPRING TREATMENT,,22,BLACK318,N,WFM,M,JUV,45,34,11,1.2,,,,,,0,,,N,N,,,,T
2021,5/28/21,SGL176,SPRING TREATMENT,,2,BLACK295,,WFM,,,,,,,,,,,,,,,,,,,,T
2021,5/28/21,SGL33,FALL CONTROL,,11,N/A,,FSQ,,,,,,,,,,,,,,,,,,,,C
2021,5/28/21,SGL33,FALL CONTROL,,16,BLACK410,N,WFM,M,AD,45,24,21,1.5,,,,,,10,,,Y,Y,,,,C
2021,5/28/21,SGL33,FALL CONTROL,,20,BLACK162,N,WFM,M,JUV,45,35,10,1.5,,,,,,30,,,N,N,,,,C
2021,5/28/21,SGL33,SPRING CONTROL,,14,BLACK166,N,WFM,F,JUV,24,8,16,1.5,,,,,,17,,,N,N,,,,C
2021,5/28/21,SGL33,SPRING CONTROL,,7,BLACK416,,WFM,,,,,,,,,,,,,,,,,,,,C
2021,5/28/21,SGL33,SUMMER CONTROL,,20,N/A,,MV,,,,,,,,,,,,,,,,,,,,C
2021,5/28/21,SGL33,SUMMER CONTROL,,24,BLACK421,N,WFM,F,JUV,36,21,15,1.3,,,,,,2,,,N,N,,,,C
2021,5/28/21,SGL33,SUMMER TREATMENT,,15,N/A,,MV,,,,,,,,,,,,,,,,,,,,T
2021,5/28/21,SGL33,SUMMER TREATMENT,,14,BLACK323,,WFM,,,,,,,,,,,,,,,,,,,,T
2021,5/27/21,SGL176,FALL TREATMENT,,26,BLACK228,N,WFM,F,AD,36,12.5,23.5,1.5,,,,,,1,,,Y,Y,,,,T
2021,5/27/21,SGL176,FALL TREATMENT,,18,BLACK214,N,WFM,M,JUV,22,9,13,1.2,,,,,,0,,,N,N,,,,T
2021,5/27/21,SGL176,FALL TREATMENT,,29,BLACK174,,WFM,,,,,,,,,,,,,,,,,,,,T
2021,5/27/21,SGL176,SPRING CONTROL,,28,BLACK133,,WFM,,,,,,,,,,,,,,,,,,,,C
2021,5/27/21,SGL176,SPRING CONTROL,,10,BLACK157,,WFM,,,,,,,,,,,,,,,,,,,,C
2021,5/27/21,SGL176,SPRING CONTROL,,13,BLACK191,,WFM,,,,,,,,,,,,,,,,,,,,C
2021,5/27/21,SGL176,SPRING CONTROL,,19,BLACK271,,WFM,,,,,,,,,,,,,,,,,,,,C
2021,5/27/21,SGL176,SPRING CONTROL,,24,BLACK290,,WFM,,,,,,,,,,,,,,,,,,,,C
2021,5/27/21,SGL176,SPRING CONTROL,,4,BLACK298,,WFM,,,,,,,,,,,,,,,,,,,,C
2021,5/27/21,SGL176,SPRING TREATMENT,,10,BLACK104,,WFM,,,,,,,,,,,,,,,,,,,,T
2021,5/27/21,SGL176,SPRING TREATMENT,,26,BLACK283,,WFM,,,,,,,,,,,,,,,,,,,,T
2021,5/27/21,SGL176,SPRING TREATMENT,,3,BLACK295,,WFM,,,,,,,,,,,,,,,,,,,,T
2021,5/27/21,SGL33,SPRING TREATMENT,,22,BLACK444,N,WFM,M,JUV,46,30,16,1.5,,,,,,10,,,N,N,,,,T
2021,5/27/21,SGL33,SPRING TREATMENT,,21,BLACK478,N,WFM,F,JUV,44.5,29,15.5,1.3,,,,,,7,,,N,N,,,,T
2021,5/27/21,SGL33,SUMMER CONTROL,,6,BLACK109,N,WFM,M,AD,50,30,20,1.5,,,,,,13,,,Y,Y,,,,C
2021,5/26/21,SGL176,SPRING CONTROL,,23,BLACK296,N,WFM,F,AD,40,15,25,1.5,,,,,,10,,,Y,N,,,,C
2021,5/26/21,SGL176,SPRING CONTROL,,22,BLACK271,N,WFM,M,JUV,47,29,18,1.5,,,,,,6,,,N,N,,,,C
2021,5/26/21,SGL176,SPRING CONTROL,,26,BLACK133,,WFM,,,,,,,,,,,,,,,,,,,,C
2021,5/26/21,SGL176,SPRING CONTROL,,11,BLACK157,,WFM,,,,,,,,,,,,,,,,,,,,C
2021,5/26/21,SGL176,SPRING CONTROL,,9,BLACK191,,WFM,,,,,,,,,,,,,,,,,,,,C
2021,5/26/21,SGL176,SPRING CONTROL,,30,BLACK290,,WFM,,,,,,,,,,,,,,,,,,,,C
2021,5/26/21,SGL176,SPRING CONTROL,,1,BLACK298,,WFM,,,,,,,,,,,,,,,,,,,,C
2021,5/26/21,SGL176,SPRING TREATMENT,,6,BLACK295,N,WFM,M,JUV,31,17,14,1.3,,,,,,16,,,N,N,,,,T
2021,5/26/21,SGL176,SPRING TREATMENT,,12,BLACK203,N,WFM,F,JUV,21,8.5,12.5,1,,,,,,4,,,Y,N,,,,T
2021,5/26/21,SGL176,SPRING TREATMENT,,15,BLACK104,,WFM,,,,,,,,,,,,,,,,,,,,T
2021,5/26/21,SGL176,SUMMER CONTROL,,23,N/A,,MV,,,,,,,,,,,,,,,,,,,,C
2021,5/26/21,SGL176,SUMMER CONTROL,,30,N/A,,MV,,,,,,,,,,,,,,,,,,,,C
2021,5/26/21,SGL176,SUMMER CONTROL,,28,BLACK215,N,WFM,F,AD,35,8.5,26.5,1.2,,,,,,5,,,Y,N,,,,C
2021,5/26/21,SGL176,SUMMER CONTROL,,16,BLACK289,,WFM,,,,,,,,,,,,,,,,,,,,C
2021,5/26/21,SGL176,SUMMER TREATMENT,,27,BLACK272,,WFM,,,,,,,,,,,,,,,,,,,,T
2021,5/26/21,SGL33,FALL CONTROL,,6,N/A,,FSQ,,,,,,,,,,,,,,,,,,,,C
2021,5/26/21,SGL33,SPRING CONTROL,,13,BLACK193,N,WFM,M,AD,46,21,25,1.5,,,,,,21,,,Y,N,,,,C
2021,5/26/21,SGL33,SPRING CONTROL,,6,BLACK416,N,WFM,M,JUV,36,21,15,1.3,,,,,,20,,,N,N,,,,C
2021,5/26/21,SGL33,SPRING CONTROL,,4,BLACK234,,WFM,,,,,,,,,,,,,,,,,,,,C
2021,5/26/21,SGL33,SUMMER TREATMENT,,29,BLACK323,,WFM,,,,,,,,,,,,,,,,,,,,T
2021,5/25/21,SGL176,FALL CONTROL,,19,BLACK299,N,WFM,M,AD,45,16,29,1.5,,,,,,3,,,Y,Y,,,,C
2021,5/25/21,SGL176,FALL CONTROL,,20,BLACK297,N,WFM,F,JUV,35,18,17,1.2,,,,,,2,,,N,N,,,,C
2021,5/25/21,SGL176,FALL TREATMENT,,26,BLACK174,N,WFM,F,AD,40,13,27,1.2,,,,,,3,,,Y,Y,,,,T
2021,5/25/21,SGL176,SPRING CONTROL,,26,BLACK133,N,WFM,F,AD,49,19,30,1.6,,,,,,7,,,N,N,,,,C
2021,5/25/21,SGL176,SPRING CONTROL,,23,BLACK290,N,WFM,F,AD,55,35,20,1.6,,,,,,3,,,Y,N,,,,C
2021,5/25/21,SGL176,SPRING CONTROL,,15,BLACK157,N,WFM,M,AD,44,,,1.5,,,,,,13,,,Y,N,,,,C
2021,5/25/21,SGL176,SPRING CONTROL,,2,BLACK298,N,WFM,F,AD,45,13,32,1.2,,,,,,1,,,Y,N,,,,C
2021,5/25/21,SGL176,SPRING CONTROL,,11,BLACK191,N,WFM,F,JUV,38,21,17,1.2,,,,,,8,,,N,N,,,,C
2021,5/25/21,SGL176,SPRING TREATMENT,,6,BLACK104,N,WFM,M,AD,44,23,21,1.3,,,,,,2,,,Y,N,,,,T
2021,5/25/21,SGL176,SPRING TREATMENT,,26,BLACK283,N,WFM,M,JUV,26,10,16,1,,,,,,0,,,N,N,,,,T
2021,5/25/21,SGL176,SUMMER CONTROL,,16,BLACK289,N,WFM,F,AD,32,12,20,1.6,,,,,,10,,,Y,N,,,,C
2021,5/25/21,SGL176,SUMMER CONTROL,,11,BLACK275,N,WFM,M,JUV,32,11,21,1.4,,,,,,14,,,N,N,,,,C
2021,5/25/21,SGL176,SUMMER CONTROL,,15,BLACK288,N,WFM,M,JUV,36,16,20,1.3,,,,,,5,,,N,N,,,,C
2021,5/25/21,SGL176,SUMMER TREATMENT,,27,BLACK272,N,WFM,F,AD,35,15,20,1.5,,,,,,2,,,Y,N,,,,T
2021,5/25/21,SGL33,SPRING TREATMENT,,30,BLACK234,N,WFM,M,AD,32,15,17,1.5,,,,,,11,,,Y,Y,,,,T
2021,5/25/21,SGL33,SUMMER TREATMENT,,27,BLACK323,N,WFM,M,JUV,29,12,17,1.25,,,,,,17,,,N,N,,,,T
2021,5/21/21,SGL103 NORTH,FALL CONTROL,,15,BLACK216,N,WFM,M,AD,50,26,24,1.6,,,,,,4,,,Y,Y,,,,C
2021,5/21/21,SGL103 NORTH,FALL CONTROL,,18,BLACK208,N,WFM,M,JUV,43.5,28,15.5,1,,,,,,0,,,N,N,,,,C
2021,5/21/21,SGL103 NORTH,FALL CONTROL,,8,BLACK136,,WFM,,,,,,,,,,,,,,,,,,,,C
2021,5/21/21,SGL103 NORTH,FALL CONTROL,,19,BLACK284,,WFM,,,,,,,,,,,,,,,,,,,,C
2021,5/21/21,SGL103 NORTH,FALL CONTROL,,21,BLACK448,,WFM,,,,,,,,,,,,,,,,,,,,C
2021,5/21/21,SGL103 NORTH,FALL TREATMENT,,3,BLACK170,,WFM,,,,,,,,,,,,,,,,,,,,T
2021,5/21/21,SGL103 NORTH,SUMMER TREATMENT,,18,BLACK306,N,WFM,M,AD,31,13,18,1.2,,,,,,5,,,Y,N,,,,T
2021,5/21/21,SGL103 NORTH,SUMMER TREATMENT,,12,BLACK247,,WFM,,,,,,,,,,,,,,,,,,,,T
2021,5/21/21,SGL103 SOUTH,FALL TREATMENT,,3,BLACK103,,WFM,,,,,,,,,,,,,,,,,,,,T
2021,5/21/21,SGL103 SOUTH,FALL TREATMENT,,2,BLACK274,,WFM,,,,,,,,,,,,,,,,,,,,T
2021,5/21/21,SGL103 SOUTH,SPRING CONTROL,,24,BLACK293,N,WFM,F,JUV,28,11,17,1.8,,,,,,9,,,Y,Y,,,,C
2021,5/21/21,SGL103 SOUTH,SPRING CONTROL,,18,BLACK152,,WFM,,,,,,,,,,,,,,,,,,,,C
2021,5/21/21,SGL103 SOUTH,SPRING CONTROL,,1,BLACK185,,WFM,,,,,,,,,,,,,,,,,,,,C
2021,5/21/21,SGL103 SOUTH,SUMMER CONTROL,,12,BLACK273,N,WFM,M,AD,38,16,22,1.5,,,,,,2,,,Y,Y,,,,C
2021,5/21/21,SGL103 SOUTH,SUMMER TREATMENT,,26,BLACK293,N,WFM,M,JUV,30,10,20,1.5,,,,,,10,,,N,N,,,,T
2021,5/21/21,SGL103 SOUTH,SUMMER TREATMENT,,25,BLACK445,,WFM,,,,,,,,,,,,,,,,,,,,T
2021,5/20/21,SGL103 NORTH,FALL CONTROL,,22,BLACK483,N,WFM,M,JUV,24,10,14,,,,,,,10,,,N,N,,,,C
2021,5/20/21,SGL103 NORTH,FALL CONTROL,,7,BLACK231,N,WFM,F,JUV,26.5,9.5,17,1,,,,,,0,,,N,N,,,,C
2021,5/20/21,SGL103 NORTH,FALL CONTROL,,29,BLACK136,,WFM,,,,,,,,,,,,,,,,,,,,C
2021,5/20/21,SGL103 NORTH,FALL CONTROL,,30,BLACK285,,WFM,,,,,,,,,,,,,,,,,,,,C
2021,5/20/21,SGL103 NORTH,FALL CONTROL,,27,BLACK448,,WFM,,,,,,,,,,,,,,,,,,,,C
2021,5/20/21,SGL103 NORTH,FALL TREATMENT,,3,BLACK170,,WFM,,,,,,,,,,,,,,,,,,,,T
2021,5/20/21,SGL103 NORTH,SPRING TREATMENT,,11,BLACK292,,WFM,,,,,,,,,,,,,,,,,,,,T
2021,5/20/21,SGL103 NORTH,SUMMER TREATMENT,,8,N/A,,MV,,,,,,,,,,,,,,,,,,,,T
2021,5/20/21,SGL103 NORTH,SUMMER TREATMENT,,12,BLACK415,N,WFM,M,AD,33,10,23,1.5,,,,,,4,,,Y,Y,,,,T
2021,5/20/21,SGL103 NORTH,SUMMER TREATMENT,,5,BLACK268,N,WFM,F,JUV,34,17,17,1.5,,,,,,2,,,N,N,,,,T
2021,5/20/21,SGL103 SOUTH,FALL TREATMENT,,2,BLACK103,,WFM,,,,,,,,,,,,,,,,,,,,T
2021,5/20/21,SGL103 SOUTH,FALL TREATMENT,,4,BLACK274,,WFM,,,,,,,,,,,,,,,,,,,,T
2021,5/20/21,SGL103 SOUTH,SPRING CONTROL,,16,BLACK152,,WFM,,,,,,,,,,,,,,,,,,,,C
2021,5/20/21,SGL103 SOUTH,SPRING CONTROL,,1,BLACK185,,WFM,,,,,,,,,,,,,,,,,,,,C
2021,5/20/21,SGL103 SOUTH,SUMMER TREATMENT,,14,BLACK445,,WFM,,,,,,,,,,,,,,,,,,,,T
2021,5/19/21,SGL103 NORTH,FALL CONTROL,,22,BLACK458,N,WFM,M,AD,34,9,25,1.5,,,,,,0,2,,Y,N,,,,C
2021,5/19/21,SGL103 NORTH,FALL CONTROL,,14,BLACK136,,WFM,,,,,,,,,,,,,,,,,,,,C
2021,5/19/21,SGL103 NORTH,FALL CONTROL,,3,BLACK284,,WFM,,,,,,,,,,,,,,,,,,,,C
2021,5/19/21,SGL103 NORTH,FALL CONTROL,,16,BLACK285,,WFM,,,,,,,,,,,,,,,,,,,,C
2021,5/19/21,SGL103 NORTH,FALL CONTROL,,7,BLACK448,,WFM,,,,,,,,,,,,,,,,,,,,C
2021,5/19/21,SGL103 NORTH,FALL TREATMENT,,3,BLACK170,,WFM,,,,,,,,,,,,,,,,,,,,T
2021,5/19/21,SGL103 NORTH,SPRING CONTROL,,25,N/A,,MV,,,,,,,,,,,,,,,,,,,,C
2021,5/19/21,SGL103 NORTH,SPRING TREATMENT,,1,BLACK292,,WFM,,,,,,,,,,,,,,,,,,,,T
2021,5/19/21,SGL103 NORTH,SUMMER TREATMENT,,12,BLACK247,N,WFM,M,JUV,24,8.5,15.5,1,,,,,,5,,,N,N,,,,T
2021,5/19/21,SGL103 SOUTH,FALL TREATMENT,,2,BLACK103,,WFM,,,,,,,,,,,,,,,,,,,,T
2021,5/19/21,SGL103 SOUTH,FALL TREATMENT,,3,BLACK274,,WFM,,,,,,,,,,,,,,,,,,,,T
2021,5/19/21,SGL103 SOUTH,SPRING CONTROL,,1,BLACK185,N,WFM,F,JUV,26.5,,,1.5,,,,,,0,,,Y,Y,,,,C
2021,5/19/21,SGL103 SOUTH,SPRING CONTROL,,12,BLACK152,N,WFM,M,AD,33,11.5,21.5,1,,,,,,5,,,Y,Y,,,,C
2021,5/19/21,SGL103 SOUTH,SUMMER TREATMENT,,19,BLACK445,,WFM,,,,,,,,,,,,,,,,,,,,T
2021,5/18/21,SGL103 NORTH,FALL CONTROL,,28,BLACK285,N,WFM,F,JUV,30,20,10,,,,,,,1,,,N,N,,,,C
2021,5/18/21,SGL103 NORTH,FALL CONTROL,,14,BLACK136,N,WFM,F,AD,48,15,33,1.4,,,,,,5,,,Y,Y,,,,C
2021,5/18/21,SGL103 NORTH,FALL CONTROL,,22,BLACK284,N,WFM,F,AD,48.5,21,27.5,1.3,,,,,,0,4,,Y,Y,,,,C
2021,5/18/21,SGL103 NORTH,FALL CONTROL,,3,BLACK448,N,WFM,F,JUV,,8.5,,,,,,,,2,,,N,N,,,,C
2021,5/18/21,SGL103 NORTH,FALL TREATMENT,,4,N/A,,FSQ,,,,,,,,,,,,,,,,,,,,T
2021,5/18/21,SGL103 NORTH,FALL TREATMENT,,28,BLACK170,N,WFM,F,AD,38,15,23,1.6,,,,,,0,,,Y,Y,,,,T
2021,5/18/21,SGL103 NORTH,SPRING TREATMENT,,2,BLACK292,N,WFM,F,AD,33,9,24,1.5,,,,,,0,,,Y,Y,,,,T
2021,5/18/21,SGL103 SOUTH,FALL TREATMENT,,4,BLACK274,N,WFM,F,AD,38,14,24,1.5,,,,,,3,,,Y,Y,,,,T
2021,5/18/21,SGL103 SOUTH,FALL TREATMENT,,5,BLACK103,N,WFM,M,AD,35,16,19,1.5,,,,,,0,,,N,N,,,,T
2021,5/18/21,SGL103 SOUTH,SUMMER TREATMENT,,24,N/A,,MV,,,,,,,,,,,,,,,,,,,,T
2021,5/18/21,SGL103 SOUTH,SUMMER TREATMENT,,29,BLACK129,N,WFM,M,AD,44,16,28,1.6,,,,,,12,,,Y,Y,,,,T
2021,5/18/21,SGL103 SOUTH,SUMMER TREATMENT,,18,BLACK445,N,WFM,M,AD,29,8.5,20.5,1.4,,,,,,3,,,Y,Y,,,,T
2020,9/27/20,SGL176,C,S7,1,BLACK287,Y,WFM,F,AD,,,27,1.6,1.9,,9.5,,,1,,,,,,,,
2020,9/27/20,SGL176,C,S6,3,BLACK220,Y,WFM,M,AD,,,26,1.7,2,,9,,,20,,,,,,,,
2020,9/27/20,SGL176,C,S11B,6,BLACK390,Y,WFM,M,AD,,,25,1.3,2,,9.5,,,6,,,,,,,,
2020,9/27/20,SGL176,N,S13B,15,BD8,Y,WFM,F,AD,,,15,1.4,1.8,,9.5,,,0,,,,,,,,
2020,9/27/20,SGL176,N,S13B,18,SE,N,WFM,M,JUV,,,15,1.5,2,,8.4,,,5,,,,,,,,
2020,9/26/20,SGL176,C,S9,15,,,NST,,,,,0,,,,,,,,,,,,,,,
2020,9/26/20,SGL176,C,S9,10,7172,Y,WFM,M,AD,,,24,1.4,2,,10,,,21,,,,,,,,
2020,9/26/20,SGL176,C,S9,24,BLACK124,Y,WFM,M,AD,,,24,1.5,1.9,,9.8,,,7,,,,,,,,
2020,9/26/20,SGL176,C,S9,1,BD3,Y,WFM,M,AD,,,19,1.5,2,,9.4,,,11,,,,,,,,
2020,9/26/20,SGL176,C,S9,21,SD,N,WFM,F,AD,,,39,1.5,2.1,,9,,,3,,,,,,,,
2020,9/26/20,SGL176,N,S10,20,,,NST,,,,,0,,,,,,,0,,,,,,,,
2020,9/26/20,SGL176,N,S15,11,BDSA,N,WFM,F,AD,,,25,1.3,1.7,,8.7,,,3,,,,,,,,
2020,9/26/20,SGL176,N,S14,20,BDSB,N,WFM,F,AD,,,32,1.3,1.5,,9.5,,,2,,,,,,,,
2020,9/26/20,SGL176,N,S13,22,BD8,Y,WFM,F,AD,,,26,1.3,1.7,,9.9,,,1,,,,,,,,
2020,9/26/20,SGL176,N,S12,21,7194,Y,WFM,M,AD,,,26,1.4,2,,9,,,1,,,,,,,,
2020,9/26/20,SGL176,N,S12,2,BLACK114,Y,WFM,M,AD,,,19,1.3,2,,8.5,,,6,,,,,,,,
2020,9/26/20,SGL176,N,S12,18,BDSC,N,WFM,F,AD,,,18,1.2,1.9,,8.3,,,2,,,,,,,,
2020,9/26/20,SGL176,N,S10,15,BLACK270,Y,WFM,M,AD,,,20,1.2,1.9,,7.9,,,0,,,,,,,,
2020,9/8/20,SGL176,C,S8,1,BLACK222,N,WFM,M,AD,,,23,1.4,2,,10,,,9,,1,,,,,,
2020,9/8/20,SGL176,C,S8,2,BDC1,N,WFM,F,AD,,,35,1,2,,10,,,18,,,,,,,,
2020,9/8/20,SGL176,C,S8,18,BDA1,Y,WFM,M,AD,,,24,1.4,1.8,,9.3,,,18,,,,,,,,
2020,9/8/20,SGL176,C,S7,9,BD3,Y,WFM,M,AD,,,21,1.5,2.2,,10.2,,,7,,,,,,,,
2020,9/8/20,SGL176,C,S7,23,BLACK422,N,WFM,F,AD,,,20,1.6,2,,9.6,,,5,,,,,,,,
2020,9/8/20,SGL176,C,S7,8,BDY3,Y,WFM,F,AD,,,31,1.2,1.9,,9.5,,,13,,,,,,,,
2020,9/8/20,SGL176,C,S7,3,BLACK124,Y,WFM,M,AD,,,19,1.4,2,,9.4,,,6,,,,,,,,
2020,9/8/20,SGL176,C,S7,14,P13,N,WFM,M,AD,,,19,1.3,2,,9,,,9,,,,,,,,
2020,9/8/20,SGL176,C,S7,21,BDT3,Y,WFM,M,AD,,,25,1.3,9.1,,8.1,,,2,,,,,,,,
2020,9/8/20,SGL176,C,S6,5,BLACK220,N,WFM,M,AD,,,22,1.5,2,,9,,,16,,,,,,,,
2020,9/8/20,SGL176,C,S11B,4,BLACK390,Y,WFM,M,AD,,,25,1.4,2,,9.5,,,12,,,,,,,,
2020,9/8/20,SGL176,C,S11B,17,BLACK137,Y,WFM,F,AD,,,26,1.5,1.9,,9.5,,,16,,,,,,,,
2020,9/8/20,SGL176,C,S11B,18,BD4,N,WFM,F,JUV,,,13,1.2,1.8,,6.5,,,71,,,,,,,,
2020,9/8/20,SGL176,N,S14B,2,P18,Y,WFM,M,AD,,,20,1.3,2,,9.4,,,2,,,,,,,,
2020,9/8/20,SGL176,N,S13B,25,7024,Y,WFM,M,AD,,,21,1,2,,9.5,,,14,,,,,,,,
2020,9/8/20,SGL176,N,S12B,9,BLACK132,Y,WFM,F,AD,,,25,1.3,2,,9.2,,,6,,,,,,,,
2020,9/8/20,SGL176,N,S12B,13,BLACK122,Y,WFM,M,AD,,,23,1.4,2,,9,,,14,,,,,,,,
2020,9/8/20,SGL176,N,S12B,12,BLACK114,Y,WFM,M,AD,,,20,1.3,2,,8.5,,,2,,,,,,,,
2020,9/5/20,SGL176,C,S9,17,BLACK124,Y,WFM,M,AD,,,24,1.4,1.9,,9.9,,,11,,,,,,,,
2020,9/5/20,SGL176,C,S9,6,7172,N,WFM,M,AD,,,28,1.5,2.3,,9,,,20,,,,,,,,
2020,9/5/20,SGL176,C,S9,4,BDB1,N,WFM,M,JUV,,,14,1.4,2,,8.2,,,31,,,,,,,,
2020,9/5/20,SGL176,C,S11,6,BLACK127,Y,WFM,F,AD,,,25,1.8,2,,9.7,,,26,,,,,,,,
2020,9/5/20,SGL176,C,S11,22,BLACK202,Y,WFM,M,AD,,,24,1.6,2.1,,9.2,,,13,,,,,,,,
2020,9/5/20,SGL176,C,S11,1,BDE2,Y,WFM,M,AD,,,16,1.1,1.6,,9,,,10,,,,,,,,
2020,9/5/20,SGL176,C,S11,17,P28,N,WFM,F,JUV,,,12,1,1.6,,7,,,17,,,,,,,,
2020,9/5/20,SGL176,N,S14,6,BLACK211,Y,WFM,M,AD,,,19,1.4,1.9,,9,,,6,,,,,,,,
2020,9/5/20,SGL176,N,S14,23,P18,Y,WFM,M,AD,,,14,1.1,2,,7,,,4,,,,,,,,
2020,9/5/20,SGL176,N,S13,23,BD8,Y,WFM,F,AD,,,14,1.5,2,,9.5,,,2,,,,,,,,
2020,9/5/20,SGL176,N,S13,9,7145,N,WFM,M,JUV,,,16,1.4,1.8,,8.5,,,6,,,,,,,,
2020,9/5/20,SGL176,N,S12,8,BLACK122,Y,WFM,M,AD,,,23,1.3,2,,9.5,,,35,,,,,,,,
2020,9/5/20,SGL176,N,S12,5,BLACK132,Y,WFM,F,AD,,,28,1,2,,9,,,2,,1,,,,,,
2020,9/5/20,SGL176,N,S12,3,BLACK114,Y,WFM,M,AD,,,21,1.4,2,,8.5,,,8,1,,,,,,,
2020,9/5/20,SGL176,N,S12,22,7194,N,WFM,M,JUV,,,18,1,1.7,,8.5,,,2,,,,,,,,
2020,9/5/20,SGL176,N,S10,1,P8,Y,WFM,F,AD,,,23,1.5,2,,9,,,0,,1,,,,,,
2020,8/20/20,SGL176,C,S7,8,BD3,Y,WFM,M,AD,,,28,1.2,2,,10.5,,,10,,,,,,,,
2020,8/20/20,SGL176,C,S7,13,7127,Y,WFM,M,AD,,,8,1.3,1.9,,10.5,,,2,1,,,,,,,
2020,8/20/20,SGL176,C,S7,9,BDY3,Y,WFM,F,AD,,,31,1.3,2,,10,,,5,3,,,,,,,
2020,8/20/20,SGL176,C,S7,24,P22,N,WFM,F,AD,,,20,1.5,1.9,,9,,,20,5,,,,,,,
2020,8/20/20,SGL176,C,S7,10,7174,N,WFM,M,AD,,,26,1.3,1.9,,8.8,,,7,,,,,,,,
2020,8/20/20,SGL176,C,S7,25,BDT3,Y,WFM,M,AD,,,25,1.2,1.7,,8.5,,,19,,,,,,,,
2020,8/20/20,SGL176,C,S6,9,7049,Y,WFM,M,AD,,,9,1.5,2,,10,,,24,,,,,,,,
2020,8/20/20,SGL176,C,S6,25,BLACK425,N,WFM,M,AD,,,22,1,2,,8.5,,,14,,,,,,,,
2020,8/20/20,SGL176,C,S11B,16,BLACK202,N,WFM,M,AD,,,20,1.6,2,,9,,,14,,,,,,,,
2020,8/20/20,SGL176,C,S11B,13,BLACK137,Y,WFM,F,AD,,,25,1,1.9,,9,,,53,,,,,,,,
2020,8/20/20,SGL176,C,S11B,2,BLACK390,Y,WFM,M,AD,,,28,1.4,1.9,,8.6,,,7,,,,,,,,
2020,8/20/20,SGL176,N,S14B,10,BLACK211,Y,WFM,M,AD,,,14,1.3,2,,8.4,,,1,,,,,,,,
2020,8/20/20,SGL176,N,S13B,2,7024,Y,WFM,M,AD,,,15,1.4,1.9,,8.8,,,5,,,,,,,,
2020,8/20/20,SGL176,N,S13B,11,BD8,Y,WFM,F,AD,,,17,1.4,1.9,,8.4,,,0,,,,,,,,
2020,8/20/20,SGL176,N,S13B,1,BDE4,Y,WFM,M,AD,,,17,1.7,2,,7.4,,,2,,,,,,,,
2020,8/20/20,SGL176,N,S12B,12,BLACK114,Y,WFM,M,AD,,,17,1.5,2,,9.1,,,5,,,,,,,,
2020,8/20/20,SGL176,N,S12B,21,BLACK122,Y,WFM,M,AD,,,22,1.7,2.2,,9,,,13,,,,,,,,
2020,8/20/20,SGL176,N,S12B,5,BLACK132,Y,WFM,F,AD,,,19,1.5,2,,9,,,0,,,,,,,,
2020,8/20/20,SGL176,N,S12B,15,P30,Y,WFM,F,AD,,,20,1.3,2,,8.5,,,10,,,,,,,,
2020,8/19/20,SGL176,C,S9,19,BLACK124,Y,WFM,M,AD,,,23,1.4,2.1,,8.5,,,14,,,,,,,,
2020,8/19/20,SGL176,C,S11,8,BLACK137,Y,WFM,F,AD,,,27,1.5,2,,9.2,,,54,,,,,,,,
2020,8/19/20,SGL176,C,S11,12,BDE3,Y,WFM,M,AD,,,19,1.7,2,,8.8,,,22,,,,,,,,
2020,8/19/20,SGL176,N,S14,15,BLACK211,Y,WFM,M,AD,,,24,1.2,2,,8,,,3,,,,,,,,
2020,8/19/20,SGL176,N,S14,24,P18,Y,WFM,M,AD,,,19,1.9,1.8,,7,,,9,,,,,,,,
2020,8/19/20,SGL176,N,S13,5,P29,Y,WFM,M,AD,,,19,1.9,1.9,,9.1,,,10,,,,,,,,
2020,8/19/20,SGL176,N,S13,12,BD8,Y,WFM,F,AD,,,10,1.4,1.8,,8.1,,,0,,,,,,,,
2020,8/19/20,SGL176,N,S13,9,BDE4,Y,WFM,M,AD,,,14,1.3,2,,8,,,1,,,,,,,,
2020,8/19/20,SGL176,N,S12,25,BLACK122,Y,WFM,M,AD,,,23,1.8,2.2,,8.6,,,18,,,,,,,,
2020,8/19/20,SGL176,N,S12,4,BLACK132,Y,WFM,F,AD,,,24,1.4,2,,8.5,,,8,,,,,,,,
2020,8/19/20,SGL176,N,S12,6,BLACK114,Y,WFM,M,AD,,,4,1.1,2,,8.4,,,9,,,,,,,,
2020,8/19/20,SGL176,N,S10,10,7012,Y,WFM,F,AD,,,35,1.9,1.8,,9.5,,,0,1,,,,,,,
2020,8/19/20,SGL176,N,S10,23,BDD5,N,WFM,F,AD,,,26,1.5,2,,9.2,,,9,,,,,,,,
2020,8/19/20,SGL176,N,S10,1,P8,N,WFM,F,AD,,,26,1.9,1.4,,9,,,1,,,,,,,,
2020,8/6/20,SGL176,C,S7,1,BD3,Y,WFM,M,AD,,,28,1.4,2,,10.5,,,21,,,,,,,,
2020,8/6/20,SGL176,C,S7,2,BLACK287,Y,WFM,F,AD,,,20,1.6,2,,9.7,,,40,,,,,,,,
2020,8/6/20,SGL176,C,S7,24,BDT3,Y,WFM,M,AD,,,22,1.5,1.8,,9,,,14,,,,,,,,
2020,8/6/20,SGL176,C,S7,14,BLACK470,N,WFM,M,AD,,,23,1.6,2,,8.2,,,46,,,,,,,,
2020,8/6/20,SGL176,C,S7,5,P23,Y,WFM,F,AD,,,19,1.3,1.9,,7.5,,,25,,,,,,,,
2020,8/6/20,SGL176,C,S11B,6,BLACK390,Y,WFM,M,AD,,,16,1,1.9,,9,,,26,,,,,,,,
2020,8/6/20,SGL176,C,S11B,7,BDE2,N,WFM,M,AD,,,16,1.2,1.8,,7.5,,,29,,,,,,,,
2020,8/6/20,SGL176,N,S12B,16,,,FSQ,,,,,,,,,,,,,,,,,,,,
2020,8/6/20,SGL176,N,S15B,3,BLACK246,Y,WFM,M,AD,,,19,1.5,2,,8.5,,,6,,,,,,,,
2020,8/6/20,SGL176,N,S14B ,1,P18,Y,WFM,M,AD,,,18,1.3,1.8,,8.3,,,18,,,,,,,,
2020,8/6/20,SGL176,N,S14B,5,BLACK211,Y,WFM,M,AD,,,18,1.8,1.8,,,,,8,,,,,,,,
2020,8/6/20,SGL176,N,S13B,8,BDC4,Y,WFM,M,AD,,,17,1.5,2,,8.5,,,3,,,,,,,,
2020,8/6/20,SGL176,N,S13B,22,BD8,Y,WFM,F,JUV,,,17,1.7,2,,8,,,3,,,,,,,,
2020,8/6/20,SGL176,N,S13B,3,P29,Y,WFM,M,AD,,,15,1.5,1.8,,8,,,5,,,,,,,,
2020,8/6/20,SGL176,N,S12B,12,BLACK122,Y,WFM,M,AD,,,23,1.3,2.1,,9.5,,,17,,,,,,,,
2020,8/6/20,SGL176,N,S12B,8,BLACK217,N,WFM,F,AD,,,27,1.3,1.8,,9.5,,,8,,,,,,,,
2020,8/6/20,SGL176,N,S12B,6,BLACK132,Y,WFM,F,AD,,,23,1.2,2,,9,,,19,,,,,,,,
2020,8/6/20,SGL176,N,S12B,17,BLACK114,Y,WFM,M,AD,,,18,1.5,2,,8.5,,,5,,,,,,,,
2020,8/6/20,SGL176,N,S12B,19,P30,N,WFM,F,AD,,,22,1.8,1.9,,8.5,,,14,,,,,,,,
2020,8/5/20,SGL176,C,S9,18,BLACK124,Y,WFM,M,AD,,,24,1,2,,9.5,,,21,,,,,,,,
2020,8/5/20,SGL176,N,S15,4,,,CHP,,,,,0,,,,,,,,,,,,,,,
2020,8/5/20,SGL176,N,S10,16,,,CHP,,,,,,,,,,,,,,,,,,,,
2020,8/5/20,SGL176,N,S10,9,,,FSQ,,,,,,,,,,,,,,,,,,,,
2020,8/5/20,SGL176,N,S16,14,P12,Y,WFM,M,AD,,,27,1.5,2,,10,,,78,,,,,,,,
2020,8/5/20,SGL176,N,S15,20,BLACK196,Y,WFM,M,AD,,,16,1.5,2,,8.5,,,15,,,,,,,,
2020,8/5/20,SGL176,N,S14,6,BLACK211,Y,WFM,M,AD,,,17,1.5,2,,8.5,,,3,,,,,,,,
2020,8/5/20,SGL176,N,S13,22,P24,N,WFM,M,JUV,,,25,1.8,2,,9,,,11,,,,,,,,
2020,8/5/20,SGL176,N,S13,12,BLACK122,Y,WFM,M,AD,,,24,1.2,2,,8,,,15,,,,,,,,
2020,8/5/20,SGL176,N,S13,21,BD8,N,WFM,F,AD,,,16,1.7,2.1,,7.5,,,3,,,,,,,,
2020,8/5/20,SGL176,N,S13,24,7024,Y,WFM,M,AD,,,17,1.5,2,,7.5,,,19,,,,,,,,
2020,8/5/20,SGL176,N,S13,19,BDC4,Y,WFM,M,AD,,,18,1.2,2,,7.5,,,1,,,,,,,,
2020,8/5/20,SGL176,N,S12,8,BLACK132,Y,WFM,F,AD,,,27,,2,,9.9,,,20,,,,,,,,
2020,8/5/20,SGL176,N,S12,13,BLACK114,Y,WFM,M,AD,,,16,1.5,2,,8.5,,,15,,,,,,,,
2020,8/5/20,SGL176,N,S10,12,7012,N,WFM,F,AD,,,26,1.7,2,,10.5,,,2,,,,,,,,
2020,8/5/20,SGL176,N,S10,8,BLACK270,N,WFM,M,AD,,,13,1,2,,9,,,5,,,,,,,,
2020,7/22/20,SGL176,C,S7,2,BLACK287,Y,WFM,F,AD,,,21,1.8,2.1,,10,,,3,,,,,,,,
2020,7/22/20,SGL176,C,S7,19,BDE1,Y,WFM,F,AD,,,16,1.6,2.2,,9.1,,,6,,,,,,,,
2020,7/22/20,SGL176,C,S7,5,P23,Y,WFM,F,AD,,,22,1.5,2.1,,8.9,,,3,,,,,,,,
2020,7/22/20,SGL176,C,S7,12,BD3,Y,WFM,M,AD,,,32,1.8,1.8,,,,,12,,,,,,,,
2020,7/22/20,SGL176,C,S6,4,P22,Y,WFM,F,AD,,,29,1.5,1.9,,9,,,10,,,,,,,,
2020,7/22/20,SGL176,C,S11B,2,BLACK390,Y,WFM,M,AD,,,22,1.2,1.9,,9.5,,,5,,,,,,,,
2020,7/22/20,SGL176,C,S11B,22,BDA2,Y,WFM,M,AD,,,31,1,2,,9,,,4,1,,,,,,,
2020,7/22/20,SGL176,C,S11B,8,7124,Y,WFM,F,AD,,,27,1,1.8,,9,,,7,,,,,,,,
2020,7/22/20,SGL176,C,S11B,9,BDB5,Y,WFM,M,AD,,,10,1.3,1.7,,8.8,,,4,1,,,,,,,
2020,7/22/20,SGL176,C,S11B,24,BLACK137,Y,WFM,F,AD,,,23,1.3,2,,8.5,,,4,,,,,,,,
2020,7/22/20,SGL176,N,S15B,9,BLACK246,N,WFM,M,AD,,,18,1.3,1.7,,8.3,,,2,,,,,,,,
2020,7/22/20,SGL176,N,S14B,1,P18,N,WFM,M,AD,,,20,1.3,1.9,,8.2,,,2,,,,,,,,
2020,7/22/20,SGL176,N,S14B,7,BLACK211,Y,WFM,M,AD,,,18,1.8,1.7,,8,,,4,,,,,,,,
2020,7/22/20,SGL176,N,S13B,25,BDC4,Y,WFM,M,AD,,,15,1.5,2,,8.5,,,3,,,,,,,,
2020,7/22/20,SGL176,N,S12B,7,7076,Y,WFM,M,AD,,,23,1.5,2,,9.5,,,8,,,,,,,,
2020,7/22/20,SGL176,N,S12B,10,BLACK122,Y,WFM,M,AD,,,10,1.5,2,,9,,,7,,,,,,,,
2020,7/22/20,SGL176,N,S12B,21,7149,N,WFM,M,AD,,,14,1.3,1.8,,7,,,13,,,,,,,,
2020,7/22/20,SGL176,N,S12B,6,P10,Y,WFM,F,AD,,,21,,,,,,,,,,,,,,,
2020,7/21/20,SGL176,C,S11,7,BLACK137,Y,WFM,F,AD,,,15,1.7,2.1,,9.3,,,4,,,,,,,,
2020,7/21/20,SGL176,N,S15,23,P12,Y,WFM,M,AD,,,5,1.1,2.1,,8.5,,,12,,,,,,,,
2020,7/21/20,SGL176,N,S15,20,BLACK196,Y,WFM,M,AD,,,16,1.4,2,,7.7,,,8,,,,,,,,
2020,7/21/20,SGL176,N,S14,8,BLACK211,Y,WFM,M,AD,,,9,1,1.7,,8,,,0,,,,,,,,
2020,7/21/20,SGL176,N,S13,15,BDC4,N,WFM,M,JUV,,,15,1.7,2,,7.5,,,1,,,,,,,,
2020,7/21/20,SGL176,N,S12,22,P10,Y,WFM,F,AD,,,23,1.7,2,,9.9,,,3,,,,,,,,
2020,7/21/20,SGL176,N,S12,19,7076,Y,WFM,M,AD,,,24,1.7,1.8,,9.6,,,8,,,,,,,,
2020,7/21/20,SGL176,N,S12,1,BLACK114,N,WFM,M,AD,,,18,1.3,2.2,,7.8,,,3,,,,,,,,
2020,7/21/20,SGL176,N,S10,1,7178,Y,WFM,M,AD,,,24,1.5,1.9,,9.5,,,8,,,,,,,,
2020,7/21/20,SGL176,N,S10,15,P29,Y,WFM,M,AD,,,25,1.8,2.2,,9.4,,,2,,,,,,,,
2020,7/11/20,SGL176,C,S11,,,,WFM,,,,,,,,,,,,,,,,,,,,
2020,7/8/20,SGL176,C,S6,8,,,CHP,,,,,,,,,,,,,,,,,,,,
2020,7/8/20,SGL176,C,S8,17,7101,Y,WFM,F,AD,,,24,1.8,2,,9.8,,,3,,,,,,,,
2020,7/8/20,SGL176,C,S8,16,P12,Y,WFM,M,AD,,,24,1.5,2,,9.5,,,7,,,,,,,,
2020,7/8/20,SGL176,C,S8,21,BDA1,N,WFM,M,AD,,,17,1.5,2,,7.5,,,25,,,,,,,,
2020,7/8/20,SGL176,C,S7,21,BDE1,Y,WFM,F,AD,,,20,1.1,1.3,,9.5,,,0,,,,,,,,
2020,7/8/20,SGL176,C,S7,20,7200,Y,WFM,M,AD,,,18,1,1.9,,8,,,4,1,,,,,,,
2020,7/8/20,SGL176,C,S7,2,P23,Y,WFM,F,AD,,,22,1,1.7,,8,,,4,,,,,,,,
2020,7/8/20,SGL176,C,S6,9,BDC3,Y,WFM,M,AD,,,28,1.5,2,,10.5,,,2,,,,,,,,
2020,7/8/20,SGL176,C,S6,3,7049,Y,WFM,M,AD,,,16,1.3,2,,9.5,,,5,,,,,,,,
2020,7/8/20,SGL176,C,S6,5,P7,N,WFM,F,AD,,,10,1.5,2,,8.5,,,4,,,,,,,,
2020,7/8/20,SGL176,C,S11B,15,BLACK137,Y,WFM,F,AD,,,21,1.5,2,,9.7,,,1,,,,,,,,
2020,7/8/20,SGL176,C,S11B,3,7124,Y,WFM,F,AD,,,21,1.5,2,,9.5,,,3,,,,,,,,
2020,7/8/20,SGL176,C,S11B,9,BDB5,Y,WFM,M,AD,,,18,1.5,2,,8.5,,,7,,,,,,,,
2020,7/8/20,SGL176,C,S11B,7,BLACK390,Y,WFM,M,AD,,,21,1.6,1.8,,,,,0,,,,,,,,
2020,7/8/20,SGL176,N,S12B,15,BLACK122,Y,WFM,M,AD,,,20,1.6,1.8,,9.6,,,5,,,,,,,,
2020,7/8/20,SGL176,N,S12B,7,P10,Y,WFM,F,AD,,,20,1.5,2,,8,,,2,,,,,,,,
2020,7/7/20,SGL176,C,S9,23,,N,JM,M,AD,,,15,0.8,3,,7,,,7,,,,,,,,
2020,7/7/20,SGL176,C,S9,22,BLACK124,Y,WFM,M,AD,,,,1.4,2,,9,,,,,,,,,,,
2020,7/7/20,SGL176,C,S9,2,BLACK227,Y,WFM,F,AD,,,25,1,2,,9,,,3,,,,,,,,
2020,7/7/20,SGL176,C,S11,24,BDA2,Y,WFM,M,AD,,,22,1,2,,9.5,,,9,2,,,,,,,
2020,7/7/20,SGL176,C,S11,18,BLACK137,Y,WFM,F,AD,,,23,2,1.2,,9.5,,,21,,,,,,,,
2020,7/7/20,SGL176,C,S11,22,BDB5,Y,WFM,M,AD,,,11,1.5,2,,9,,,2,,,,,,,,
2020,7/7/20,SGL176,C,S11,7,BLACK390,Y,WFM,M,AD,,,21,1.7,2,,8,,,2,,,,,,,,
2020,7/7/20,SGL176,C,S11,25,BD5,N,WFM,M,JUV,,,13,1,1.5,,7,,,23,1,,,,,,,
2020,7/7/20,SGL176,N,S15,6,7126,Y,WFM,F,AD,,,10,1.4,2,,8.4,,,2,,,,,,,,
2020,7/7/20,SGL176,N,S15,5,BLACK196,N,WFM,M,JUV,,,9,1.1,1.7,,7,,,4,,,,,,,,
2020,7/7/20,SGL176,N,S14,13,BLACK211,Y,WFM,M,AD,,,13,1,1.8,,8.2,,,1,,,,,,,,
2020,7/7/20,SGL176,N,S14,12,7199,N,WFM,F,AD,,,14,1.5,2,,7.5,,,1,,,,,,,,
2020,7/7/20,SGL176,N,S10,9,P29,N,WFM,M,AD,,,23,1.9,2,,9.5,,,1,,,,,,,,
2020,7/7/20,SGL176,N,S10,4,7178,N,WFM,M,AD,,,25,1.7,2,,9.5,,,0,,,,,,,,
2020,6/25/20,SGL176,C,S8,6,,,FSQ,,,,,,,,,,,,,,,,,,,,
2020,6/25/20,SGL176,C,S8,23,7101,Y,WFM,F,AD,,,23,1.4,1.8,,8.7,,,13,,,,,,,,
2020,6/25/20,SGL176,C,S8,22,P12,N,WFM,M,AD,,,17,1.5,2,,9.4,,,9,,,,,,,,
2020,6/25/20,SGL176,C,S7,2,BD3,Y,WFM,M,AD,,,35,1.3,2.2,,9.7,,,1,,,,,,,,
2020,6/25/20,SGL176,C,S7,5,7127,Y,WFM,M,AD,,,28,1.5,2,,9.7,,,0,,,,,,,,
2020,6/25/20,SGL176,C,S7,13,BDE1,N,WFM,F,AD,,,22,1.1,2.3,,8,,,1,,,,,,,,
2020,6/25/20,SGL176,C,S7,22,7200,N,WFM,M,JUV,,,19,1.4,1.5,,8,,,8,,,,,,,,
2020,6/25/20,SGL176,C,S7,6,P23,N,WFM,F,JUV,,,15,1.4,1.9,,7.5,,,5,,,,,,,,
2020,6/25/20,SGL176,C,S6,13,7049,Y,WFM,M,AD,,,25,1.5,1.9,,9,,,12,,,,,,,,
2020,6/25/20,SGL176,C,S11B,8,BLACK137,Y,WFM,F,AD,,,23,1.7,1.9,,9.7,,,11,,,,,,,,
2020,6/25/20,SGL176,C,S11B,7,BLACK390,N,WFM,M,JUV,,,20,1.8,1.8,,9,,,4,,,,,,,,
2020,6/25/20,SGL176,C,S11B,10,BDB5,N,WFM,M,AD,,,17,1.4,1.7,,8,,,6,,,,,,,,
2020,6/25/20,SGL176,N,S14B,17,,,CHP,,,,,,,,,,,,,,,,,,,,
2020,6/25/20,SGL176,N,S15B,10,7126,N,WFM,F,JUV,,,9,1.5,1.9,,7,,,0,,,,,,,,
2020,6/25/20,SGL176,N,S12B,17,BLACK242,Y,WFM,F,AD,,,22,1.4,1.8,,8.4,,,4,,,,,,,,
2020,6/24/20,SGL176,C,S9,20,BD1,Y,WFM,M,AD,,,25,1.3,2,,10,,,4,,,,,,,,
2020,6/24/20,SGL176,C,S9,24,BLACK124,Y,WFM,M,AD,,,18,1.5,2,,9.3,,,2,,,,,,,,
2020,6/24/20,SGL176,C,S9,19,BLACK227,Y,WFM,F,AD,,,18,1.4,2,,9,,,4,,,,,,,,
2020,6/24/20,SGL176,N,S13,20,,,CHP,,,,,,,,,,,,,,,,,,,,
2020,6/24/20,SGL176,N,S13,22,,,CHP,,,,,,,,,,,,,,,,,,,,
2020,6/24/20,SGL176,N,S16,6,7104,N,WFM,M,JUV,,,13,1.2,1.9,,9,,,19,,,,,,,,
2020,6/24/20,SGL176,N,S16,10,,N,WFM,F,AD,,,17,1.4,2,,8.9,,,11,,,,,,,,
2020,6/24/20,SGL176,N,S16,8,P12,Y,WFM,M,AD,,,31,1.5,2,,8.5,,,20,,,,,,,,
2020,6/24/20,SGL176,N,S14,11,BDA4,Y,WFM,M,AD,,,24,1.8,2,,10,,,5,,,,,,,,
2020,6/24/20,SGL176,N,S14,2,BLACK211,N,WFM,M,AD,,,13,1,1.7,,6.5,,,0,,,,,,,,
2020,6/24/20,SGL176,N,S13,25,BDA3,Y,WFM,M,AD,,,26,1.4,1.9,,9.5,,,7,,,,,,,,
2020,6/24/20,SGL176,N,S13,1,BLACK235,N,WFM,M,JUV,,,21,1.2,1.9,,8,,,7,,,,,,,,
2020,6/24/20,SGL176,N,S12,4,P16,Y,WFM,F,AD,,,29,1.3,1.9,,10,,,12,,,,,,,,
2020,6/10/20,SGL176,C,S9,14,BD1,Y,WFM,M,AD,,,26,1.5,2,,9.5,,,9,1,1,,,,,,
2020,6/10/20,SGL176,C,S9,11,BLACK227,Y,WFM,F,AD,,,26,1,2,,9.5,,,0,,,,,,,,
2020,6/10/20,SGL176,C,S9,16,BLACK124,Y,WFM,M,AD,,,23,1.2,2,,9,,,0,1,,,,,,,
2020,6/10/20,SGL176,C,S11,9,BLACK137,Y,WFM,F,AD,,,23,1.4,2,,8.5,,,29,,,,,,,,
2020,6/10/20,SGL176,C,S11,21,BLACK121,N,WFM,M,AD,,,20,1.5,2,,7.5,,,6,,,,,,,,
2020,6/10/20,SGL176,N,S16,22,,,FSQ,,,,,,,,,,,,,,,,,,,,
2020,6/10/20,SGL176,N,S16,19,P12,Y,WFM,M,AD,,,28,1.5,2,,10.5,,,18,,,,,,,,
2020,6/10/20,SGL176,N,S14,24,7075,Y,WFM,M,AD,,,25,1.6,2,,9.6,,,10,,,,,,,,
2020,6/10/20,SGL176,N,S14,7,BDB4,Y,WFM,F,AD,,,24,,,,,,,,,,,,,,,
2020,6/10/20,SGL176,N,S13,12,,Y,WFM,F,AD,,,33,1.5,2,,9.9,,,6,,,,,,,,
2020,6/10/20,SGL176,N,S12,1,7076,Y,WFM,M,AD,,,22,1.4,1.6,,8.8,,,8,,,,,,,,
2020,6/10/20,SGL176,N,S12,2,P10,Y,WFM,F,AD,,,24,1.9,2,,8.5,,,10,,,,,,,,
2020,6/9/20,SGL176,C,S8,23,7101,Y,WFM,F,AD,,,15,1.6,2,,9,,,5,,,,,,,,
2020,6/9/20,SGL176,C,S8,22,P17,N,WFM,M,AD,,,14,1.5,2,,9,,,5,,,,,,,,
2020,6/9/20,SGL176,C,S7,15,BD3,Y,WFM,M,AD,,,28,1.5,2,,10.5,,,9,,,,,,,,
2020,6/9/20,SGL176,C,S7,1,BLACK287,N,WFM,F,JUV,,,15,1.5,1.8,,7.8,,,4,,,,,,,,
2020,6/9/20,SGL176,C,S6,1,7049,N,WFM,M,AD,,,32,1.9,2,,9.5,,,32,,,,,,,,
2020,6/9/20,SGL176,C,S6,24,BDC5,N,WFM,F,AD,,,26,1.2,1.8,,8.5,,,7,,,,,,,,
2020,6/9/20,SGL176,C,S6,25,7050,N,WFM,F,AD,,,26,1.2,1.9,,8,,,1,,,,,,,,
2020,6/4/20,SGL176,C,S9,17,BD1,Y,WFM,M,AD,,,26,,,,,,,12,,,,,,,,
2020,6/4/20,SGL176,C,S11,22,,,WFM,,JUV,,,39,,,,,,,,,,,,,,,
2020,6/4/20,SGL176,C,S11,3,7124,Y,WFM,F,AD,,,22,,,,,,,17,,,,,,,,
2020,6/4/20,SGL176,C,S11,12,BLACK137,Y,WFM,F,,,,,,,,,,,13,,,,,,,,
2020,6/4/20,SGL176,C,S11,23,BDA2,Y,WFM,M,AD,,,,,,,,,,3,,,,,,,,
2020,6/4/20,SGL176,N,S15,25,,,CHP,,,,,,,,,,,,,,,,,,,,
2020,6/4/20,SGL176,N,S15,7,7075,Y,WFM,M,AD,,,,,,,,,,6,,,,,,,,
2020,6/4/20,SGL176,N,S14,11,BDB4,N,WFM,F,AD,,,24,1.5,1.9,,9,,,12,,,,,,,,
2020,6/4/20,SGL176,N,S13,13,BDC4,Y,WFM,M,AD,,,,,,,,,,10,,,,,,,,
2020,6/4/20,SGL176,N,S12,22,BLACK242,N,WFM,F,AD,,,14,1.1,2,,8.4,,,0,,,,,,,,
2020,6/4/20,SGL176,N,S12,1,P10,Y,WFM,F,AD,,,,,,,,,,13,,,,,,,,
2020,6/4/20,SGL176,N,S10,16,P16,Y,WFM,F,AD,,,23,,,,,,,5,,,,,,,,
2020,6/4/20,SGL176,N,S10,17,,,WFM,,,,,23,,,,,,,,,,,,,,,
2020,6/3/20,SGL176,C,S7,1,BDB3,N,WFM,M,AD,,,23,1.5,2,,9.5,,,3,,,,,,,,
2020,5/16/20,SGL176,C,S9,2,BD1,N,WFM,M,AD,,,24,1,2,,10,,,0,,,,,,,,
2020,5/16/20,SGL176,C,S9,9,BLACK227,N,WFM,F,AD,,,24,1.3,2,,9.5,,,1,,,,,,,,
2020,5/16/20,SGL176,C,S9,19,BLACK124,Y,WFM,M,AD,,,,,,,,,,1,,,,,,,,
2020,5/16/20,SGL176,C,S11,23,BDA2,N,WFM,M,AD,,,24,1.1,1.6,,9.5,,,3,,,,,,,,
2020,5/16/20,SGL176,C,S11,5,BLACK157,N,WFM,M,AD,,,27,1,1.9,,9,,,2,,,,,,,,
2020,5/16/20,SGL176,N,S15,19,,,NST,,,,,,,,,,,,,,,,,,,,
2020,5/16/20,SGL176,N,S16,8,BLACK149,N,WFM,M,AD,,,28,1.4,2,,9.5,,,0,,,,,,,,
2020,5/16/20,SGL176,N,S16,24,7076,N,WFM,M,AD,,,21,1.7,1.8,,9.5,,,0,,,,,,,,
2020,5/16/20,SGL176,N,S16,1,P11,N,WFM,M,AD,,,25,1.5,2,,8.7,,,3,,,,,,,,
2020,5/16/20,SGL176,N,S14,12,7102,N,WFM,M,AD,,,22,1.4,1.8,,9.1,,,0,,,,,,,,
2020,5/16/20,SGL176,N,S14,3,7125,N,WFM,M,AD,,,24,1.3,1.6,,8,,,0,,,,,,,,
2020,5/16/20,SGL176,N,S13,22,BDA3,N,WFM,M,AD,,,26,1.4,1.5,,8,,,0,,,,,,,,
2020,5/16/20,SGL176,N,S12,19,P10,N,WFM,F,AD,,,24,1,2,,9.5,,,2,,,,,,,,
2020,5/16/20,SGL176,N,S12,22,BDA4,N,WFM,M,AD,,,19,1.6,1.9,,8.5,,,0,,,,,,,,
2020,5/16/20,SGL176,N,S12,21,BLACK240,N,WFM,M,AD,,,21,1.7,2.1,,7.7,,,0,,,,,,,,
2020,5/16/20,SGL176,N,S10,20,P6,N,WFM,F,AD,,,25,1.3,2.1,,9.6,,,1,,,,,,,,
2020,5/16/20,SGL176,N,S10,3,P4,N,WFM,M,AD,,,27,1.5,2.1,,9,,,1,,,,,,,,
2020,5/15/20,SGL176,C,S8,12,P5,N,WFM,M,AD,,,21,1.5,2,,8.6,,,3,,,,,,,,
2020,5/15/20,SGL176,C,S8,22,7101,N,WFM,F,AD,,,25.5,1.5,1.7,,6.9,,,0,,,,,,,,
2020,5/15/20,SGL176,C,S7,25,BD3,N,WFM,M,AD,,,26,1.8,2,,9.8,,,0,,,,,,,,
2020,5/15/20,SGL176,C,S7,24,BLACK124,N,WFM,M,AD,,,23,1.2,2,,8.5,,,0,,,,,,,,
2020,5/15/20,SGL176,C,S6,24,BD2,N,WFM,F,AD,,,20,1.1,1.8,,9.5,,,0,,,,,,,,
2020,5/15/20,SGL176,C,S6,8,BLACK353,N,WFM,F,AD,,,22.5,1.1,1.2,,9.4,,,0,,,,,,,,
2019,8/29/19,SGL103,A,C2,3,BLACK281,Y,CHP,,,,,,,,,,,,2,,,,,,,,C
2019,8/29/19,SGL103,A,CE,15,BLACK294,Y,WFM,F,AD,,,,,,,,,,0,,,,,,,,C
2019,8/29/19,SGL103,A,CE,23,BLACK257,Y,WFM,,,,,,,,,,,,4,,,,,,,,C
2019,8/29/19,SGL103,A,C3,3,BLACK269,N,WFM,M,AD,,,23,1.6,2.1,,10,,,3,,,,,,,,C
2019,8/29/19,SGL103,A,C1,9,BLACK226,Y,WFM,M,AD,,,,,,,,,,9,,,,,,,,C
2019,8/29/19,SGL103,A,C1,8,BLACK282,Y,WFM,F,,,,,,,,,,,1,,,,,,,,C
2019,8/29/19,SGL103,A,T3,9,GREEN220,N,CHP,,AD,,,,,,,,,,4,,,,,,,,T
2019,8/29/19,SGL103,A,T3,5,GREEN298,Y,CHP,,,,,,,,,,,,2,,,,,,,,T
2019,8/29/19,SGL103,A,TE,10,BLACK480,Y,RBV,M,AD,,,,,,,,,,0,,,,,,,,T
2019,8/29/19,SGL103,A,T1,10,GREEN272,Y,RBV,F,AD,,,,,,,,,,0,,,,,,,,T
2019,8/29/19,SGL103,A,TE,1,GREEN239,Y,WFM,M,AD,,,,,,,,,,20,,,,,,,,T
2019,8/29/19,SGL103,A,TE,3,GREEN242,Y,WFM,F,AD,,,,,,,,,,1,,,,,,,,T
2019,8/29/19,SGL103,A,TE,9,GREEN271,Y,WFM,M,,,,,,,,,,,3,,,,,,,,T
2019,8/29/19,SGL103,A,T3,10,GREEN296,Y,WFM,M,AD,,,,,,,,,,4,,,,,,,,T
2019,8/29/19,SGL103,A,T2,3,GREEN270,Y,WFM,M,AD,,,,,,,,,,5,,,,,,,,T
2019,8/29/19,SGL103,A,T2,6,GREEN255,Y,WFM,M,AD,,,,,,,,,,20,,,,,,,,T
2019,8/29/19,SGL103,B,C3,9,BLACK172,N,RBV,M,AD,,,31,1,2,,9,,,0,,,,,,,,C
2019,8/29/19,SGL103,B,C3,4,BLACK134,Y,RBV,M,AD,,,,,,,,,,1,,,,,,,,C
2019,8/29/19,SGL103,B,C3,5,BLACK186,Y,RBV,M,AD,,,,,,,,,,0,,,,,,,,C
2019,8/29/19,SGL103,B,C3,7,BLACK141,Y,RBV,F,AD,,,,,,,,,,1,,,,,,,,C
2019,8/29/19,SGL103,B,C3,8,BLACK112,Y,RBV,M,AD,,,,,,,,,,2,,,,,,,,C
2019,8/29/19,SGL103,B,C2,6,BLACK113,Y,RBV,M,AD,,,,,,,,,,0,,,,,,,,C
2019,8/29/19,SGL103,B,C2,9,BLACK178,Y,RBV,M,AD,,,,,,,,,,0,,,,,,,,C
2019,8/29/19,SGL103,B,C1,8,BLACK131,Y,RBV,F,AD,,,,,,,,,,0,,,,,,,,C
2019,8/29/19,SGL103,B,C,1,BLACK110,Y,RBV,M,AD,,,,,,,,,,0,,,,,,,,C
2019,8/29/19,SGL103,B,T3,2,BLUE112,N,RBV,F,AD,,,23,1,1.75,,8,,,0,,,,,,,,T
2019,8/29/19,SGL103,B,T2,4,BLUE154,N,RBV,M,AD,,,25,1,1.8,,10,,,2,,,,,,,,T
2019,8/29/19,SGL103,B,T2,2,BLUE161,Y,RBV,M,AD,,,,,,,,,,0,,,,,,,,T
2019,8/29/19,SGL103,B,T2,7,BLUE170,Y,RBV,F,AD,,,,,,,,,,0,,,,,,,,T
2019,8/29/19,SGL103,B,TE,6,BLUE130,N,WFM,F,JUV,,,14,1.5,2.2,,7,,,20,,,,,,,,T
2019,8/29/19,SGL103,B,TE,4,BLUE128,Y,WFM,M,AD,,,,,,,,,,7,,,,,,,,T
2019,8/29/19,SGL103,B,TE,8,BLUE193,Y,WFM,,AD,,,,,,,,,,12,,,,,,,,T
2019,8/29/19,SGL103,B,TE,1,BLUE131,Y,WFM,M,,,,,,,,,,,8,,,,,,,,T
2019,8/29/19,SGL103,B,T3,4,BLUE142,Y,WFM,M,AD,,,,,,,,,,5,,,,,,,,T
2019,8/29/19,SGL103,B,T1,6,BLUE101,N,WFM,F,AD,,,19,1.6,2,,8.5,,,8,,,,,,,,T
2019,8/29/19,SGL103,C,C1,4,BLACK409,Y,CHP,M,AD,,,,,,,,,,2,,,,,,,,C
2019,8/29/19,SGL103,C,CE,19,BLACK484,Y,RBV,F,AD,,,,,,,,,,0,,,,,,,,C
2019,8/29/19,SGL103,C,C3,8,BLACK489,N,RBV,F,AD,,,,,,,,,,0,,,,,,,,C
2019,8/29/19,SGL103,C,C3,3,BLACK492,Y,RBV,M,AD,,,,,,,,,,1,,,,,,,,C
2019,8/29/19,SGL103,C,C3,5,BLACK475,Y,RBV,F,AD,,,,,,,,,,2,,,,,,,,C
2019,8/29/19,SGL103,C,C3,9,BLACK496,Y,RBV,,AD,,,,,,,,,,1,,,,,,,,C
2019,8/29/19,SGL103,C,C2,9,BLACK418,N,RBV,F,AD,,,27,1.4,1.5,,10.4,,,0,,,,,,,,C
2019,8/29/19,SGL103,C,C2,5,BLACK404,Y,RBV,F,,,,,,,,,,,1,,,,,,,,C
2019,8/29/19,SGL103,C,C1,10,BLACK455,N,RBV,M,AD,,,26,1.2,2,,9,,,0,,,,,,,,C
2019,8/29/19,SGL103,C,C1,3,BLACK426,Y,RBV,F,AD,,,,,,,,,,1,,,,,,,,C
2019,8/29/19,SGL103,C,C1,5,BLACK487,Y,RBV,F,,,,,,,,,,,1,,,,,,,,C
2019,8/29/19,SGL103,C,TE,1,RED495,N,RBV,F,AD,,,30,1.4,1.5,,10,,,3,,,,,,,,T
2019,8/29/19,SGL103,C,TE,3,RED438,Y,RBV,M,AD,,,,,,,,,,1,,,,,,,,T
2019,8/29/19,SGL103,C,TE,11,RED415,Y,RBV,,AD,,,,,,,,,,1,,,,,,,,T
2019,8/29/19,SGL103,C,T3,4,RED484,Y,RBV,F,AD,,,,,,,,,,0,,,,,,,,T
2019,8/29/19,SGL103,C,T3,5,RED496,Y,RBV,M,AD,,,,,,,,,,1,,,,,,,,T
2019,8/29/19,SGL103,C,T3,6,RED452,Y,RBV,M,AD,,,,,,,,,,3,,,,,,,,T
2019,8/29/19,SGL103,C,T2,6,RED454,Y,RBV,F,AD,,,,,,,,,,,,,,,,,,T
2019,8/29/19,SGL103,C,T2,1,RED479,Y,RBV,M,AD,,,,,,,,,,0,,,,,,,,T
2019,8/29/19,SGL103,C,T2,3,RED447,Y,RBV,F,AD,,,,,,,,,,0,,,,,,,,T
2019,8/29/19,SGL103,C,T2,7,RED428,Y,RBV,F,AD,,,,,,,,,,3,,,,,,,,T
2019,8/29/19,SGL103,C,T2,10,RED441,Y,RBV,F,AD,,,,,,,,,,0,,,,,,,,T
2019,8/29/19,SGL103,C,T1,3,RED470,Y,RBV,M,AD,,,,,,,,,,0,,,,,,,,T
2019,8/20/19,SGL103,A,CE,19,BLACK241,Y,CHP,,AD,,,,,,,,,,6,,,,,,,,C
2019,8/20/19,SGL103,A,CE,13,BLACK300,Y,WFM,M,AD,,,,,,,,,,9,,,,,,,,C
2019,8/20/19,SGL103,A,CE,24,BLACK257,Y,WFM,,,,,,,,,,,,11,,,,,,,,C
2019,8/20/19,SGL103,A,C2,2,BLACK294,Y,WFM,F,AD,,,,,,,,,,6,,,,,,,,C
2019,8/20/19,SGL103,A,C2,5,BLACK226,Y,WFM,M,AD,,,,,,,,,,8,,,,,,,,C
2019,8/20/19,SGL103,A,C1,3,BLACK282,Y,WFM,F,,,,,,,,,,,7,,,,,,,,C
2019,8/20/19,SGL103,A,T3,2,GREEN298,Y,CHP,,,,,,,,,,,,1,,,,,,,,T
2019,8/20/19,SGL103,A,T1,2,GREEN288,N,CHP,,AD,,,,,,,,,,2,,,,,,,,T
2019,8/20/19,SGL103,A,TE,10,BLACK480,Y,RBV,M,AD,,,,,,,,,,0,,,,,,,,T
2019,8/20/19,SGL103,A,T1,9,GREEN272,Y,RBV,F,AD,,,,,,,,,,0,,,,,,,,T
2019,8/20/19,SGL103,A,TE,2,GREEN239,Y,WFM,M,AD,,,,,,,,,,2,,,,,,,,T
2019,8/20/19,SGL103,A,TE,6,GREEN271,Y,WFM,M,,,,,,,,,,,3,,,,,,,,T
2019,8/20/19,SGL103,A,T2,6,GREEN296,Y,WFM,M,AD,,,,,,,,,,3,,,,,,,,T
2019,8/20/19,SGL103,A,T2,9,GREEN270,Y,WFM,M,AD,,,,,,,,,,7,,,,,,,,T
2019,8/20/19,SGL103,A,T2,10,GREEN255,Y,WFM,M,AD,,,,,,,,,,10,,,,,,,,T
2019,8/20/19,SGL103,A,T1,1,GREEN242,Y,WFM,F,AD,,,,,,,,,,1,,,,,,,,T
2019,8/20/19,SGL103,B,C3,5,BLACK186,Y,RBV,M,AD,,,,,,,,,,0,,,,,,,,C
2019,8/20/19,SGL103,B,C3,7,BLACK127,Y,RBV,M,AD,,,,,,,,,,0,,,,,,,,C
2019,8/20/19,SGL103,B,C3,9,BLACK112,Y,RBV,M,AD,,,,,,,,,,0,,,,,,,,C
2019,8/20/19,SGL103,B,C3,10,BLACK134,Y,RBV,M,AD,,,,,,,,,,0,,,,,,,,C
2019,8/20/19,SGL103,B,C2,6,BLACK141,Y,RBV,F,AD,,,,,,,,,,0,,,,,,,,C
2019,8/20/19,SGL103,B,C2,7,BLACK113,Y,RBV,M,AD,,,,,,,,,,0,,,,,,,,C
2019,8/20/19,SGL103,B,C1,9,BLACK131,N,RBV,F,AD,,,21,1.2,1.7,,9,,,0,,,,,,,,C
2019,8/20/19,SGL103,B,C1,7,BLACK178,Y,RBV,M,AD,,,,,,,,,,0,,,,,,,,C
2019,8/20/19,SGL103,B,T3,6,BLUE170,Y,RBV,F,AD,,,,,,,,,,0,,,,,,,,T
2019,8/20/19,SGL103,B,T2,1,BLUE161,Y,RBV,M,AD,,,,,,,,,,0,,,,,,,,T
2019,8/20/19,SGL103,B,TE,6,BLUE128,N,WFM,M,AD,,,21,1.5,2,,7.5,,,8,,,,,,,,T
2019,8/20/19,SGL103,B,TE,5,BLUE193,Y,WFM,,AD,,,,,,,,,,5,,,,,,,,T
2019,8/20/19,SGL103,B,T1,1,BLUE131,Y,WFM,M,JUV,,,,,,,,,,7,,,,,,,,T
2019,8/20/19,SGL103,C,C2,8,BLACK409,Y,CHP,M,AD,,,,,,,,,,10,,,,,,,,C
2019,8/20/19,SGL103,C,CE,11,RED415,Y,RBV,,AD,,,,,,,,,,0,,,,,,,,C
2019,8/20/19,SGL103,C,CE,24,BLACK473,Y,RBV,F,AD,,,,,,,,,,0,,,,,,,,C
2019,8/20/19,SGL103,C,C3,3,BLACK440,N,RBV,F,AD,,,24,1.1,1.9,,10.2,,,0,,,,,,,,C
2019,8/20/19,SGL103,C,C3,10,BLACK442,N,RBV,F,AD,,,26,1.5,2,,9,,,0,,,,,,,,C
2019,8/20/19,SGL103,C,C3,4,BLACK475,Y,RBV,F,AD,,,,,,,,,,0,,,,,,,,C
2019,8/20/19,SGL103,C,C2,3,BLACK493,Y,RBV,M,AD,,,,,,,,,,0,,,,,,,,C
2019,8/20/19,SGL103,C,C2,6,BLACK492,Y,RBV,M,AD,,,,,,,,,,0,,,,,,,,C
2019,8/20/19,SGL103,C,C1,8,BLACK433,N,RBV,M,AD,,,24,1.5,1.8,,11,,,0,,,,,,,,C
2019,8/20/19,SGL103,C,C1,3,BLACK426,N,RBV,F,AD,,,21,0.9,1.7,,9.3,,,0,,,,,,,,C
2019,8/20/19,SGL103,C,TE,2,RED438,Y,RBV,M,AD,,,,,,,,,,6,,,,,,,,T
2019,8/20/19,SGL103,C,TE,10,RED479,Y,RBV,M,AD,,,,,,,,,,0,,,,,,,,T
2019,8/20/19,SGL103,C,T3,9,RED452,N,RBV,M,AD,,,23,1.7,2,,9.6,,,0,,,,,,,,T
2019,8/20/19,SGL103,C,T3,2,RED486,Y,RBV,,AD,,,,,,,,,,0,,,,,,,,T
2019,8/20/19,SGL103,C,T3,5,RED484,Y,RBV,F,AD,,,,,,,,,,0,,,,,,,,T
2019,8/20/19,SGL103,C,T3,7,RED428,Y,RBV,F,AD,,,,,,,,,,2,,,,,,,,T
2019,8/20/19,SGL103,C,T3,1,RED485,Y,RBV,M,,,,,,,,,,,0,,,,,,,,T
2019,8/20/19,SGL103,C,T2,7,RED441,N,RBV,F,AD,,,36,1,2,,10,,,0,,,,,,,,T
2019,8/20/19,SGL103,C,T2,4,RED457,Y,RBV,M,AD,,,,,,,,,,4,,,,,,,,T
2019,8/20/19,SGL103,C,T2,5,RED454,Y,RBV,F,AD,,,,,,,,,,0,,,,,,,,T
2019,8/20/19,SGL103,C,T1,3,RED470,N,RBV,M,AD,,,26,1.5,2,,10.5,,,0,,,,,,,,T
2019,8/20/19,SGL103,C,T1,8,RED467,Y,RBV,M,AD,,,,,,,,,,2,,,,,,,,T
2019,8/13/19,SGL103,A,CE,21,BLACK241,N,CHP,,AD,,,,,,,,,,3,,,,,,,,C
2019,8/13/19,SGL103,A,C2,5,BLACK243,Y,CHP,,AD,,,,,,,,,,7,,,,,,,,C
2019,8/13/19,SGL103,A,CE,23,BLACK267,Y,WFM,,AD,,,,,,,,,,10,,,,,,,,C
2019,8/13/19,SGL103,A,CE,15,BLACK282,Y,WFM,F,,,,,,,,,,,5,,,,,,,,C
2019,8/13/19,SGL103,A,C3,6,BLACK257,Y,WFM,,,,,,,,,,,,14,,,,,,,,C
2019,8/13/19,SGL103,A,C2,2,BLACK226,Y,WFM,M,AD,,,,,,,,,,10,,,,,,,,C
2019,8/13/19,SGL103,A,C2,7,BLACK294,Y,WFM,F,AD,,,,,,,,,,0,,,,,,,,C
2019,8/13/19,SGL103,A,C1,4,BLACK300,Y,WFM,M,AD,,,,,,,,,,5,,,,,,,,C
2019,8/13/19,SGL103,A,T3,1,GREEN298,N,CHP,,,,,,,,,,,,7,,,,,,,,T
2019,8/13/19,SGL103,A,T2,8,GREEN285,N,CHP,M,AD,,,,,,,,,,1,,,,,,,,T
2019,8/13/19,SGL103,A,T1,9,GREEN272,Y,RBV,F,AD,,,,,,,,,,2,,,,,,,,T
2019,8/13/19,SGL103,A,TE,2,GREEN296,Y,WFM,M,AD,,,,,,,,,,0,,,,,,,,T
2019,8/13/19,SGL103,A,TE,3,GREEN239,Y,WFM,M,AD,,,,,,,,,,11,,,,,,,,T
2019,8/13/19,SGL103,A,TE,4,GREEN242,Y,WFM,F,AD,,,,,,,,,,6,,,,,,,,T
2019,8/13/19,SGL103,A,TE,5,GREEN271,Y,WFM,M,,,,,,,,,,,4,,,,,,,,T
2019,8/13/19,SGL103,A,T3,10,GREEN225,Y,WFM,M,AD,,,,,,,,,,25,,,,,,,,T
2019,8/13/19,SGL103,A,T2,7,GREEN254,Y,WFM,M,AD,,,,,,,,,,20,,,,,,,,T
2019,8/13/19,SGL103,A,T2,9,GREEN270,Y,WFM,M,AD,,,,,,,,,,13,,,,,,,,T
2019,8/13/19,SGL103,A,T1,10,GREEN255,Y,WFM,M,AD,,,,,,,,,,28,,,,,,,,T
2019,8/13/19,SGL103,B,C3,9,BLACK117,Y,RBV,M,AD,,,,,,,,,,,,,,,,,,C
2019,8/13/19,SGL103,B,C3,4,BLACK127,Y,RBV,M,AD,,,,,,,,,,0,,,,,,,,C
2019,8/13/19,SGL103,B,C3,6,BLACK134,Y,RBV,M,AD,,,,,,,,,,0,,,,,,,,C
2019,8/13/19,SGL103,B,C2,6,BLACK186,N,RBV,M,AD,,,31,1.5,1.5,,10.8,,,0,,,,,,,,C
2019,8/13/19,SGL103,B,C2,1,BLACK139,Y,RBV,F,AD,,,,,,,,,,0,,,,,,,,C
2019,8/13/19,SGL103,B,C2,8,BLACK178,Y,RBV,M,AD,,,,,,,,,,0,,,,,,,,C
2019,8/13/19,SGL103,B,C1,7,BLACK146,N,RBV,M,AD,,,33,1.5,1.9,,10,,,0,,,,,,,,C
2019,8/13/19,SGL103,B,C1,2,BLACK110,Y,RBV,M,AD,,,,,,,,,,0,,,,,,,,C
2019,8/13/19,SGL103,B,T3,3,BLUE161,Y,RBV,M,AD,,,,,,,,,,0,,,,,,,,T
2019,8/13/19,SGL103,B,T3,5,BLUE192,Y,RBV,,AD,,,,,,,,,,2,,,,,,,,T
2019,8/13/19,SGL103,B,T2,9,BLUE170,Y,RBV,F,AD,,,,,,,,,,0,,,,,,,,T
2019,8/13/19,SGL103,B,TE,1,BLUE131,N,WFM,M,JUV,,,18,1.5,2,,6.8,,,17,,,,,,,,T
2019,8/13/19,SGL103,B,TE,9,BLUE142,Y,WFM,M,AD,,,,,,,,,,8,,,,,,,,T
2019,8/13/19,SGL103,B,T2,3,BLUE193,Y,WFM,,AD,,,,,,,,,,5,,,,,,,,T
2019,8/13/19,SGL103,C,C3,4,BLACK409,Y,CHP,M,AD,,,,,,,,,,5,,,,,,,,C
2019,8/13/19,SGL103,C,CE,24,BLACK473,N,RBV,F,AD,,,19,1.3,1.9,,8.9,,,0,,,,,,,,C
2019,8/13/19,SGL103,C,CE,16,BLACK462,N,RBV,M,AD,,,24,1,1.8,,7.5,,,0,,,,,,,,C
2019,8/13/19,SGL103,C,C3,3,BLACK492,Y,RBV,M,AD,,,,,,,,,,1,,,,,,,,C
2019,8/13/19,SGL103,C,C3,9,BLACK496,Y,RBV,,AD,,,,,,,,,,2,,,,,,,,C
2019,8/13/19,SGL103,C,C2,3,BLACK484,Y,RBV,F,AD,,,,,,,,,,0,,,,,,,,C
2019,8/13/19,SGL103,C,C2,9,BLACK475,Y,RBV,F,AD,,,,,,,,,,0,,,,,,,,C
2019,8/13/19,SGL103,C,C1,6,BLACK499,Y,RBV,M,AD,,,,,,,,,,1,,,,,,,,C
2019,8/13/19,SGL103,C,C1,9,BLACK451,Y,RBV,M,AD,,,,,,,,,,0,,,,,,,,C
2019,8/13/19,SGL103,C,C1,5,BLACK487,Y,RBV,F,,,,,,,,,,,1,,,,,,,,C
2019,8/13/19,SGL103,C,TE,12,RED415,N,RBV,,AD,,,,,,,,,,0,,,,,,,,T
2019,8/13/19,SGL103,C,TE,15,BLACK493,Y,RBV,M,AD,,,,,,,,,,0,,,,,,,,T
2019,8/13/19,SGL103,C,T3,1,RED485,N,RBV,M,,,,30,1.3,1.7,,9,,,0,,,,,,,,T
2019,8/13/19,SGL103,C,T3,4,RED484,Y,RBV,F,AD,,,,,,,,,,0,,,,,,,,T
2019,8/13/19,SGL103,C,T3,9,RED498,Y,RBV,M,AD,,,,,,,,,,0,,,,,,,,T
2019,8/13/19,SGL103,C,T2,1,RED438,N,RBV,M,AD,,,34,1.1,1.5,,9.2,,,0,,,,,,,,T
2019,8/13/19,SGL103,C,T2,4,RED457,Y,RBV,M,AD,,,,,,,,,,3,,,,,,,,T
2019,8/13/19,SGL103,C,T2,5,RED428,Y,RBV,F,AD,,,,,,,,,,1,,,,,,,,T
2019,8/13/19,SGL103,C,T2,6,RED454,Y,RBV,F,AD,,,,,,,,,,0,,,,,,,,T
2019,8/13/19,SGL103,C,T2,10,BLACK142,Y,RBV,F,AD,,,,,,,,,,3,,,,,,,,T
2019,8/13/19,SGL103,C,T1,8,RED467,Y,RBV,M,AD,,,,,,,,,,0,,,,,,,,T
2019,8/6/19,SGL103,A,C3,1,BLACK205,Y,CHP,F,AD,,,,,,,,,,10,,,,,,,,C
2019,8/6/19,SGL103,A,C1,5,BLACK243,N,CHP,,AD,,,,,,,,,,4,,,,,,,,C
2019,8/6/19,SGL103,A,CE,13,BLACK226,Y,WFM,M,AD,,,,,,,,,,4,,,,,,,,C
2019,8/6/19,SGL103,A,CE,20,BLACK294,Y,WFM,F,AD,,,,,,,,,,0,,,,,,,,C
2019,8/6/19,SGL103,A,CE,14,BLACK282,Y,WFM,F,JUV,,,,,,,,,,7,,,,,,,,C
2019,8/6/19,SGL103,A,C3,4,BLACK257,N,WFM,,JUV,,,18,1.3,2,,8,,,15,,,,,,,,C
2019,8/6/19,SGL103,A,C3,2,BLACK267,N,WFM,,AD,,,22,1.5,1.9,,7.5,,,7,,,,,,,,C
2019,8/6/19,SGL103,A,T3,10,GREEN297,N,CHP,,AD,,,,,,,,,,9,,,,,,,,T
2019,8/6/19,SGL103,A,T1,3,,,CHP,,,,,,,,,,,,,,,,,,,,T
2019,8/6/19,SGL103,A,T2,1,BLACK480,Y,RBV,M,AD,,,,,,,,,,0,,,,,,,,T
2019,8/6/19,SGL103,A,T2,7,GREEN222,Y,RBV,F,AD,,,,,,,,,,0,,,,,,,,T
2019,8/6/19,SGL103,A,T1,9,GREEN272,N,RBV,F,AD,,,28,1.4,1.9,,10.5,,,4,,,,,,,,T
2019,8/6/19,SGL103,A,TE,7,GREEN271,Y,WFM,M,,,,,,,,,,,3,,,,,,,,T
2019,8/6/19,SGL103,A,T2,5,GREEN225,Y,WFM,M,AD,,,,,,,,,,20,,,,,,,,T
2019,8/6/19,SGL103,A,T2,9,GREEN270,Y,WFM,M,AD,,,,,,,,,,9,,,,,,,,T
2019,8/6/19,SGL103,A,T2,10,GREEN254,Y,WFM,M,AD,,,,,,,,,,5,,,,,,,,T
2019,8/6/19,SGL103,A,T1,6,GREEN255,N,WFM,M,AD,,,15,1.4,2,,7,,,22,,,,,,,,T
2019,8/6/19,SGL103,B,C3,3,BLACK127,N,RBV,M,AD,,,18,0.9,1.7,,8,,,0,,,,,,,,C
2019,8/6/19,SGL103,B,C3,6,BLACK134,Y,RBV,M,AD,,,,,,,,,,0,,,,,,,,C
2019,8/6/19,SGL103,B,C3,9,BLACK112,Y,RBV,M,AD,,,,,,,,,,0,,,,,,,,C
2019,8/6/19,SGL103,B,C2,5,BLACK113,N,RBV,M,AD,,,15,1.5,1.8,,8,,,1,,,,,,,,C
2019,8/6/19,SGL103,B,C2,9,BLACK117,Y,RBV,M,AD,,,,,,,,,,0,,,,,,,,C
2019,8/6/19,SGL103,B,C1,10,BLACK101,N,WFM,M,JUV,,,14,1.5,2,,7.5,,,6,,,,,,,,C
2019,8/6/19,SGL103,B,T3,5,BLUE192,N,RBV,,AD,,,23,1.4,1.7,,7.5,,,10,,,,,,,,T
2019,8/6/19,SGL103,B,T3,1,BLUE161,Y,RBV,M,AD,,,,,,,,,,0,,,,,,,,T
2019,8/6/19,SGL103,B,TE,7,BLUE142,Y,WFM,M,AD,,,,,,,,,,4,,,,,,,,T
2019,8/6/19,SGL103,B,T2,1,BLUE193,Y,WFM,,AD,,,,,,,,,,8,,,,,,,,T
2019,8/6/19,SGL103,C,C3,5,BLACK492,Y,RBV,M,AD,,,,,,,,,,0,,,,,,,,C
2019,8/6/19,SGL103,C,C3,5,BLACK493,Y,RBV,M,AD,,,,,,,,,,3,,,,,,,,C
2019,8/6/19,SGL103,C,C3,10,BLACK496,Y,RBV,,AD,,,,,,,,,,0,,,,,,,,C
2019,8/6/19,SGL103,C,C2,1,BLACK451,Y,RBV,M,AD,,,,,,,,,,0,,,,,,,,C
2019,8/6/19,SGL103,C,C2,4,BLACK484,Y,RBV,F,AD,,,,,,,,,,1,,,,,,,,C
2019,8/6/19,SGL103,C,T3,10,RED469,N,RBV,F,AD,,,20,1.4,1.8,,9,,,0,,,,,,,,T
2019,8/6/19,SGL103,C,T3,1,RED418,N,RBV,,AD,,,34,,,,,,,4,,,,,,,,T
2019,8/6/19,SGL103,C,T3,4,RED484,Y,RBV,F,AD,,,,,,,,,,0,,,,,,,,T
2019,8/6/19,SGL103,C,T3,8,RED498,Y,RBV,M,AD,,,,,,,,,,0,,,,,,,,T
2019,8/6/19,SGL103,C,T2,9,RED466,N,RBV,,AD,,,21,0.9,1.7,,9.5,,,0,,,,,,,,T
2019,8/6/19,SGL103,C,T2,3,RED447,N,RBV,F,AD,,,21,1.4,1.8,,9.4,,,0,,,,,,,,T
2019,8/6/19,SGL103,C,T2,8,RED428,Y,RBV,F,AD,,,,,,,,,,0,,,,,,,,T
2019,8/6/19,SGL103,C,T1,10,RED467,Y,RBV,M,AD,,,,,,,,,,0,,,,,,,,T
2019,7/30/19,SGL103,A,CE,19,BLACK294,Y,WFM,F,AD,,,,,,,,,,6,,,,,,,,C
2019,7/30/19,SGL103,A,C2,3,BLACK226,Y,WFM,M,AD,,,,,,,,,,5,,,,,,,,C
2019,7/30/19,SGL103,A,C2,9,GREEN246,Y,WFM,M,AD,,,,,,,,,,21,,,,,,,,C
2019,7/30/19,SGL103,A,C1,4,BLACK300,N,WFM,M,AD,,,26,1.5,1.8,,10,,,20,,,,,,,,C
2019,7/30/19,SGL103,A,C1,7,BLACK282,Y,WFM,F,JUV,,,,,,,,,,12,,,,,,,,C
2019,7/30/19,SGL103,A,T3,4,GREEN206,N,CHP,F,AD,,,,,,,,,,23,,,,,,,,T
2019,7/30/19,SGL103,A,T1,6,GREEN274,N,RBV,M,AD,,,30,1,1.75,,9,,,0,,,,,,,,T
2019,7/30/19,SGL103,A,T1,9,GREEN222,Y,RBV,F,AD,,,,,,,,,,1,,,,,,,,T
2019,7/30/19,SGL103,A,TE,12,GREEN271,N,WFM,M,JUV,,,15,1.5,2,,8,,,12,,,,,,,,T
2019,7/30/19,SGL103,A,TE,6,GREEN296,Y,WFM,M,AD,,,,,,,,,,1,,,,,,,,T
2019,7/30/19,SGL103,A,T2,5,GREEN254,Y,WFM,M,AD,,,,,,,,,,5,,,,,,,,T
2019,7/30/19,SGL103,A,T2,7,GREEN225,Y,WFM,M,AD,,,,,,,,,,8,,,,,,,,T
2019,7/30/19,SGL103,A,T2,10,GREEN270,Y,WFM,M,AD,,,,,,,,,,9,,,,,,,,T
2019,7/30/19,SGL103,A,T1,7,GREEN257,N,WFM,M,AD,,,16,1.5,2,,7,,,5,,,,,,,,T
2019,7/30/19,SGL103,A,T1,2,GREEN242,Y,WFM,F,AD,,,,,,,,,,0,,,,,,,,T
2019,7/30/19,SGL103,A,T1,3,GREEN239,Y,WFM,M,AD,,,,,,,,,,4,,,,,,,,T
2019,7/30/19,SGL103,B,C3,6,BLACK134,N,RBV,M,AD,,,20,0.7,1.7,,8,,,0,,,,,,,,C
2019,7/30/19,SGL103,B,C3,5,BLACK187,N,RBV,F,AD,,,17,0.8,1.7,,7,,,0,,,,,,,,C
2019,7/30/19,SGL103,B,C3,7,BLACK141,Y,RBV,F,AD,,,,,,,,,,0,,,,,,,,C
2019,7/30/19,SGL103,B,C3,8,BLACK117,Y,RBV,M,AD,,,,,,,,,,1,,,,,,,,C
2019,7/30/19,SGL103,B,C3,9,BLACK112,Y,RBV,M,AD,,,,,,,,,,1,,,,,,,,C
2019,7/30/19,SGL103,B,C2,3,BLACK139,N,RBV,F,AD,,,17,0.8,1.8,,7.3,,,0,,,,,,,,C
2019,7/30/19,SGL103,B,C1,7,BLACK178,N,RBV,M,AD,,,22,1,2,,9,,,0,,,,,,,,C
2019,7/30/19,SGL103,B,T3,2,BLUE161,N,RBV,M,AD,,,19,0.8,1.7,,10,,,0,,,,,,,,T
2019,7/30/19,SGL103,B,T3,8,BLUE170,N,RBV,F,AD,,,24,,1,,9,,,1,,,,,,,,T
2019,7/30/19,SGL103,B,TE,10,BLUE193,Y,WFM,,AD,,,,,,,,,,7,,,,,,,,T
2019,7/30/19,SGL103,B,T2,6,BLUE142,Y,WFM,M,AD,,,,,,,,,,3,,,,,,,,T
2019,7/30/19,SGL103,C,C2,8,BLACK409,N,CHP,M,AD,,,,,,,,,,5,,,,,,,,C
2019,7/30/19,SGL103,C,CE,20,BLACK193,Y,RBV,,AD,,,,,,,,,,1,,,,,,,,C
2019,7/30/19,SGL103,C,CE,16,BLACK498,Y,RBV,,,,,,,,,,,,0,,,,,,,,C
2019,7/30/19,SGL103,C,C3,3,BLACK464,Y,RBV,M,AD,,,,,,,,,,2,,,,,,,,C
2019,7/30/19,SGL103,C,C3,10,BLACK496,Y,RBV,,AD,,,,,,,,,,0,,,,,,,,C
2019,7/30/19,SGL103,C,C2,8,RED421,N,RBV,F,AD,,,35,1.5,2,,9,,,1,,,,,,,,C
2019,7/30/19,SGL103,C,C2,9,BLACK426,N,RBV,M,JUV,,,17,1,1.75,,8,,,1,,,,,,,,C
2019,7/30/19,SGL103,C,C2,5,BLACK404,N,RBV,F,JUV,,,17,0.6,1.5,,6.5,,,0,,,,,,,,C
2019,7/30/19,SGL103,C,C2,1,BLACK484,Y,RBV,F,AD,,,,,,,,,,1,,,,,,,,C
2019,7/30/19,SGL103,C,C2,10,BLACK475,Y,RBV,F,AD,,,,,,,,,,0,,,,,,,,C
2019,7/30/19,SGL103,C,C1,5,BLACK499,Y,RBV,M,AD,,,,,,,,,,0,,,,,,,,C
2019,7/30/19,SGL103,C,C1,9,BLACK451,Y,RBV,M,AD,,,,,,,,,,2,,,,,,,,C
2019,7/30/19,SGL103,C,TE,10,RED487,N,RBV,M,AD,,,22,1,1.9,,9.5,,,0,,,,,,,,T
2019,7/30/19,SGL103,C,T3,2,RED493,N,RBV,M,AD,,,35,1.5,2,,11.5,,,0,,,,,,,,T
2019,7/30/19,SGL103,C,T3,4,RED486,N,RBV,,AD,,,21,1,1.9,,9.3,,,0,,,,,,,,T
2019,7/30/19,SGL103,C,T3,1,RED484,Y,RBV,F,AD,,,,,,,,,,0,,,,,,,,T
2019,7/30/19,SGL103,C,T3,10,RED498,Y,RBV,M,AD,,,,,,,,,,0,,,,,,,,T
2019,7/30/19,SGL103,C,T2,10,BLACK142,N,RBV,F,AD,,,20,1,1.7,,8,,,0,,,,,,,,T
2019,7/30/19,SGL103,C,T2,5,RED454,Y,RBV,F,AD,,,,,,,,,,1,,,,,,,,T
2019,7/30/19,SGL103,C,T2,9,RED428,Y,RBV,F,AD,,,,,,,,,,0,,,,,,,,T
2019,7/30/19,SGL103,C,T1,8,RED467,Y,RBV,M,AD,,,,,,,,,,0,,,,,,,,T
2019,Jul-19,SGL103,A,C2,1,BLACK205,N,CHP,F,AD,,,,,,,,,,0,,,,,,,,C
2019,7/25/19,SGL103,A,CE,15,BLACK294,N,WFM,F,AD,,,16,1,2,,8.5,,,2,,,,,,,,C
2019,7/25/19,SGL103,A,CE,14,BLACK282,N,WFM,F,JUV,,,14,1,2,,7.5,,,10,,,,,,,,C
2019,7/25/19,SGL103,A,CE,18,BLACK226,Y,WFM,M,AD,,,,,,,,,,9,,,,,,,,C
2019,7/25/19,SGL103,A,C3,4,GREEN246,Y,WFM,M,AD,,,,,,,,,,9,,,,,,,,C
2019,7/25/19,SGL103,A,C3,7,BLACK206,Y,WFM,F,AD,,,,,,,,,,7,,,,,,,,C
2019,7/25/19,SGL103,A,T2,7,GREEN222,N,RBV,F,AD,,,24,1,1.6,,10,,,1,,,,,,,,T
2019,7/25/19,SGL103,A,T2,1,BLACK480,Y,RBV,M,AD,,,,,,,,,,0,,,,,,,,T
2019,7/25/19,SGL103,A,T1,3,GREEN223,N,RBV,F,AD,,,21,,,,,,,2,,,,,,,,T
2019,7/25/19,SGL103,A,TE,1,GREEN239,Y,WFM,M,AD,,,,,,,,,,9,,,,,,,,T
2019,7/25/19,SGL103,A,TE,3,GREEN242,Y,WFM,F,AD,,,,,,,,,,9,,,,,,,,T
2019,7/25/19,SGL103,A,TE,11,GREEN296,Y,WFM,M,AD,,,,,,,,,,3,,,,,,,,T
2019,7/25/19,SGL103,A,T2,8,GREEN254,Y,WFM,M,AD,,,,,,,,,,1,,,,,,,,T
2019,7/25/19,SGL103,A,T2,10,GREEN225,Y,WFM,M,AD,,,,,,,,,,12,,,,,,,,T
2019,7/25/19,SGL103,A,T2,5,GREEN270,Y,WFM,M,,,,,,,,,,,7,,,,,,,,T
2019,7/25/19,SGL103,B,C3,7,BLACK141,Y,RBV,F,AD,,,,,,,,,,0,,,,,,,,C
2019,7/25/19,SGL103,B,C3,10,BLACK112,Y,RBV,M,AD,,,,,,,,,,1,,,,,,,,C
2019,7/25/19,SGL103,B,C2,1,BLACK123,N,RBV,F,JUV,,,12.5,0.9,1.6,,6.5,,,0,,,,,,,,C
2019,7/25/19,SGL103,B,C2,9,BLACK117,Y,RBV,M,AD,,,,,,,,,,0,,,,,,,,C
2019,7/25/19,SGL103,B,C1,1,BLACK110,Y,RBV,M,AD,,,,,,,,,,,,,,,,,,C
2019,7/25/19,SGL103,B,TE,10,BLUE111,N,WFM,M,AD,,,21,1.5,2,,8.5,,,6,,,,,,,,T
2019,7/25/19,SGL103,B,T3,1,BLUE193,Y,WFM,,AD,,,,,,,,,,8,,,,,,,,T
2019,7/25/19,SGL103,B,T3,3,BLUE142,Y,WFM,M,AD,,,,,,,,,,3,,,,,,,,T
2019,7/25/19,SGL103,C,CE,16,BLACK468,N,RBV,M,AD,,,17,1.1,1.7,,9,,,1,,,,,,,,C
2019,7/25/19,SGL103,C,CE,15,BLACK486,N,RBV,F,AD,,,32,1,2,,8,,,7,,,,,,,,C
2019,7/25/19,SGL103,C,C3,1,BLACK463,Y,RBV,,AD,,,,,,,,,,1,,,,,,,,C
2019,7/25/19,SGL103,C,C3,3,BLACK464,Y,RBV,M,AD,,,,,,,,,,2,,,,,,,,C
2019,7/25/19,SGL103,C,C3,6,BLACK475,Y,RBV,F,AD,,,,,,,,,,0,,,,,,,,C
2019,7/25/19,SGL103,C,C3,7,BLACK496,Y,RBV,,AD,,,,,,,,,,0,,,,,,,,C
2019,7/25/19,SGL103,C,C2,5,BLACK492,N,RBV,M,AD,,,24,1.1,1.5,,9,,,1,,,,,,,,C
2019,7/25/19,SGL103,C,C1,5,RED499,Y,RBV,,AD,,,,,,,,,,0,,,,,,,,C
2019,7/25/19,SGL103,C,C1,9,BLACK451,Y,RBV,M,AD,,,,,,,,,,,,,,,,,,C
2019,7/25/19,SGL103,C,TE,11,RED494,N,RBV,M,AD,,,20.5,1.1,1.6,,10,,,1,,,,,,,,T
2019,7/25/19,SGL103,C,TE,4,RED489,N,RBV,M,AD,,,18,1.2,1.5,,8.5,,,0,,,,,,,,T
2019,7/25/19,SGL103,C,TE,7,RED479,N,RBV,M,AD,,,17,1,1.5,,8,,,0,,,,,,,,T
2019,7/25/19,SGL103,C,T3,4,RED480,N,RBV,M,AD,,,17,1.1,1.8,,10,,,4,,,,,,,,T
2019,7/25/19,SGL103,C,T3,3,RED484,N,RBV,F,AD,,,20.5,1.1,1.8,,8,,,0,,,,,,,,T
2019,7/25/19,SGL103,C,T3,8,RED498,Y,RBV,M,AD,,,,,,,,,,0,,,,,,,,T
2019,7/25/19,SGL103,C,T2,2,,N,RBV,M,JUV,,,8,1,1.5,,7,,,6,,,,,,,,T
2019,7/25/19,SGL103,C,T2,6,RED457,Y,RBV,M,AD,,,,,,,,,,2,,,,,,,,T
2019,7/25/19,SGL103,C,T1,9,RED467,Y,RBV,M,AD,,,,,,,,,,0,,,,,,,,T
2019,7/25/19,SGL103,C,T1,10,RED496,Y,RBV,M,AD,,,,,,,,,,0,,,,,,,,T
2019,7/16/19,SGL103,A,CE,16,GREEN246,N,WFM,M,AD,,,19,1.5,2,,7.5,,,0,,,,,,,,C
2019,7/16/19,SGL103,A,C1,2,BLACK226,Y,WFM,M,AD,,,,,,,,,,17,,,,,,,,C
2019,7/16/19,SGL103,A,T1,7,RED467,Y,RBV,M,AD,,,,,,,,,,0,,,,,,,,T
2019,7/16/19,SGL103,A,TE,5,GREEN296,N,WFM,M,JUV,,,16,1,1.7,,6.3,,,0,,,,,,,,T
2019,7/16/19,SGL103,A,TE,1,GREEN239,Y,WFM,M,AD,,,,,,,,,,4,,,,,,,,T
2019,7/16/19,SGL103,A,TE,10,GREEN259,Y,WFM,F,AD,,,,,,,,,,5,,,,,,,,T
2019,7/16/19,SGL103,A,T2,8,GREEN254,Y,WFM,M,,,,,,,,,,,7,,,,,,,,T
2019,7/16/19,SGL103,A,T1,1,GREEN242,Y,WFM,F,JUV,,,20,2,2.2,,9,,,6,,,,,,,,T
2019,7/16/19,SGL103,B,C3,4,BLACK115,N,RBV,M,,,,16,1.2,2,,9,,,0,,,,,,,,C
2019,7/16/19,SGL103,B,C3,8,BLACK112,N,RBV,M,JUV,,,20,1,1.5,,7.5,,,1,,,,,,,,C
2019,7/16/19,SGL103,B,C3,6,BLACK141,Y,RBV,F,AD,,,,,,,,,,1,,,,,,,,C
2019,7/16/19,SGL103,B,C1,2,BLACK110,Y,RBV,M,AD,,,,,,,,,,0,,,,,,,,C
2019,7/16/19,SGL103,B,T3,1,BLUE122,N,RBV,F,JUV,,,18,1,2,,9,,,0,,,,,,,,T
2019,7/16/19,SGL103,B,TE,5,BLUE193,Y,WFM,,AD,,,,,,,,,,5,,,,,,,,T
2019,7/16/19,SGL103,B,T2,2,BLUE142,N,WFM,M,AD,,,22,1.6,2,,7.1,,,,,,,,,,,T
2019,7/16/19,SGL103,C,C2,9,BLACK494,N,CHP,F,AD,,,88,,,,,,,0,,,,,,,,C
2019,7/16/19,SGL103,C,CE,14,RED464,Y,RBV,M,AD,,,,,,,,,,0,,,,,,,,C
2019,7/16/19,SGL103,C,CE,14,BLACK439,Y,RBV,M,AD,,,,,,,,,,0,,,,,,,,C
2019,7/16/19,SGL103,C,CE,18,BLACK493,Y,RBV,M,AD,,,,,,,,,,1,,,,,,,,C
2019,7/16/19,SGL103,C,C3,10,BLACK477,N,RBV,M,AD,,,28,0.75,1.75,,8.5,,,0,,,,,,,,C
2019,7/16/19,SGL103,C,C3,7,BLACK466,N,RBV,M,JUV,,,18,0.8,1.8,,7.5,,,,,,,,,,,C
2019,7/16/19,SGL103,C,C3,1,BLACK464,N,RBV,M,JUV,,,26,0.9,1.6,,7,,,,,,,,,,,C
2019,7/16/19,SGL103,C,C2,10,BLACK490,N,RBV,F,AD,,,28,1,1.8,,10.5,,,0,,,,,,,,C
2019,7/16/19,SGL103,C,C2,1,BLACK484,Y,RBV,F,AD,,,,,,,,,,,,,,,,,,C
2019,7/16/19,SGL103,C,C2,2,BLACK451,Y,RBV,M,AD,,,,,,,,,,0,,,,,,,,C
2019,7/16/19,SGL103,C,C1,6,BLACK499,Y,RBV,M,AD,,,,,,,,,,1,,,,,,,,C
2019,7/16/19,SGL103,C,C1,5,BLACK487,Y,RBV,F,JUV,,,,,,,,,,,,,,,,,,C
2019,7/16/19,SGL103,C,T3,4,RED403,Y,RBV,F,AD,,,,,,,,,,0,,,,,,,,T
2019,7/16/19,SGL103,C,T3,10,RED498,Y,RBV,M,AD,,,,,,,,,,0,,,,,,,,T
2019,7/16/19,SGL103,C,T2,8,RED468,N,RBV,F,AD,,,35,1.5,2,,10.1,,,0,,,,,,,,T
2019,7/16/19,SGL103,C,T2,9,RED460,N,RBV,M,AD,,,21,1,2,,7,,,0,,,,,,,,T
2019,7/16/19,SGL103,C,T2,10,RED448,N,RBV,F,AD,,,,,,,,,,,,,,,,,,T
2019,7/16/19,SGL103,C,T2,6,RED457,Y,RBV,M,AD,,,,,,,,,,1,,,,,,,,T
2019,7/16/19,SGL103,C,T2,7,RED428,Y,RBV,F,AD,,,,,,,,,,,,,,,,,,T
2019,7/16/19,SGL103,C,T1,9,RED496,N,RBV,M,AD,,,21,1.3,2,,9,,,0,,,,,,,,T
2019,7/16/19,SGL103,C,T1,4,RED458,N,RBV,M,AD,,,23,1.8,1.3,,9,,,,,,,,,,,T
2019,7/9/19,SGL103,A,CE,15,BLACK226,Y,WFM,M,AD,,,,,,,,,,8,,,,,,,,C
2019,7/9/19,SGL103,A,T2,7,GREEN256,Y,RBV,M,AD,,,,,,,,,,0,,,,,,,,T
2019,7/9/19,SGL103,A,T1,9,GREEN229,N,RBV,F,AD,,,41,1,1.8,,7.5,,,,,,,,,,,T
2019,7/9/19,SGL103,A,TE,3,GREEN239,Y,WFM,M,AD,,,,,,,,,,5,,,,,,,,T
2019,7/9/19,SGL103,A,T3,9,GREEN225,Y,WFM,M,AD,,,,,,,,,,0,,,,,,,,T
2019,7/9/19,SGL103,A,T2,1,GREEN218,Y,WFM,M,AD,,,,,,,,,,,,,,,,,,T
2019,7/9/19,SGL103,A,T1,2,GREEN264,Y,WFM,M,JUV,,,,,,,,,,0,,,,,,,,T
2019,7/9/19,SGL103,B,C3,7,BLACK117,N,RBV,M,AD,,,26,1,1.8,,9.5,,,0,,,,,,,,C
2019,7/9/19,SGL103,B,C3,6,BLACK141,N,RBV,F,AD,,,19,1,1.7,,8.5,,,0,,,,,,,,C
2019,7/9/19,SGL103,B,C1,3,BLACK110,N,RBV,M,AD,,,22,1,1.8,,7.5,,,0,,,,,,,,C
2019,7/9/19,SGL103,B,T1,1,BLUE193,Y,WFM,,AD,,,,,,,,,,9,,,,,,,,T
2019,7/9/19,SGL103,C,C2,7,BLACK479,Y,CHP,M,AD,,,,,,,,,,5,,,,,,,,C
2019,7/9/19,SGL103,C,CE,7,,N,RBV,M,AD,,,,1.1,1.6,,9,,,0,,,,,,,,C
2019,7/9/19,SGL103,C,CE,14,BLACK451,Y,RBV,M,AD,,,,,,,,,,3,,,,,,,,C
2019,7/9/19,SGL103,C,CE,16,BLACK439,Y,RBV,M,AD,,,,,,,,,,0,,,,,,,,C
2019,7/9/19,SGL103,C,C3,3,BLACK485,N,RBV,M,JUV,,,14,1,1.7,,8.5,,,,,,,,,,,C
2019,7/9/19,SGL103,C,C3,6,BLACK475,Y,RBV,F,AD,,,,,,,,,,2,,,,,,,,C
2019,7/9/19,SGL103,C,C2,9,BLACK493,N,RBV,M,AD,,,30,1.1,1.8,,10.5,,,,,,,,,,,C
2019,7/9/19,SGL103,C,C1,10,BLACK497,N,RBV,M,AD,,,28,0.75,2.5,,10,,,1,,,,,,,,C
2019,7/9/19,SGL103,C,C1,7,BLACK499,Y,RBV,M,AD,,,,,,,,,,0,,,,,,,,C
2019,7/9/19,SGL103,C,C1,6,BLACK480,Y,RBV,M,JUV,,,,,,,,,,0,,,,,,,,C
2019,7/9/19,SGL103,C,TE,3,RED464,Y,RBV,M,AD,,,,,,,,,,2,,,,,,,,T
2019,7/9/19,SGL103,C,T3,4,RED403,Y,RBV,F,AD,,,,,,,,,,0,,,,,,,,T
2019,7/9/19,SGL103,C,T3,10,RED428,Y,RBV,F,AD,,,,,,,,,,1,,,,,,,,T
2019,7/9/19,SGL103,C,T3,9,RED498,Y,RBV,M,JUV,,,,,,,,,,,,,,,,,,T
2019,7/9/19,SGL103,C,T2,3,RED463,Y,RBV,F,AD,,,,,,,,,,1,,,,,,,,T
2019,7/9/19,SGL103,C,T2,5,RED457,Y,RBV,M,AD,,,,,,,,,,2,,,,,,,,T
2019,7/9/19,SGL103,C,T1,10,RED471,N,RBV,M,AD,,,19,1,1.7,,7.2,,,0,,,,,,,,T
2019,7/3/19,SGL103,A,C2,9,BLACK226,N,WFM,M,JUV,,,21,1.5,2,,7.5,,,6,,,,,,,,C
2019,7/3/19,SGL103,A,TE,6,GREEN218,Y,WFM,M,AD,,,,,,,,,,9,,,,,,,,T
2019,7/3/19,SGL103,A,T3,3,GREEN259,Y,WFM,F,AD,,,,,,,,,,12,,,,,,,,T
2019,7/3/19,SGL103,A,T2,6,GREEN225,Y,WFM,M,JUV,,,,,,,,,,7,,,,,,,,T
2019,7/3/19,SGL103,A,T2,10,GREEN254,Y,WFM,M,JUV,,,,,,,,,,9,,,,,,,,T
2019,7/3/19,SGL103,A,T1,3,GREEN239,Y,WFM,M,AD,,,,,,,,,,12,,,,,,,,T
2019,7/3/19,SGL103,B,C2,1,BLACK168,N,RBV,M,AD,,,31,1,2,,8.8,,,1,,,,,,,,C
2019,7/3/19,SGL103,B,T2,3,BLUE196,Y,WFM,F,AD,,,,,,,,,,3,,,,,,,,T
2019,7/3/19,SGL103,B,T1,4,BLUE193,Y,WFM,,AD,,,,,,,,,,10,,,,,,,,T
2019,7/3/19,SGL103,C,C1,8,BLACK479,Y,CHP,M,AD,,,,,,,,,,6,,,,,,,,C
2019,7/3/19,SGL103,C,CE,14,BLACK450,N,RBV,F,AD,,,19,1,1.5,,8.5,,,0,,,,,,,,C
2019,7/3/19,SGL103,C,C3,5,BLACK452,Y,RBV,F,AD,,,,,,,,,,0,,,,,,,,C
2019,7/3/19,SGL103,C,C2,3,BLACK484,Y,RBV,F,AD,,,,,,,,,,0,,,,,,,,C
2019,7/3/19,SGL103,C,C2,10,BLACK475,Y,RBV,F,AD,,,,,,,,,,1,,,,,,,,C
2019,7/3/19,SGL103,C,C2,7,BLACK482,Y,RBV,F,JUV,,,,,,,,,,1,,,,,,,,C
2019,7/3/19,SGL103,C,C1,10,BLACK451,N,RBV,M,AD,,,34,0.9,1.9,,9,,,1,,,,,,,,C
2019,7/3/19,SGL103,C,C1,6,BLACK487,N,RBV,F,JUV,,,14,1,1.8,,6.5,,,0,,,,,,,,C
2019,7/3/19,SGL103,C,TE,1,RED464,Y,RBV,M,AD,,,,,,,,,,,,,,,,,,T
2019,7/3/19,SGL103,C,T3,8,RED428,Y,RBV,F,AD,,,,,,,,,,2,,,,,,,,T
2019,7/3/19,SGL103,C,T3,4,RED403,Y,RBV,F,JUV,,,,,,,,,,0,,,,,,,,T
2019,7/3/19,SGL103,C,T3,10,RED492,Y,RBV,M,,,,,,,,,,,0,,,,,,,,T
2019,7/3/19,SGL103,C,T2,3,RED457,Y,RBV,M,AD,,,,,,,,,,4,,,,,,,,T
2019,7/3/19,SGL103,C,T2,6,RED454,Y,RBV,F,AD,,,,,,,,,,1,,,,,,,,T
2019,7/3/19,SGL103,C,T2,10,RED448,Y,RBV,F,AD,,,,,,,,,,0,,,,,,,,T
2019,7/3/19,SGL103,C,T1,8,RED482,Y,RBV,M,JUV,,,,,,,,,,2,,,,,,,,T
2019,6/26/19,SGL103,A,C2,6,BLACK266,N,CHP,M,AD,,,59,1.5,3,,12.2,,,3,,,,,,,,C
2019,6/26/19,SGL103,A,C2,2,,,WFM,,,,,,,,,,,,,,,,,,,,C
2019,6/26/19,SGL103,A,C1,3,BLACK233,Y,WFM,F,AD,,,,,,,,,,7,,,,,,,,C
2019,6/26/19,SGL103,A,T2,7,GREEN256,N,RBV,M,AD,,,18,1.3,2,,10,,,0,,,,,,,,T
2019,6/26/19,SGL103,A,TE,7,GREEN259,Y,WFM,F,AD,,,,,,,,,,8,,,,,,,,T
2019,6/26/19,SGL103,A,T3,1,GREEN218,Y,WFM,M,AD,,,,,,,,,,6,,,,,,,,T
2019,6/26/19,SGL103,A,T2,10,GREEN239,N,WFM,M,AD,,,25,1.5,1.8,,10.5,,,5,,,,,,,,T
2019,6/26/19,SGL103,A,T2,4,GREEN254,N,WFM,M,JUV,,,12,1.4,2,,7.4,,,10,,,,,,,,T
2019,6/26/19,SGL103,A,T2,9,GREEN225,Y,WFM,M,AD,,,,,,,,,,6,,,,,,,,T
2019,6/26/19,SGL103,A,T1,4,GREEN264,Y,WFM,M,AD,,,,,,,,,,2,,,,,,,,T
2019,6/26/19,SGL103,A,T1,8,BLUE396,Y,WFM,,AD,,,,,,,,,,3,,,,,,,,T
2019,6/26/19,SGL103,B,C2,1,BLACK126,N,RBV,M,AD,,,31,0.9,1.7,,9.5,,,0,,,,,,,,C
2019,6/26/19,SGL103,B,T3,1,BLUE193,N,WFM,,AD,,,25,1.5,2,,7.5,,,5,,,,,,,,T
2019,6/26/19,SGL103,B,T3,2,BLUE196,Y,WFM,F,AD,,,,,,,,,,5,,,,,,,,T
2019,6/26/19,SGL103,C,C2,8,BLACK479,N,CHP,M,AD,,,75,,,,,,,3,,,,,,,,C
2019,6/26/19,SGL103,C,CE,20,BLACK446,N,RBV,M,AD,,,31,1.5,1.5,,9.5,,,1,,,,,,,,C
2019,6/26/19,SGL103,C,CE,22,BLACK484,N,RBV,F,AD,,,32,1.3,1.8,,8.3,,,0,,,,,,,,C
2019,6/26/19,SGL103,C,CE,15,BLACK439,N,RBV,M,JUV,,,20,1.3,1.8,,8,,,0,,,,,,,,C
2019,6/26/19,SGL103,C,C3,8,BLACK500,N,RBV,M,AD,,,33,1.1,2,,9.4,,,0,,,,,,,,C
2019,6/26/19,SGL103,C,C2,2,BLACK438,N,RBV,F,AD,,,31,1.5,2,,11,,,0,,,,,,,,C
2019,6/26/19,SGL103,C,C2,6,BLACK482,N,RBV,F,JUV,,,23,1,1.6,,7.5,,,0,,,,,,,,C
2019,6/26/19,SGL103,C,C2,10,BLACK475,Y,RBV,F,AD,,,,,,,,,,0,,,,,,,,C
2019,6/26/19,SGL103,C,C1,7,BLACK499,N,RBV,M,JUV,,,18,1.1,1.7,,7.5,,,0,,,,,,,,C
2019,6/26/19,SGL103,C,C1,4,BLACK480,N,RBV,M,JUV,,,13,1.2,1.7,,7.3,,,0,,,,,,,,C
2019,6/26/19,SGL103,C,C1,6,BLACK449,N,RBV,,JUV,,,21,0.8,1.4,,6.5,,,0,,,,,,,,C
2019,6/26/19,SGL103,C,C1,2,BLACK443,N,RBV,M,AD,,,28,,,,,,,0,,,,,,,,C
2019,6/26/19,SGL103,C,TE,10,,N,RBV,F,JUV,,,12,1.2,1.5,,7.5,,,0,,,,,,,,T
2019,6/26/19,SGL103,C,T3,3,RED412,N,RBV,M,AD,,,22,1.3,2,,9.5,,,0,,,,,,,,T
2019,6/26/19,SGL103,C,T3,4,RED403,N,RBV,F,JUV,,,15,0.75,1.5,,6,,,0,,,,,,,,T
2019,6/26/19,SGL103,C,T3,9,RED498,Y,RBV,M,AD,,,26,,,,,,,0,,,,,,,,T
2019,6/26/19,SGL103,C,T2,6,RED492,N,RBV,M,JUV,,,18,1.2,1.7,,6.9,,,0,,,,,,,,T
2019,6/26/19,SGL103,C,T2,2,RED464,Y,RBV,M,AD,,,,,,,,,,2,,,,,,,,T
2019,6/26/19,SGL103,C,T2,4,RED463,Y,RBV,F,AD,,,,,,,,,,0,,,,,,,,T
2019,6/26/19,SGL103,C,T2,5,RED454,Y,RBV,F,AD,,,,,,,,,,1,,,,,,,,T
2019,6/26/19,SGL103,C,T2,7,RED457,Y,RBV,M,AD,,,,,,,,,,4,,,,,,,,T
2019,6/26/19,SGL103,C,T2,8,RED448,Y,RBV,F,AD,,,,,,,,,,0,,,,,,,,T
2019,6/26/19,SGL103,C,T2,10,RED428,Y,RBV,F,AD,,,,,,,,,,0,,,,,,,,T
2019,6/26/19,SGL103,C,T1,7,RED482,N,RBV,M,JUV,,,16,0.9,1.7,,7.3,,,0,,,,,,,,T
2019,6/26/19,SGL103,C,T1,8,RED459,Y,RBV,F,AD,,,,,,,,,,0,,,,,,,,T
2019,6/26/19,SGL103,C,T1,9,RED467,Y,RBV,M,AD,,,,,,,,,,2,,,,,,,,T
2019,6/20/19,SGL103,A,C2,9,BLACK263,N,RBV,F,AD,,,20,1,1.7,,8.9,,,0,,,,,,,,C
2019,6/20/19,SGL103,A,C1,4,BLACK233,Y,WFM,F,AD,,,,,,,,,,15,,,,,,,,C
2019,6/20/19,SGL103,A,T3,1,GREEN259,Y,WFM,F,AD,,,,,,,,,,8,,,,,,,,T
2019,6/20/19,SGL103,A,T3,5,GREEN225,Y,WFM,M,JUV,,,,,,,,,,22,,,,,,,,T
2019,6/20/19,SGL103,A,T2,10,GREEN270,N,WFM,M,JUV,,,16,1,1.75,,6.5,,,15,,,,,,,,T
2019,6/20/19,SGL103,A,T2,8,GREEN208,Y,WFM,M,AD,,,,,,,,,,9,,,,,,,,T
2019,6/20/19,SGL103,A,T1,1,GREEN264,N,WFM,M,JUV,,,21,1.2,1.8,,8.5,,,3,,,,,,,,T
2019,6/20/19,SGL103,A,T1,6,GREEN218,Y,WFM,M,AD,,,,,,,,,,5,,,,,,,,T
2019,6/20/19,SGL103,A,T1,8,GREEN258,Y,WFM,F,AD,,,,,,,,,,15,,,,,,,,T
2019,6/20/19,SGL103,B,T2,2,BLUE196,Y,WFM,F,AD,,,,,,,,,,3,,,,,,,,T
2019,6/20/19,SGL103,C,C3,6,BLACK475,N,RBV,F,AD,,,35,1.4,3,,9.8,,,0,,,,,,,,C
2019,6/20/19,SGL103,C,C3,4,BLACK452,N,RBV,F,AD,,,27,1.4,1.5,,8.5,,,0,,,,,,,,C
2019,6/20/19,SGL103,C,C1,10,BLACK453,N,RBV,F,AD,,,32,1.2,1.8,,10.6,,,1,,,,,,,,C
2019,6/20/19,SGL103,C,C1,4,,N,RBV,,JUV,,,,1,1.5,,5,,,1,,,,,,,,C
2019,6/20/19,SGL103,C,T3,9,RED498,N,RBV,M,AD,,,30.5,1.2,1.7,,9.5,,,0,,,,,,,,T
2019,6/20/19,SGL103,C,T3,10,RED475,N,RBV,M,JUV,,,18,1,2,,6.5,,,0,,,,,,,,T
2019,6/20/19,SGL103,C,T3,5,RED420,Y,RBV,F,AD,,,,,,,,,,0,,,,,,,,T
2019,6/20/19,SGL103,C,T3,7,RED411,Y,RBV,F,AD,,,,,,,,,,0,,,,,,,,T
2019,6/20/19,SGL103,C,T2,7,RED457,N,RBV,M,AD,,,30,1.4,1.7,,9.5,,,0,,,,,,,,T
2019,6/20/19,SGL103,C,T2,6,RED454,Y,RBV,F,AD,,,,,,,,,,0,,,,,,,,T
2019,6/20/19,SGL103,C,T2,9,RED448,Y,RBV,F,AD,,,,,,,,,,0,,,,,,,,T
2019,6/20/19,SGL103,C,T1,10,RED451,N,RBV,M,AD,,,36,1,1.7,,10.5,,,0,,,,,,,,T
2019,6/20/19,SGL103,C,T1,2,RED463,N,RBV,F,AD,,,24.5,1.4,1.5,,7.5,,,0,,,,,,,,T
2019,6/20/19,SGL103,C,T1,6,RED467,Y,RBV,M,AD,,,,,,,,,,0,,,,,,,,T
2019,6/12/19,SGL103,A,T2,7,GREEN203,N,RBV,F,AD,,,21,0.75,1.75,,7,,,1,,,,,,,,T
2019,6/12/19,SGL103,A,T3,4,GREEN259,N,WFM,F,,,,29,1.5,2,,9.5,,,23,,,,,,,,T
2019,6/12/19,SGL103,A,T3,9,GREEN225,N,WFM,M,JUV,,,20,1,1.8,,7.5,,,21,,,,,,,,T
2019,6/12/19,SGL103,A,T1,10,GREEN258,N,WFM,F,AD,,,40,1.5,2.2,,10.3,,,16,,,,,,,,T
2019,6/12/19,SGL103,A,T1,9,GREEN208,Y,WFM,M,AD,,,,,,,,,,8,,,,,,,,T
2019,6/12/19,SGL103,B,C1,4,BLACK197,N,RBV,F,AD,,,21,1.2,1.5,,8.1,,,0,,,,,,,,C
2019,6/12/19,SGL103,B,T2,2,BLUE196,N,WFM,F,AD,,,20,1.4,2.2,,7.5,,,13,,,,,,,,T
2019,6/12/19,SGL103,C,C3,5,RED420,Y,RBV,F,AD,,,,,,,,,,2,,,,,,,,C
2019,6/12/19,SGL103,C,C1,5,BLACK454,N,RBV,F,AD,,,35,1,1.5,,11,,,0,,,,,,,,C
2019,6/12/19,SGL103,C,C1,9,BLACK405,N,RBV,F,AD,,,26,1,2,,8.5,,,0,,,,,,,,C
2019,6/12/19,SGL103,C,C3,1,BLACK430,Y,WFM,M,AD,,,,,,,,,,4,,,,,,,,C
2019,6/12/19,SGL103,C,T3,10,RED411,N,RBV,F,AD,,,43,1,1.8,,10.5,,,0,,,,,,,,T
2019,6/12/19,SGL103,C,T3,8,,N,RBV,F,AD,,,23.5,1.3,2,,7,,,0,,,,,,,,T
2019,6/12/19,SGL103,C,T3,4,RED424,N,RBV,M,JUV,,,15,0.75,1.5,,6.5,,,0,,,,,,,,T
2019,6/12/19,SGL103,C,T3,9,,N,RBV,,JUV,,,12.5,0.7,1.5,,6,,,0,,,,,,,,T
2019,6/12/19,SGL103,C,T2,6,RED454,N,RBV,F,AD,,,28,0.7,1.5,,10,,,0,,,,,,,,T
2019,6/12/19,SGL103,C,T2,7,RED428,N,RBV,F,AD,,,32,1,1.8,,8.5,,,0,,,,,,,,T
2019,6/12/19,SGL103,C,T2,9,RED448,Y,RBV,F,AD,,,,,,,,,,3,,,,,,,,T
2019,6/12/19,SGL103,C,T1,8,RED467,N,RBV,M,AD,,,29,1.25,1.75,,10,,,0,,,,,,,,T
2019,6/12/19,SGL103,C,T1,9,RED459,Y,RBV,F,AD,,,,,,,,,,0,,,,,,,,T
2019,6/5/19,SGL103,A,T2,9,GREEN208,N,WFM,M,AD,,,24,1.4,1.9,,8,,,16,,,,,,,,T
2019,6/5/19,SGL103,A,T2,1,GREEN218,N,WFM,M,AD,,,23,1.4,1.9,,7.2,,,10,,,,,,,,T
2019,6/5/19,SGL103,C,C2,1,BLACK430,Y,WFM,M,AD,,,,,,,,,,,,,,,,,,C
2019,6/5/19,SGL103,C,T3,8,RED402,N,RBV,M,AD,,,34,1,1.5,,10,,,0,,,,,,,,T
2019,6/5/19,SGL103,C,T3,5,RED420,N,RBV,F,AD,,,33,0.9,1.7,,9.9,,,0,,,,,,,,T
2019,6/5/19,SGL103,C,T2,10,RED448,N,RBV,F,AD,,,25,0.5,1.5,,10,,,0,,,,,,,,T
2019,6/5/19,SGL103,C,T2,8,RED408,N,RBV,M,AD,,,26.5,0.7,1.75,,9,,,0,,,,,,,,T
2019,6/5/19,SGL103,C,T1,4,RED464,Y,RBV,M,AD,,,,,,,,,,1,,,,,,,,T
2019,5/29/19,SGL103,A,T1,5,GREEN287,Y,WFM,F,AD,,,,,,,,,,5,,,,,,,,T
2019,5/29/19,SGL103,C,C3,1,BLACK430,Y,WFM,M,AD,,,,,,,,,,1,,,,,,,,C
2019,5/29/19,SGL103,C,T1,4,RED464,N,RBV,M,AD,,,30,1,1.5,,8,,,0,,,,,,,,T
2019,5/29/19,SGL103,C,T1,10,RED459,N,RBV,F,AD,,,26.5,1.2,1.5,,7,,,0,,,,,,,,T
2019,5/29/19,SGL103,C,T1,2,RED465,N,WFM,,JUV,,,17,1.5,1.8,,7.5,,,0,,,,,,,,T
2019,5/21/19,SGL103,A,C3,7,BLACK119,N,WFM,,AD,,,20,1.5,2,,7.5,,,5,,,,,,,,C
2019,5/21/19,SGL103,A,C3,6,BLACK206,Y,WFM,F,AD,,,,,,,,,,27,,,,,,,,C
2019,5/21/19,SGL103,A,C1,1,BLACK233,Y,WFM,F,AD,,,,,,,,,,3,,,,,,,,C
2019,5/21/19,SGL103,C,C1,8,,N,RBV,,JUV,,,11,0.9,1.4,,4.5,,,1,,,,,,,,C
2019,5/21/19,SGL103,C,C3,3,BLACK430,N,WFM,M,AD,,,21,1.4,2.2,,6,,,6,,,,,,,,C
2019,5/21/19,SGL103,C,C1,1,BLACK474,N,WFM,M,AD,,,34,1,2.5,,8.5,,,10,,,,,,,,C
2019,5/21/19,SGL103,C,T3,8,RED462,N,RBV,M,AD,,,38,1.4,1.8,,9.4,,,1,,,,,,,,T
2019,5/21/19,SGL103,C,T3,10,RED453,N,RBV,M,AD,,,30,1,1.5,,9.2,,,0,,,,,,,,T
2019,5/16/19,SGL103,A,C3,9,BLACK206,N,WFM,F,,,,25,1.5,1.8,,7.7,,,5,,,,,,,,C
2019,5/16/19,SGL103,A,T1,1,GREEN287,Y,WFM,F,,,,,,,,,,,1,,,,,,,,T
2019,5/16/19,SGL103,C,C3,5,BLACK481,N,WFM,M,,,,25,1.5,2,,7.1,,,0,,,,,,,,C
2019,5/7/19,SGL103,A,C1,2,BLACK233,N,WFM,F,,,,,1.4,2,,9,,,1,,,,,,,,C
2019,5/7/19,SGL103,A,T1,1,GREEN287,N,WFM,F,,,,43,1.7,2,,9.3,,,1,,,,,,,,T
2018,8/7/18,SGL103,A,W,4,BLUE385,N,CHP,,AD,,,,,,,,,,0,,,,,,,,
2018,8/7/18,SGL103,A,E,7,BLUE332,N,CHP,,AD,,,,,,,,,,5,,,,,,,,
2018,8/7/18,SGL103,A,W,9,BLUE303,Y,WFM,F,AD,,,,,,,,,,0,,,,,,,,
2018,8/7/18,SGL103,A,W,18,BLUE309,Y,WFM,,AD,,,,,,,,,,3,,,,,,,,
2018,8/7/18,SGL103,A,W,3,BLUE337,Y,WFM,M,AD,,,,,,,,,,2,,,,,,,,
2018,8/7/18,SGL103,A,E,13,BLUE379,Y,WFM,F,AD,,,,,,,,,,0,,,,,,,,
2018,8/7/18,SGL103,B,W,8,RED306,Y,RBV,F,AD,,,,,,,,,,0,,,,,,,,
2018,8/7/18,SGL103,B,W,15,RED356,N,WFM,F,AD,,,25,1.5,2,,9,,,14,,,,,,,,
2018,8/7/18,SGL103,B,W,5,RED323,N,WFM,M,AD,,,16,1.25,2,,9,,,10,,,,,,,,
2018,8/7/18,SGL103,B,W,2,RED365,N,WFM,M,AD,,,17,1.1,2.2,,7.9,,,3,,,,,,,,
2018,8/7/18,SGL103,B,E,3,RED331,N,WFM,M,AD,,,27,1.5,2,,8.5,,,0,,,,,,,,
2018,8/7/18,SGL103,B,E,16,RED347,Y,WFM,F,AD,,,,,,,,,,0,,,,,,,,
2018,8/7/18,SGL103,B,E,9,RED388,Y,WFM,F,AD,,,,,,,,,,2,,,,,,,,
2018,8/7/18,SGL103,B,E,7,RED321,Y,WFM,M,AD,,,,,,,,,,0,,,,,,,,
2018,8/7/18,SGL103,B,E,22,RED330,Y,WFM,M,AD,,,,,,,,,,1,,,,,,,,
2018,8/7/18,SGL103,B,E,8,RED389,Y,WFM,M,AD,,,,,,,,,,3,,,,,,,,
2018,8/7/18,SGL103,C,E,13,RED323,N,WFM,M,AD,,,16,1.25,2,,9,,,5,,,,,,,,
2018,8/7/18,SGL92,C,E,21,BLACK354,N,JM,F,AD,,,,,,,,,,0,,,,,,,,
2018,8/7/18,SGL92,C,W,16,BLACK383,N,WFM,M,AD,,,45,1.6,2.1,,9.5,,,11,,,,,,,,
2018,8/7/18,SGL92,C,W,17,BLACK379,N,WFM,F,AD,,,13,1.7,1.8,,7.4,,,11,,,,,,,,
2018,8/7/18,SGL92,C,E,19,BLACK315,N,WFM,M,AD,,,21,1.5,2,,9.5,,,5,,,,,,,,
2018,8/7/18,SGL92,C,E,25,BLACK384,N,WFM,F,AD,,,31.5,1.7,1.5,,8,,,2,,,,,,,,
2018,8/7/18,SGL92,C,E,9,BLACK302,N,WFM,M,AD,,,37,2,1.75,,7,,,5,,,,,,,,
2018,8/7/18,SGL92,C,E,2,BLACK339,Y,WFM,M,AD,,,,,,,,,,0,,,,,,,,
2018,8/7/18,SGL92,C,E,5,BLACK364,Y,WFM,F,AD,,,,,,,,,,2,,,,,,,,
2018,8/7/18,SGL92,C,E,8,BLACK343,Y,WFM,M,AD,,,,,,,,,,3,,,,,,,,
2018,8/7/18,SGL92,C,E,24,BLACK362,Y,WFM,M,AD,,,,,,,,,,0,,,,,,,,
2018,8/7/18,SGL92,C,E,6,BLACK367,Y,WFM,M,AD,,,,,,,,,,0,,,,,,,,
2018,8/7/18,SGL92,C,E,14,BLACK380,Y,WFM,F,AD,,,,,,,,,,0,,,,,,,,
2018,7/31/18,SGL103,A,W,1,BLUE337,Y,WFM,M,AD,,,,,,,,,,5,,,,,,,,
2018,7/31/18,SGL103,A,W,11,BLUE303,Y,WFM,F,AD,,,,,,,,,,2,,,,,,,,
2018,7/31/18,SGL103,A,W,17,BLUE309,Y,WFM,,AD,,,,,,,,,,1,,,,,,,,
2018,7/31/18,SGL103,A,W,8,BLUE311,Y,WFM,F,AD,,,,,,,,,,1,,,,,,,,
2018,7/31/18,SGL103,A,W,24,BLUE367,Y,WFM,M,AD,,,,,,,,,,2,,,,,,,,
2018,7/31/18,SGL103,A,W,23,BLUE370,Y,WFM,F,AD,,,,,,,,,,1,,,,,,,,
2018,7/31/18,SGL103,A,W,12,BLUE391,Y,WFM,F,AD,,,,,,,,,,4,,,,,,,,
2018,7/31/18,SGL103,A,E,20,BLUE336,N,WFM,M,AD,,,23,1.1,2.2,,8.6,,,1,,,,,,,,
2018,7/31/18,SGL103,A,E,10,BLUE397,N,WFM,M,AD,,,18,1.5,2,,8,,,1,,,,,,,,
2018,7/31/18,SGL103,A,E,21,BLUE339,Y,WFM,F,AD,,,,,,,,,,13,,,,,,,,
2018,7/31/18,SGL103,A,E,1,BLUE396,Y,WFM,,AD,,,,,,,,,,1,,,,,,,,
2018,7/31/18,SGL103,B,E,19,RED307,N,CHP,,AD,,,,,,,,,,0,,,,,,,,
2018,7/31/18,SGL103,B,W,21,RED309,N,RBV,M,AD,,,16,1.25,2,,9.5,,,0,,,,,,,,
2018,7/31/18,SGL103,B,W,24,RED337,N,WFM,F,AD,,,,2.5,2.25,,10,,,3,,,,,,,,
2018,7/31/18,SGL103,B,W,24,RED326,N,WFM,M,AD,,,21,1.2,1.8,,7.6,,,,,,,,,,,
2018,7/31/18,SGL103,B,W,4,RED301,Y,WFM,F,AD,,,,,,,,,,1,,,,,,,,
2018,7/31/18,SGL103,B,W,11,RED340,Y,WFM,F,AD,,,,,,,,,,11,,,,,,,,
2018,7/31/18,SGL103,B,E,8,,N,WFM,,AD,,,,,,,,,,,,,,,,,,
2018,7/31/18,SGL103,B,E,24,RED373,Y,WFM,F,AD,,,,,,,,,,2,,,,,,,,
2018,7/31/18,SGL103,B,E,20,RED330,Y,WFM,M,AD,,,,,,,,,,5,,,,,,,,
2018,7/31/18,SGL103,B,E,12,RED341,Y,WFM,F,AD,,,,,,,,,,2,,,,,,,,
2018,7/31/18,SGL103,B,E,14,RED347,Y,WFM,F,AD,,,,,,,,,,2,,,,,,,,
2018,7/31/18,SGL103,B,E,7,RED349,Y,WFM,M,AD,,,,,,,,,,0,,,,,,,,
2018,7/31/18,SGL103,B,E,15,RED388,Y,WFM,F,AD,,,,,,,,,,0,,,,,,,,
2018,7/31/18,SGL103,B,E,10,RED389,Y,WFM,M,AD,,,,,,,,,,3,,,,,,,,
2018,7/31/18,SGL92,C,E,23,BLACK365,N,RBV,F,AD,,,,,,,,,,0,,,,,,,,
2018,7/31/18,SGL92,C,W,15,BLACK369,N,WFM,M,AD,,,17,1.5,2,,8.5,,,3,,,,,,,,
2018,7/31/18,SGL92,C,W,7,BLACK341,N,WFM,M,AD,,,19,1.2,2.1,,8,,,4,,,,,,,,
2018,7/31/18,SGL92,C,W,3,BLACK308,N,WFM,F,AD,,,21,1,2,,7.5,,,3,,,,,,,,
2018,7/31/18,SGL92,C,W,16,BLACK387,Y,WFM,M,AD,,,,,,,,,,7,,,,,,,,
2018,7/31/18,SGL92,C,W,9,BLACK337,Y,WFM,M,AD,,,,,,,,,,18,,,,,,,,
2018,7/31/18,SGL92,C,E,22,BLACK398,N,WFM,F,AD,,,22,1.4,2,,8,,,1,,,,,,,,
2018,7/31/18,SGL92,C,E,2,BLACK313,Y,WFM,F,AD,,,,,,,,,,0,1,,,,,,,
2018,7/31/18,SGL92,C,E,5,BLACK343,Y,WFM,M,AD,,,,,,,,,,2,,,,,,,,
2018,7/31/18,SGL92,C,E,12,BLACK366,Y,WFM,F,AD,,,,,,,,,,6,,,,,,,,
2018,7/31/18,SGL92,C,E,3,BLACK339,Y,WFM,M,AD,,,,,,,,,,0,,,,,,,,
2018,7/31/18,SGL92,C,E,4,BLACK367,Y,WFM,M,AD,,,,,,,,,,0,,,,,,,,
2018,7/31/18,SGL92,C,E,25,BLACK394,Y,WFM,M,AD,,,,,,,,,,0,,,,,,,,
2018,7/27/18,SGL103,A,W,9,BLUE301,N,RBV,,AD,,,,,,,,,,0,,,,,,,,
2018,7/27/18,SGL103,A,W,17,BLUE309,Y,WFM,,AD,,,,,,,,,,2,,,,,,,,
2018,7/27/18,SGL103,A,W,5,BLUE311,Y,WFM,F,AD,,,,,,,,,,1,,,,,,,,
2018,7/27/18,SGL103,A,W,10,BLUE367,Y,WFM,M,AD,,,,,,,,,,1,,,,,,,,
2018,7/27/18,SGL103,A,W,14,BLUE391,Y,WFM,F,AD,,,,,,,,,,1,,,,,,,,
2018,7/27/18,SGL103,A,E,16,BLUE384,N,WFM,M,AD,,,16.5,1.5,2,,9,,,2,,,,,,,,
2018,7/27/18,SGL103,A,E,18,BLUE388,Y,WFM,M,AD,,,,,,,,,,0,,,,,,,,
2018,7/27/18,SGL103,A,E,6,BLUE337,Y,WFM,M,AD,,,,,,,,,,1,,,,,,,,
2018,7/27/18,SGL103,A,E,21,BLUE339,Y,WFM,F,AD,,,,,,,,,,1,,,,,,,,
2018,7/27/18,SGL103,A,E,8,BLUE351,Y,WFM,M,AD,,,,,,,,,,0,,,,,,,,
2018,7/27/18,SGL103,A,E,3,BLUE390,Y,WFM,M,AD,,,,,,,,,,0,,,,,,,,
2018,7/27/18,SGL103,A,E,24,BLUE394,Y,WFM,M,AD,,,,,,,,,,1,,,,,,,,
2018,7/27/18,SGL103,A,E,5,BLUE396,Y,WFM,,AD,,,,,,,,,,1,,,,,,,,
2018,7/27/18,SGL103,B,W,12,RED381,Y,CHP,,AD,,,,,,,,,,0,,,,,,,,
2018,7/27/18,SGL103,B,W,8,RED352,N,RBV,,AD,,,,,,,,,,0,,,,,,,,
2018,7/27/18,SGL103,B,W,20,,Y,RBV,,AD,,,,,,,,,,,,,,,,,,
2018,7/27/18,SGL103,B,W,1,RED367,Y,RBV,,JUV,,,,,,,,,,0,,,,,,,,
2018,7/27/18,SGL103,B,W,14,RED306,Y,RBV,F,AD,,,,,,,,,,0,,,,,,,,
2018,7/27/18,SGL103,B,E,6,RED318,N,RBV,,AD,,,,,,,,,,0,,,,,,,,
2018,7/27/18,SGL103,B,W,6,RED301,Y,WFM,F,AD,,,,,,,,,,0,,,,,,,,
2018,7/27/18,SGL103,B,W,10,RED340,Y,WFM,F,AD,,,,,,,,,,0,,,,,,,,
2018,7/27/18,SGL103,B,E,5,RED321,N,WFM,M,AD,,,16,1.3,1.9,,8.6,,,2,,,,,,,,
2018,7/27/18,SGL103,B,E,14,RED347,Y,WFM,F,AD,,,22,1.7,2.2,,8.3,,,0,,,,,,,,
2018,7/27/18,SGL103,B,E,3,RED389,Y,WFM,M,AD,,,,,,,,,,1,,,,,,,,
2018,7/27/18,SGL103,B,E,23,RED330,Y,WFM,M,AD,,,,,,,,,,0,,,,,,,,
2018,7/27/18,SGL103,B,E,13,RED349,Y,WFM,M,AD,,,,,,,,,,0,,,,,,,,
2018,7/27/18,SGL103,B,E,7,RED388,Y,WFM,F,AD,,,,,,,,,,0,,,,,,,,
2018,7/27/18,SGL92,C,W,19,BLACK387,Y,WFM,M,AD,,,,,,,,,,2,,,,,,,,
2018,7/27/18,SGL92,C,W,12,BLACK305,Y,WFM,F,AD,,,,,,,,,,0,\,,,,,,,
2018,7/27/18,SGL92,C,W,25,BLACK351,Y,WFM,F,JUV,,,,,,,,,,0,,,,,,,,
2018,7/27/18,SGL92,C,W,9,BLACK317,Y,WFM,M,AD,,,,,,,,,,8,,,,,,,,
2018,7/27/18,SGL92,C,W,7,BLACK337,Y,WFM,M,AD,,,,,,,,,,2,,,,,,,,
2018,7/27/18,SGL92,C,W,1,BLACK350,Y,WFM,M,AD,,,,,,,,,,2,,,,,,,,
2018,7/27/18,SGL92,C,E,4,BLACK343,N,WFM,M,AD,,,15,1.7,1.8,,7.8,,,0,,,,,,,,
2018,7/27/18,SGL92,C,E,1,BLACK339,Y,WFM,M,AD,,,,,,,,,,0,,,,,,,,
2018,7/27/18,SGL92,C,E,8,BLACK342,Y,WFM,M,AD,,,,,,,,,,0,,,,,,,,
2018,7/27/18,SGL92,C,E,6,BLACK364,Y,WFM,F,AD,,,,,,,,,,0,,,,,,,,
2018,7/27/18,SGL92,C,E,7,BLACK367,Y,WFM,M,AD,,,,,,,,,,0,,,,,,,,
2018,7/27/18,SGL92,C,E,20,BLACK377,Y,WFM,M,AD,,,,,,,,,,2,,,,,,,,
2018,7/27/18,SGL92,C,E,18,BLACK380,Y,WFM,F,AD,,,,,,,,,,0,,,,,,,,
2018,7/27/18,SGL92,C,E,12,BLACK381,Y,WFM,M,AD,,,,,,,,,,2,,,,,,,,
2018,7/27/18,SGL92,C,E,25,BLACK392,Y,WFM,,AD,,,,,,,,,,0,,,,,,,,
2018,7/17/18,SGL103,A,E,2,BLUE399,N,CHP,,AD,,,,,,,,,,0,,,,,,,,
2018,7/17/18,SGL103,A,W,14,BLUE302,N,RBV,,AD,,,,,,,,,,0,,,,,,,,
2018,7/17/18,SGL103,A,W,22,BLUE309,N,WFM,,AD,,,25,1.5,2,,9,,,1,,,,,,,,
2018,7/17/18,SGL103,A,W,15,BLUE370,N,WFM,F,AD,,,23,1.5,2,,9,,,1,,,,,,,,
2018,7/17/18,SGL103,A,W,24,BLUE391,Y,WFM,F,AD,,,,,,,,,,3,,,,,,,,
2018,7/17/18,SGL103,A,W,9,BLUE303,Y,WFM,F,AD,,,,,,,,,,2,,,,,,,,
2018,7/17/18,SGL103,A,W,6,BLUE311,Y,WFM,F,AD,,,,,,,,,,3,,,,,,,,
2018,7/17/18,SGL103,A,W,4,BLUE320,Y,WFM,F,AD,,,,,,,,,,0,,,,,,,,
2018,7/17/18,SGL103,A,W,7,BLUE337,Y,WFM,M,AD,,,,,,,,,,1,,,,,,,,
2018,7/17/18,SGL103,A,E,11,BLUE366,N,WFM,M,AD,,,28,1.5,2,,9.8,,,1,,,,,,,,
2018,7/17/18,SGL103,A,E,13,BLUE375,Y,WFM,F,AD,,,,,,,,,,5,,,,,,,,
2018,7/17/18,SGL103,A,E,6,BLUE321,Y,WFM,F,JUV,,,,,,,,,,0,,,,,,,,
2018,7/17/18,SGL103,A,E,25,BLUE386,Y,WFM,F,AD,,,,,,,,,,0,,,,,,,,
2018,7/17/18,SGL103,A,E,9,BLUE351,Y,WFM,M,AD,,,,,,,,,,0,,,,,,,,
2018,7/17/18,SGL103,A,E,12,BLUE379,Y,WFM,F,AD,,,,,,,,,,2,,,,,,,,
2018,7/17/18,SGL103,A,E,18,BLUE388,Y,WFM,M,AD,,,,,,,,,,1,,,,,,,,
2018,7/17/18,SGL103,A,E,4,BLUE390,Y,WFM,M,AD,,,,,,,,,,1,,,,,,,,
2018,7/17/18,SGL103,A,E,23,BLUE394,Y,WFM,M,AD,,,,,,,,,,3,,,,,,,,
2018,7/17/18,SGL103,A,E,14,BLUE395,Y,WFM,F,AD,,,,,,,,,,2,,,,,,,,
2018,7/17/18,SGL103,B,W,18,RED328,N,RBV,,AD,,,,,,,,,,0,,,,,,,,
2018,7/17/18,SGL103,B,W,14,RED306,Y,RBV,F,AD,,,,,,,,,,1,,,,,,,,
2018,7/17/18,SGL103,B,W,6,RED320,Y,RBV,,AD,,,,,,,,,,0,,,,,,,,
2018,7/17/18,SGL103,B,W,25,RED325,N,WFM,M,AD,,,20,1.5,2,,8.5,,,3,,,,,,,,
2018,7/17/18,SGL103,B,W,1,RED350,Y,WFM,M,JUV,,,,,,,,,,1,,,,,,,,
2018,7/17/18,SGL103,B,W,4,RED301,Y,WFM,F,AD,,,,,,,,,,2,,,,,,,,
2018,7/17/18,SGL103,B,E,22,RED353,N,WFM,M,AD,,,19,1.4,2.2,,7.2,,,3,,,,,,,,
2018,7/17/18,SGL103,B,E,15,RED349,Y,WFM,M,AD,,,,,,,,,,2,1,,,,,,,
2018,7/17/18,SGL103,B,E,8,RED387,Y,WFM,M,AD,,,,,,,,,,0,,,,,,,,
2018,7/17/18,SGL103,B,E,12,RED341,Y,WFM,F,AD,,,,,,,,,,0,,,,,,,,
2018,7/17/18,SGL103,B,E,13,RED388,Y,WFM,F,AD,,,,,,,,,,1,,,,,,,,
2018,7/17/18,SGL103,B,E,1,RED389,Y,WFM,M,AD,,,,,,,,,,1,,,,,,,,
2018,7/17/18,SGL92,C,W,10,BLACK317,N,WFM,M,AD,,,25,1.5,2,,9.2,,,1,,,,,,,,
2018,7/17/18,SGL92,C,W,12,BLACK303,N,WFM,M,AD,,,30,1.3,2.2,,8.6,,,0,,,,,,,,
2018,7/17/18,SGL92,C,W,18,BLACK387,N,WFM,M,AD,,,13,1.5,2,,7,,,0,,,,,,,,
2018,7/17/18,SGL92,C,W,16,BLACK337,Y,WFM,M,AD,,,,,,,,,,1,,,,,,,,
2018,7/17/18,SGL92,C,W,25,BLACK356,Y,WFM,M,AD,,,,,,,,,,3,,,,,,,,
2018,7/17/18,SGL92,C,W,19,BLACK358,Y,WFM,M,AD,,,,,,,,,,4,,,,,,,,
2018,7/17/18,SGL92,C,W,22,BLACK374,Y,WFM,M,AD,,,,,,,,,,0,,,,,,,,
2018,7/17/18,SGL92,C,E,23,BLACK386,N,WFM,M,AD,,,,1.5,2,,7.5,,,2,,,,,,,,
2018,7/17/18,SGL92,C,E,12,BLACK366,Y,WFM,F,AD,,,,,,,,,,1,,,,,,,,
2018,7/17/18,SGL92,C,E,8,BLACK388,Y,WFM,F,AD,,,,,,,,,,,,,,,,,,
2018,7/17/18,SGL92,C,E,1,BLACK313,Y,WFM,F,AD,,,,,,,,,,0,,,,,,,,
2018,7/17/18,SGL92,C,E,4,BLACK339,Y,WFM,M,AD,,,,,,,,,,2,,,,,,,,
2018,7/17/18,SGL92,C,E,9,BLACK342,Y,WFM,M,AD,,,,,,,,,,0,,,,,,,,
2018,7/17/18,SGL92,C,E,25,BLACK362,Y,WFM,F,AD,,,,,,,,,,0,,,,,,,,
2018,7/17/18,SGL92,C,E,6,BLACK367,Y,WFM,M,AD,,,,,,,,,,1,,,,,,,,
2018,7/17/18,SGL92,C,E,22,BLACK377,Y,WFM,M,AD,,,,,,,,,,0,,,,,,,,
2018,7/17/18,SGL92,C,E,16,BLACK380,Y,WFM,F,AD,,,,,,,,,,1,,,,,,,,
2018,7/17/18,SGL92,C,E,13,BLACK381,Y,WFM,M,AD,,,,,,,,,,2,,,,,,,,
2018,7/10/18,SGL103,A,W,18,BLUE347,N,RBV,F,AD,,,,,,,,,,1,,,,,,,,
2018,7/10/18,SGL103,A,W,15,BLUE312,N,WFM,M,AD,,,16,2,2.2,,7.2,,,2,,,,,,,,
2018,7/10/18,SGL103,A,W,8,BLUE311,Y,WFM,F,AD,,,,,,,,,,3,,,,,,,,
2018,7/10/18,SGL103,A,E,12,BLUE379,N,WFM,F,AD,,,14,1.6,2,,8.2,,,5,,,,,,,,
2018,7/10/18,SGL103,A,E,10,BLUE381,N,WFM,M,JUV,,,13,1.4,2,,6.5,,,10,,,,,,,,
2018,7/10/18,SGL103,A,E,4,BLUE390,Y,WFM,M,JUV,,,,,,,,,,7,,,,,,,,
2018,7/10/18,SGL103,A,E,19,BLUE339,Y,WFM,F,AD,,,,,,,,,,0,,,,,,,,
2018,7/10/18,SGL103,A,E,6,BLUE343,Y,WFM,M,AD,,,,,,,,,,0,,,,,,,,
2018,7/10/18,SGL103,A,E,24,BLUE382,Y,WFM,M,AD,,,,,,,,,,0,,,,,,,,
2018,7/10/18,SGL103,A,E,21,BLUE386,Y,WFM,F,AD,,,,,,,,,,1,,,,,,,,
2018,7/10/18,SGL103,A,E,17,BLUE388,Y,WFM,M,AD,,,,,,,,,,3,,,,,,,,
2018,7/10/18,SGL103,A,E,16,BLUE395,Y,WFM,F,AD,,,,,,,,,,0,,,,,,,,
2018,7/10/18,SGL103,A,E,2,BLUE396,Y,WFM,,AD,,,,,,,,,,2,,,,,,,,
2018,7/10/18,SGL103,B,W,8,RED381,Y,CHP,,AD,,,,,,,,,,8,,,,,,,,
2018,7/10/18,SGL103,B,W,4,RED367,N,RBV,,AD,,,,,,,,,,0,,,,,,,,
2018,7/10/18,SGL103,B,W,9,RED306,Y,RBV,F,AD,,,,,,,,,,0,,,,,,,,
2018,7/10/18,SGL103,B,W,1,RED350,N,WFM,M,AD,,,18,1,2.2,,9,,,3,,,,,,,,
2018,7/10/18,SGL103,B,W,12,RED340,Y,WFM,F,AD,,,,,,,,,,4,,,,,,,,
2018,7/10/18,SGL103,B,W,16,RED312,Y,WFM,F,AD,,,,,,,,,,4,,,,,,,,
2018,7/10/18,SGL103,B,W,15,RED361,Y,WFM,F,AD,,,,,,,,,,8,,,,,,,,
2018,7/10/18,SGL103,B,W,10,RED385,Y,WFM,M,AD,,,,,,,,,,2,,,,,,,,
2018,7/10/18,SGL103,B,E,9,RED349,N,WFM,M,AD,,,16,1.4,2.2,,7.7,,,3,,,,,,,,
2018,7/10/18,SGL103,B,E,21,RED368,N,WFM,M,AD,,,16,1.5,1.8,,7.5,,,11,,,,,,,,
2018,7/10/18,SGL103,B,E,20,RED390,Y,WFM,F,AD,,,,,,,,,,1,,,,,,,,
2018,7/10/18,SGL103,B,E,7,RED388,Y,WFM,F,AD,,,,,,,,,,0,,,,,,,,
2018,7/10/18,SGL103,B,E,23,RED373,Y,WFM,F,AD,,,,,,,,,,5,,,,,,,,
2018,7/10/18,SGL103,B,E,10,RED387,Y,WFM,M,AD,,,,,,,,,,4,,,,,,,,
2018,7/10/18,SGL103,B,E,3,RED314,Y,WFM,M,AD,,,,,,,,,,0,,,,,,,,
2018,7/10/18,SGL103,B,E,24,RED330,Y,WFM,M,AD,,,,,,,,,,2,,,,,,,,
2018,7/10/18,SGL103,B,E,15,RED341,Y,WFM,F,AD,,,,,,,,,,1,,,,,,,,
2018,7/10/18,SGL103,B,E,2,RED344,Y,WFM,M,AD,,,,,,,,,,2,,,,,,,,
2018,7/10/18,SGL103,B,E,14,RED355,Y,WFM,M,AD,,,,,,,,,,3,,,,,,,,
2018,7/10/18,SGL103,B,E,1,RED389,Y,WFM,M,AD,,,,,,,,,,1,,,,,,,,
2018,7/10/18,SGL92,C,W,2,BLACK350,N,WFM,M,AD,,,19,1.5,1.9,,9.8,,,2,,,,,,,,
2018,7/10/18,SGL92,C,W,25,BLACK356,N,WFM,M,AD,,,17.5,1.4,2.1,,8,,,3,,,,,,,,
2018,7/10/18,SGL92,C,W,1,BLACK372,N,WFM,F,AD,,,19,1.4,2,,7.5,,,0,,,,,,,,
2018,7/10/18,SGL92,C,W,12,BLACK399,N,WFM,,AD,,,,,,,,,,,,,,,,,,
2018,7/10/18,SGL92,C,W,23,BLACK393,Y,WFM,F,AD,,,,,,,,,,4,1,,,,,,,
2018,7/10/18,SGL92,C,W,13,BLACK305,Y,WFM,F,AD,,,,,,,,,,3,,,,,,,,
2018,7/10/18,SGL92,C,W,9,BLACK337,Y,WFM,M,AD,,,,,,,,,,3,,,,,,,,
2018,7/10/18,SGL92,C,W,20,BLACK358,Y,WFM,M,AD,,,,,,,,,,2,,,,,,,,
2018,7/10/18,SGL92,C,W,4,BLACK368,Y,WFM,,AD,,,,,,,,,,5,,,,,,,,
2018,7/10/18,SGL92,C,E,17,BLACK312,Y,WFM,,AD,,,,,,,,,,1,,,,,,,,
2018,7/10/18,SGL92,C,E,11,BLACK342,Y,WFM,M,AD,,,,,,,,,,0,,,,,,,,
2018,7/10/18,SGL92,C,E,6,BLACK367,Y,WFM,M,AD,,,,,,,,,,0,,,,,,,,
2018,7/10/18,SGL92,C,E,20,BLACK377,Y,WFM,M,AD,,,,,,,,,,2,,,,,,,,
2018,7/10/18,SGL92,C,E,13,BLACK381,Y,WFM,M,AD,,,,,,,,,,0,,,,,,,,
2018,7/3/18,SGL103,A,E,1,BLUE317,Y,CHP,F,AD,,,,,,,,,,2,,,,,,,,
2018,7/3/18,SGL103,A,W,25,BLUE398,N,WFM,M,AD,,,31,1.5,2,,9,,,5,,,,,,,,
2018,7/3/18,SGL103,A,W,7,BLUE303,Y,WFM,F,AD,,,,,,,,,,2,,,,,,,,
2018,7/3/18,SGL103,A,W,12,BLUE318,Y,WFM,,AD,,,,,,,,,,3,,,,,,,,
2018,7/3/18,SGL103,A,W,3,BLUE320,Y,WFM,F,AD,,,,,,,,,,1,,,,,,,,
2018,7/3/18,SGL103,A,W,6,BLUE387,Y,WFM,,AD,,,,,,,,,,6,,,,,,,,
2018,7/3/18,SGL103,A,W,19,BLUE391,Y,WFM,F,AD,,,,,,,,,,5,,,,,,,,
2018,7/3/18,SGL103,A,W,1,BLUE395,Y,WFM,F,AD,,,,,,,,,,5,,,,,,,,
2018,7/3/18,SGL103,A,E,25,BLUE394,N,WFM,M,AD,,,27,1.5,2.5,,10,,,3,,,,,,,,
2018,7/3/18,SGL103,A,E,4,BLUE390,N,WFM,M,JUV,,,13,1.4,1.8,,6.8,,,1,,,,,,,,
2018,7/3/18,SGL103,A,E,10,BLUE351,Y,WFM,M,AD,,,,,,,,,,2,1,,,,,,,
2018,7/3/18,SGL103,A,E,13,BLUE333,Y,WFM,F,AD,,,,,,,,,,5,,,,,,,,
2018,7/3/18,SGL103,A,E,21,BLUE339,Y,WFM,F,AD,,,,,,,,,,2,,,,,,,,
2018,7/3/18,SGL103,A,E,6,BLUE343,Y,WFM,M,AD,,,,,,,,,,3,,,,,,,,
2018,7/3/18,SGL103,A,E,11,BLUE375,Y,WFM,F,AD,,,,,,,,,,2,,,,,,,,
2018,7/3/18,SGL103,A,E,15,BLUE388,Y,WFM,M,AD,,,,,,,,,,2,,,,,,,,
2018,7/3/18,SGL103,B,W,8,RED306,Y,RBV,F,AD,,,,,,,,,,0,,,,,,,,
2018,7/3/18,SGL103,B,W,3,RED320,Y,RBV,,AD,,,,,,,,,,0,,,,,,,,
2018,7/3/18,SGL103,B,E,23,RED360,Y,RBV,M,AD,,,,,,,,,,1,,,,,,,,
2018,7/3/18,SGL103,B,W,25,RED348,N,WFM,M,AD,,,17,1,2,,9,,,0,,,,,,,,
2018,7/3/18,SGL103,B,W,4,RED301,N,WFM,F,AD,,,24,1.3,2.2,,8.5,,,1,,,,,,,,
2018,7/3/18,SGL103,B,W,7,RED361,Y,WFM,F,AD,,,,,,,,,,0,,,,,,,,
2018,7/3/18,SGL103,B,W,16,RED312,Y,WFM,F,AD,,,,,,,,,,0,,,,,,,,
2018,7/3/18,SGL103,B,E,2,RED389,N,WFM,M,AD,,,14,1.4,2,,7.5,,,7,,,,,,,,
2018,7/3/18,SGL103,B,E,21,RED330,Y,WFM,M,AD,,,,,,,,,,3,,,,,,,,
2018,7/3/18,SGL103,B,E,5,RED314,Y,WFM,M,AD,,,,,,,,,,1,,,,,,,,
2018,7/3/18,SGL103,B,E,20,RED317,Y,WFM,,AD,,,,,,,,,,0,,,,,,,,
2018,7/3/18,SGL103,B,E,25,RED329,Y,WFM,F,AD,,,,,,,,,,5,,,,,,,,
2018,7/3/18,SGL103,B,E,24,RED373,Y,WFM,F,AD,,,,,,,,,,,,,,,,,,
2018,7/3/18,SGL103,B,E,22,RED375,Y,WFM,M,AD,,,,,,,,,,10,,,,,,,,
2018,7/3/18,SGL103,B,E,6,RED387,Y,WFM,M,AD,,,,,,,,,,1,,,,,,,,
2018,7/3/18,SGL103,B,E,18,RED390,Y,WFM,F,AD,,,,,,,,,,0,,,,,,,,
2018,7/3/18,SGL103,B,E,7,RED392,Y,WFM,M,AD,,,,,,,,,,3,,,,,,,,
2018,6/27/18,SGL103,A,E,2,,N,CHP,,AD,,,,,,,,,,,,,,,,,,
2018,6/27/18,SGL103,A,W,21,BLUE315,N,RBV,M,AD,,,,,,,,,,0,,,,,,,,
2018,6/27/18,SGL103,A,E,17,BLUE322,N,RBV,F,AD,,,,,,,,,,1,,,,,,,,
2018,6/27/18,SGL103,A,W,18,RED391,N,WFM,M,AD,,,15,1.5,2.25,,7.5,,,1,,,,,,,,
2018,6/27/18,SGL103,A,W,23,BLUE324,N,WFM,M,AD,,,16,1.4,2,,7,,,26,,,,,,,,
2018,6/27/18,SGL103,A,W,13,BLUE318,N,WFM,,AD,,,12,1.5,2,,,,,10,1,,,,,,,
2018,6/27/18,SGL103,A,W,24,BLUE339,Y,WFM,F,AD,,,,,,,,,,6,,,,,,,,
2018,6/27/18,SGL103,A,W,10,BLUE303,Y,WFM,F,AD,,,,,,,,,,4,,,,,,,,
2018,6/27/18,SGL103,A,W,9,BLUE311,Y,WFM,F,AD,,,,,,,,,,3,,,,,,,,
2018,6/27/18,SGL103,A,W,4,BLUE320,Y,WFM,F,AD,,,,,,,,,,8,,,,,,,,
2018,6/27/18,SGL103,A,W,25,BLUE355,Y,WFM,M,AD,,,,,,,,,,0,,,,,,,,
2018,6/27/18,SGL103,A,W,8,BLUE367,Y,WFM,M,AD,,,,,,,,,,11,,,,,,,,
2018,6/27/18,SGL103,A,W,19,BLUE368,Y,WFM,M,AD,,,,,,,,,,0,,,,,,,,
2018,6/27/18,SGL103,A,W,5,BLUE376,Y,WFM,F,AD,,,,,,,,,,16,,,,,,,,
2018,6/27/18,SGL103,A,W,1,BLUE395,Y,WFM,F,AD,,,,,,,,,,4,,,,,,,,
2018,6/27/18,SGL103,A,W,15,RED372,Y,WFM,M,AD,,,,,,,,,,4,,,,,,,,
2018,6/27/18,SGL103,A,E,23,BLUE339,N,WFM,F,AD,,,22,1.5,2,,9,,,8,,,,,,,,
2018,6/27/18,SGL103,A,E,9,BLUE343,N,WFM,M,AD,,,28,1.4,2.2,,8.5,,,3,,1,,,,,,
2018,6/27/18,SGL103,A,E,22,BLUE345,N,WFM,F,JUV,,,13,1.3,1.9,,6.7,,,3,,,,,,,,
2018,6/27/18,SGL103,A,E,6,BLUE321,N,WFM,F,JUV,,,28,1.5,1.7,,6.4,,,6,,,,,,,,
2018,6/27/18,SGL103,A,E,15,BLUE340,N,WFM,F,AD,,,31,,2,,,,,1,,,,,,,,
2018,6/27/18,SGL103,A,E,11,BLUE333,Y,WFM,F,AD,,,,,,,,,,5,,,,,,,,
2018,6/27/18,SGL103,A,E,10,BLUE357,Y,WFM,F,AD,,,,,,,,,,1,,,,,,,,
2018,6/27/18,SGL103,A,E,13,BLUE375,Y,WFM,F,AD,,,,,,,,,,1,,,,,,,,
2018,6/27/18,SGL103,A,E,16,BLUE378,Y,WFM,F,AD,,,,,,,,,,4,,,,,,,,
2018,6/27/18,SGL103,A,E,19,BLUE382,Y,WFM,M,AD,,,,,,,,,,3,,,,,,,,
2018,6/27/18,SGL103,A,E,5,BLUE396,Y,WFM,,AD,,,,,,,,,,3,,,,,,,,
2018,6/27/18,SGL103,B,W,8,RED381,N,CHP,,AD,,,,,,,,,,4,,,,,,,,
2018,6/27/18,SGL103,B,E,4,,,CHP,,AD,,,,,,,,,,,,,,,,,,
2018,6/27/18,SGL103,B,W,16,BLUE319,Y,RBV,,AD,,,,,,,,,,0,,,,,,,,
2018,6/27/18,SGL103,B,W,9,RED306,Y,RBV,F,AD,,,,,,,,,,0,,,,,,,,
2018,6/27/18,SGL103,B,W,3,RED320,Y,RBV,,AD,,,,,,,,,,0,,,,,,,,
2018,6/27/18,SGL103,B,E,13,RED383,N,RBV,F,AD,,,,0.75,1.75,,10,,,0,,,,,,,,
2018,6/27/18,SGL103,B,E,19,RED360,N,RBV,M,AD,,,17,1,1.75,,8,,,0,,,,,,,,
2018,6/27/18,SGL103,B,W,6,RED312,Y,WFM,F,AD,,,,,,,,,,2,,,,,,,,
2018,6/27/18,SGL103,B,W,12,RED361,Y,WFM,F,AD,,,,,,,,,,2,,,,,,,,
2018,6/27/18,SGL103,B,W,5,RED385,Y,WFM,M,AD,,,,,,,,,,0,,,,,,,,
2018,6/27/18,SGL103,B,E,25,RED373,N,WFM,F,AD,,,25,1.5,2,,10,,,1,,,,,,,,
2018,6/27/18,SGL103,B,E,16,RED355,N,WFM,M,AD,,,31,1.75,2,,8.5,,,0,,,,,,,,
2018,6/27/18,SGL103,B,E,18,RED390,N,WFM,F,AD,,,14,1.25,2,,7.5,,,9,,,,,,,,
2018,6/27/18,SGL103,B,E,22,RED375,N,WFM,M,AD,,,17,1.6,2,,7.4,,,7,,,,,,,,
2018,6/27/18,SGL103,B,E,20,RED317,N,WFM,F,AD,,,,1.5,2,,7,,,2,,,,,,,,
2018,6/27/18,SGL103,B,E,23,RED329,Y,WFM,F,AD,,,,,,,,,,4,,,,,,,,
2018,6/27/18,SGL103,B,E,25,RED330,Y,WFM,M,AD,,,,,,,,,,6,,,,,,,,
2018,6/27/18,SGL103,B,E,3,RED314,Y,WFM,M,AD,,,,,,,,,,4,,,,,,,,
2018,6/27/18,SGL103,B,E,14,RED341,Y,WFM,F,AD,,,,,,,,,,3,,,,,,,,
2018,6/27/18,SGL103,B,E,8,RED388,Y,WFM,F,AD,,,,,,,,,,3,,,,,,,,
2018,6/27/18,SGL103,B,E,15,RED388,Y,WFM,F,AD,,,,,,,,,,3,,,,,,,,
2018,6/27/18,SGL103,B,E,9,RED392,Y,WFM,M,AD,,,,,,,,,,10,,,,,,,,
2018,6/27/18,SGL92,C,W,12,BLACK305,N,WFM,F,AD,,,25,1.5,1.8,,9,,,2,,,,,,,,
2018,6/27/18,SGL92,C,W,13,BLACK316,N,WFM,M,AD,,,35,1.5,1.9,,7.2,,,1,,,,,,,,
2018,6/27/18,SGL92,C,W,7,BLACK335,N,WFM,F,AD,,,15,1,2,,6.5,,,5,,,,,,,,
2018,6/27/18,SGL92,C,W,24,BLACK349,Y,WFM,M,AD,,,,,,,,,,9,1,,,,,,,
2018,6/27/18,SGL92,C,W,5,BLACK368,Y,WFM,,AD,,,,,,,,,,6,,,,,,,,
2018,6/27/18,SGL92,C,W,20,BLACK374,Y,WFM,M,AD,,,,,,,,,,4,,,,,,,,
2018,6/27/18,SGL92,C,E,16,BLACK312,Y,WFM,,AD,,,,,,,,,,4,,,,,,,,
2018,6/27/18,SGL92,C,E,3,BLACK339,Y,WFM,M,AD,,,,,,,,,,0,,,,,,,,
2018,6/27/18,SGL92,C,E,9,BLACK342,Y,WFM,M,AD,,,,,,,,,,4,,,,,,,,
2018,6/27/18,SGL92,C,E,24,BLACK349,Y,WFM,M,AD,,,,,,,,,,0,,,,,,,,
2018,6/27/18,SGL92,C,E,25,BLACK362,Y,WFM,F,AD,,,,,,,,,,0,,,,,,,,
2018,6/27/18,SGL92,C,E,10,BLACK367,Y,WFM,M,AD,,,,,,,,,,0,,,,,,,,
2018,6/27/18,SGL92,C,E,20,BLACK377,Y,WFM,M,AD,,,,,,,,,,6,,,,,,,,
2018,6/27/18,SGL92,C,E,19,BLACK380,Y,WFM,F,AD,,,,,,,,,,3,,,,,,,,
2018,6/27/18,SGL92,C,E,11,BLACK381,Y,WFM,M,AD,,,,,,,,,,1,,,,,,,,
2018,6/27/18,SGL92,C,E,2,,,WFM,,AD,,,,,,,,,,,,,,,,,,
2018,6/19/18,SGL103,A,E,17,BLUE352,N,RBV,,AD,,,,,,,,,,0,,,,,,,,
2018,6/19/18,SGL103,A,W,14,BLUE355,Y,WFM,M,AD,,,15,1.5,2,,8,,,8,,,,,,,,
2018,6/19/18,SGL103,A,W,25,RED372,N,WFM,M,JUV,,,,1.25,2,,6,,,2,,,,,,,,
2018,6/19/18,SGL103,A,W,12,BLUE367,Y,WFM,M,AD,,,21,,,,,,,1,,,,,,,,
2018,6/19/18,SGL103,A,W,3,BLUE387,N,WFM,,JUV,,,20,,,,,,,7,,,,,,,,
2018,6/19/18,SGL103,A,W,6,BLUE376,Y,WFM,F,AD,,,,,,,,,,3,,,,,,,,
2018,6/19/18,SGL103,A,W,10,BLUE337,Y,WFM,M,AD,,,,,,,,,,4,,,,,,,,
2018,6/19/18,SGL103,A,W,16,BLUE391,Y,WFM,F,AD,,,,,,,,,,0,,,,,,,,
2018,6/19/18,SGL103,A,W,4,BLUE320,Y,WFM,F,AD,,,,,,,,,,2,,,,,,,,
2018,6/19/18,SGL103,A,W,11,BLUE303,Y,WFM,F,AD,,,,,,,,,,2,,,,,,,,
2018,6/19/18,SGL103,A,W,2,BLUE395,Y,WFM,F,AD,,,,,,,,,,2,,,,,,,,
2018,6/19/18,SGL103,A,E,6,BLUE392,N,WFM,M,AD,,,21,1.5,2,,8,,,12,,,,,,,,
2018,6/19/18,SGL103,A,E,25,BLUE380,N,WFM,M,AD,,,22,1.5,1.8,,7,,,1,,,,,,,,
2018,6/19/18,SGL103,A,E,24,BLUE346,Y,WFM,F,AD,,,24,,,,,,,0,,,,,,,,
2018,6/19/18,SGL103,A,E,13,BLUE333,Y,WFM,F,AD,,,,,,,,,,2,,,,,,,,
2018,6/19/18,SGL103,A,E,8,BLUE374,Y,WFM,M,AD,,,,,,,,,,8,,,,,,,,
2018,6/19/18,SGL103,A,E,11,BLUE375,Y,WFM,F,AD,,,,,,,,,,4,,,,,,,,
2018,6/19/18,SGL103,A,E,19,BLUE382,Y,WFM,M,AD,,,,,,,,,,6,,,,,,,,
2018,6/19/18,SGL103,B,W,10,RED371,N,RBV,F,AD,,,24,1.5,2,,8,,,0,,,,,,,,
2018,6/19/18,SGL103,B,W,13,BLUE319,N,RBV,,AD,,,,,,,,,,0,,,,,,,,
2018,6/19/18,SGL103,B,W,12,RED306,N,RBV,F,AD,,,,,,,,,,0,,,,,,,,
2018,6/19/18,SGL103,B,W,11,RED311,N,RBV,,AD,,,,,,,,,,0,,,,,,,,
2018,6/19/18,SGL103,B,W,2,RED340,N,WFM,F,AD,,,10,1.6,2,,7.5,,,1,,,,,,,,
2018,6/19/18,SGL103,B,W,8,RED385,N,WFM,M,JUV,,,,1.5,1.6,,5,,,5,,,,,,,,
2018,6/19/18,SGL103,B,W,6,RED312,Y,WFM,F,AD,,,,,,,,,,2,,,,,,,,
2018,6/19/18,SGL103,B,W,1,RED338,Y,WFM,M,AD,,,,,,,,,,9,,,,,,,,
2018,6/19/18,SGL103,B,W,17,RED361,Y,WFM,F,AD,,,,,,,,,,3,,,,,,,,
2018,6/19/18,SGL103,B,E,1,RED395,N,WFM,F,AD,,,19,1.2,2,,8,,,5,,,,,,,,
2018,6/19/18,SGL103,B,E,7,RED388,Y,WFM,F,AD,,,,,,,,,,2,,,,,,,,
2018,6/19/18,SGL103,B,E,10,RED341,Y,WFM,F,AD,,,,,,,,,,3,,,,,,,,
2018,6/19/18,SGL103,B,E,11,RED392,Y,WFM,M,AD,,,,,,,,,,3,,,,,,,,
2018,6/19/18,SGL103,B,E,8,RED397,Y,WFM,M,AD,,,,,,,,,,3,,,,,,,,
2018,6/19/18,SGL92,C,E,14,,N,JM,,AD,,,,,,,,,,,,,,,,,,
2018,6/19/18,SGL92,C,E,25,BLACK331,Y,JM,F,AD,,,,,,,,,,0,,,,,,,,
2018,6/19/18,SGL92,C,W,19,BLACK374,N,WFM,M,AD,,,22,1.5,2,,9,,,1,,,,,,,,
2018,6/19/18,SGL92,C,W,20,BLACK358,N,WFM,M,AD,,,24,1.75,2,,7.5,,,3,,,,,,,,
2018,6/19/18,SGL92,C,W,25,BLACK351,N,WFM,F,AD,,,15,1.5,2,,7,,,4,,,,,,,,
2018,6/19/18,SGL92,C,W,10,BLACK360,Y,WFM,F,AD,,,,,,,,1,1,2,,,,,,,,
2018,6/19/18,SGL92,C,W,5,BLACK337,Y,WFM,M,AD,,,,,,,,,,3,,,,,,,,
2018,6/19/18,SGL92,C,W,22,BLACK382,Y,WFM,M,AD,,,,,,,,,,14,,,,,,,,
2018,6/19/18,SGL92,C,W,21,BLACK393,Y,WFM,F,AD,,,,,,,,,,1,,,,,,,,
2018,6/19/18,SGL92,C,E,1,BLACK313,N,WFM,F,AD,,,16,1.5,2,,7.5,,,5,,,,,,,,
2018,6/19/18,SGL92,C,E,16,BLACK326,Y,WFM,M,AD,,,,,,,,,,1,,,,,,,,
2018,6/19/18,SGL92,C,E,6,BLACK339,Y,WFM,M,AD,,,,,,,,,,2,,,,,,,,
2018,6/19/18,SGL92,C,E,8,BLACK342,Y,WFM,M,AD,,,,,,,,,,2,,,,,,,,
2018,6/19/18,SGL92,C,E,9,BLACK361,Y,WFM,F,AD,,,,,,,,,,0,,,,,,,,
2018,6/19/18,SGL92,C,E,24,BLACK362,Y,WFM,M,AD,,,,,,,,,,3,,,,,,,,
2018,6/19/18,SGL92,C,E,6,BLACK364,Y,WFM,F,AD,,,,,,,,,,4,,,,,,,,
2018,6/19/18,SGL92,C,E,7,BLACK367,Y,WFM,M,AD,,,,,,,,,,2,,,,,,,,
2018,6/19/18,SGL92,C,E,19,BLACK377,Y,WFM,M,AD,,,,,,,,,,2,,,,,,,,
2018,6/12/18,SGL103,A,W,5,BLUE356,Y,CHP,F,AD,,,,,,,,,,28,,,,,,,,
2018,6/12/18,SGL103,A,E,6,BLUE372,N,CHP,,AD,,,,,,,,,,25,,,,,,,,
2018,6/12/18,SGL103,A,W,15,BLUE357,N,RBV,F,AD,,,,,,,,,,0,,,,,,,,
2018,6/12/18,SGL103,A,W,21,BLUE358,Y,RBV,,AD,,,,,,,,,,0,,,,,,,,
2018,6/12/18,SGL103,A,E,10,BLUE308,N,RBV,M,AD,,,,,,,,,,0,,,,,,,,
2018,6/12/18,SGL103,A,W,6,BLUE377,N,WFM,M,AD,,,21,1.3,1.9,,9,,,0,,,,,,,,
2018,6/12/18,SGL103,A,W,13,BLUE355,N,WFM,M,AD,,,20,1.3,2,,8,,,7,,,,,,,,
2018,6/12/18,SGL103,A,W,9,BLUE367,N,WFM,M,AD,,,22,1.5,2,,7.5,,,3,,,,,,,,
2018,6/12/18,SGL103,A,W,22,BLUE373,Y,WFM,F,AD,,,,,,,,,,16,,,,,,,,
2018,6/12/18,SGL103,A,W,10,BLUE303,Y,WFM,F,AD,,,,,,,,,,6,,,,,,,,
2018,6/12/18,SGL103,A,W,12,BLUE316,Y,WFM,M,AD,,,,,,,,,,10,,,,,,,,
2018,6/12/18,SGL103,A,W,4,BLUE320,Y,WFM,F,AD,,,,,,,,,,8,,,,,,,,
2018,6/12/18,SGL103,A,W,8,BLUE337,Y,WFM,M,AD,,,,,,,,,,4,,,,,,,,
2018,6/12/18,SGL103,A,W,16,BLUE368,Y,WFM,M,AD,,,,,,,,,,6,,,,,,,,
2018,6/12/18,SGL103,A,W,7,BLUE376,Y,WFM,F,AD,,,,,,,,,,3,,,,,,,,
2018,6/12/18,SGL103,A,W,14,BLUE391,Y,WFM,F,AD,,,,,,,,,,8,,,,,,,,
2018,6/12/18,SGL103,A,E,9,BLUE351,N,WFM,M,AD,,,20,1.8,2,,9.7,,,1,,,,,,,,
2018,6/12/18,SGL103,A,E,11,BLUE333,N,WFM,F,AD,,,27,2,2,,8,,,3,,,,,,,,
2018,6/12/18,SGL103,A,E,4,BLUE354,N,WFM,M,AD,,,37,1.4,1.8,,7.8,,,2,,,,,,,,
2018,6/12/18,SGL103,A,E,4,BLUE354,N,WFM,M,AD,,,37,1.4,1.8,,7.8,,,2,,,,,,,,
2018,6/12/18,SGL103,A,E,14,BLUE378,N,WFM,F,AD,,,30,1.5,2,,7,,,9,,,,,,,,
2018,6/12/18,SGL103,A,E,3,BLUE296,N,WFM,M,AD,,,25,1.5,2.2,,,,,3,,,,,,,,
2018,6/12/18,SGL103,A,E,24,BLUE346,Y,WFM,F,AD,,,,,,,,,,15,,,,,,,,
2018,6/12/18,SGL103,A,E,19,BLUE342,Y,WFM,F,AD,,,,,,,,,,0,,,,,,,,
2018,6/12/18,SGL103,A,E,8,BLUE374,Y,WFM,M,AD,,,,,,,,,,5,,,,,,,,
2018,6/12/18,SGL103,A,E,16,BLUE375,Y,WFM,F,AD,,,,,,,,,,5,,,,,,,,
2018,6/12/18,SGL103,A,E,18,BLUE382,Y,WFM,M,AD,,,,,,,,,,2,,,,,,,,
2018,6/12/18,SGL103,A,E,25,BLUE386,Y,WFM,F,AD,,,,,,,,,,6,,,,,,,,
2018,6/12/18,SGL103,A,E,12,BLUE395,Y,WFM,F,AD,,,,,,,,,,3,,,,,,,,
2018,6/12/18,SGL103,A,E,5,BLUE400,Y,WFM,F,AD,,,,,,,,,,2,,,,,,,,
2018,6/12/18,SGL103,A,E,2,RED344,Y,WFM,M,AD,,,,,,,,,,1,,,,,,,,
2018,6/12/18,SGL103,B,W,12,Z2,N,RBV,F,AD,,,,,,,,,,1,,,,,,,,
2018,6/12/18,SGL103,B,W,13,RED 306,N,RBV,,AD,,,,,,,,,,0,,,,,,,,
2018,6/12/18,SGL103,B,W,3,RED320,N,RBV,,AD,,,,,,,,,,0,,,,,,,,
2018,6/12/18,SGL103,B,W,6,RED312,N,WFM,F,AD,,,24,1.4,1.7,,9.2,,,3,,,,,,,,
2018,6/12/18,SGL103,B,W,1,RED338,N,WFM,M,AD,,,21,1.3,1.7,,8.2,,,1,,,,,,,,
2018,6/12/18,SGL103,B,W,5,RED361,Y,WFM,F,AD,,,,,,,,,,,,,,,,,,
2018,6/12/18,SGL103,B,E,8,RED387,N,WFM,M,AD,,,21,1.6,2.3,,8.6,,,2,,,,,,,,
2018,6/12/18,SGL103,B,E,23,RED329,Y,WFM,F,AD,,,,,,,,,,5,,,,,,,,
2018,6/12/18,SGL103,B,E,15,RED341,Y,WFM,F,AD,,,,,,,,,,4,,,,,,,,
2018,6/12/18,SGL103,B,E,12,RED388,Y,WFM,F,AD,,,,,,,,,,3,,,,,,,,
2018,6/12/18,SGL103,B,E,9,RED395,Y,WFM,F,AD,,,,,,,,,,3,,,,,,,,
2018,6/12/18,SGL92,C,W,16,BLACK356,N,WFM,M,AD,,,18,1.5,2.5,,10,,,6,,,,,,,,
2018,6/12/18,SGL92,C,W,4,BLACK337,N,WFM,M,AD,,,28,1.6,2,,8.3,,,5,,,,,,,,
2018,6/12/18,SGL92,C,W,8,BLACK360,N,WFM,F,AD,,,23,1,2,,,,,3,,,,,,,,
2018,6/12/18,SGL92,C,W,23,BLACK349,Y,WFM,M,AD,,,,,,,,,,6,,,,,,,,
2018,6/12/18,SGL92,C,W,21,BLACK382,Y,WFM,M,AD,,,,,,,,,,8,,,,,,,,
2018,6/12/18,SGL92,C,E,24,BLACK394,N,WFM,M,AD,,,24,1.1,2.4,,9,,,3,,,,,,,,
2018,6/12/18,SGL92,C,E,16,BLACK312,N,WFM,,AD,,,18,1.4,2,,8.5,,,7,,,,,,,,
2018,6/12/18,SGL92,C,E,7,BLACK357,N,WFM,M,AD,,,17,1.6,1.9,,8.5,,,0,,,,,,,,
2018,6/12/18,SGL92,C,E,3,BLACK339,N,WFM,M,AD,,,12,1.6,2,,8.3,,,2,,,,,,,,
2018,6/12/18,SGL92,C,E,25,BLACK362,N,WFM,M,AD,,,25,1.5,2,,8,,,10,,,,,,,,
2018,6/12/18,SGL92,C,E,14,BLACK326,N,WFM,M,AD,,,17,1.5,2,,8,,,10,,,,,,,,
2018,6/12/18,SGL92,C,E,8,BLACK342,N,WFM,M,AD,,,17,1.4,1.6,,8,,,1,,,,,,,,
2018,6/12/18,SGL92,C,E,9,BLACK361,N,WFM,F,AD,,,19,1.5,2,,7.5,,,2,,,,,,,,
2018,6/12/18,SGL92,C,E,2,BLACK301,N,WFM,F,AD,,,15,1.3,1.4,,7.5,,,1,,,,,,,,
2018,6/12/18,SGL92,C,E,23,BLACK346,N,WFM,M,AD,,,,,,,,,,1,,,,,,,,
2018,6/12/18,SGL92,C,E,6,BLACK364,Y,WFM,F,AD,,,,,,,,,,1,,,,,,,,
2018,6/12/18,SGL92,C,E,12,BLACK366,Y,WFM,F,AD,,,,,,,,,,2,,,,,,,,
2018,6/12/18,SGL92,C,E,23,BLACK377,Y,WFM,M,AD,,,,,,,,,,10,,,,,,,,
2018,6/12/18,SGL92,C,E,10,BLACK388,Y,WFM,F,AD,,,,,,,,,,0,,,,,,,,
2018,6/6/18,SGL103,A,W,7,BLUE356,Y,CHP,F,AD,,,,,,,,,,6,,,,,,,,
2018,6/6/18,SGL103,A,E,1,BLUE317,N,CHP,F,AD,,,,,,,,,,,,,,,,,,
2018,6/6/18,SGL103,A,E,2,BLUE328,N,CHP,F,AD,,,,,,,,,,0,,,,,,,,
2018,6/6/18,SGL103,A,W,16,BLUE335,N,RBV,F,AD,,,30,1.5,2,,10,,,0,,,,,,,,
2018,6/6/18,SGL103,A,W,4,BLUE326,N,RBV,F,AD,,,,,,,,,,0,,,,,,,,
2018,6/6/18,SGL103,A,W,3,BLUE393,N,RBV,F,AD,,,,,,,,,,0,,,,,,,,
2018,6/6/18,SGL103,A,W,21,BLUE356,Y,RBV,F,AD,,,,,,,,,,0,,,,,,,,
2018,6/6/18,SGL103,A,E,13,BLUE334,N,RBV,F,AD,,,17,,,,,,,0,,,,,,,,
2018,6/6/18,SGL103,A,W,11,BLUE316,N,WFM,M,AD,,,25,1.5,2,,9,,,4,,,,,,,,
2018,6/6/18,SGL103,A,W,12,BLUE391,Y,WFM,F,AD,,,23,1.3,2,,8,,,2,,,,,,,,
2018,6/6/18,SGL103,A,W,17,BLUE362,N,WFM,M,AD,,,21,1.5,1.7,,7,,,0,,,,,,,,
2018,6/6/18,SGL103,A,W,10,BLUE303,Y,WFM,F,AD,,,,,,,,,,8,,,,,,,,
2018,6/6/18,SGL103,A,W,15,BLUE368,Y,WFM,M,AD,,,,,,,,,,15,,,,,,,,
2018,6/6/18,SGL103,A,W,23,BLUE373,Y,WFM,F,AD,,,,,,,,,,4,,,,,,,,
2018,6/6/18,SGL103,A,E,19,BLUE342,N,WFM,F,AD,,,24,1.5,2.3,,9.8,,,9,,,,,,,,
2018,6/6/18,SGL103,A,E,14,BLUE395,N,WFM,F,AD,,,21,1.5,2,,9,,,3,,,,,,,,
2018,6/6/18,SGL103,A,E,5,BLUE374,N,WFM,M,AD,,,36,,,,,,,5,,,,,,,,
2018,6/6/18,SGL103,A,E,24,BLUE346,Y,WFM,F,AD,,,24,,,,,,,15,,,,,,,,
2018,6/6/18,SGL103,A,E,22,BLUE327,Y,WFM,M,AD,,,,,,,,,,7,,,,,,,,
2018,6/6/18,SGL103,A,E,12,BLUE375,Y,WFM,F,AD,,,,,,,,,,4,,,,,,,,
2018,6/6/18,SGL103,A,E,18,BLUE382,Y,WFM,M,AD,,,,,,,,,,5,,,,,,,,
2018,6/6/18,SGL103,A,E,25,BLUE386,Y,WFM,F,AD,,,,,,,,,,2,,,,,,,,
2018,6/6/18,SGL103,B,E,23,RED334,N,RBV,M,AD,,,24,,,,,,,0,,,,,,,,
2018,6/6/18,SGL103,B,E,9,RED305,Y,RBV,F,AD,,,,,,,,,,0,,,,,,,,
2018,6/6/18,SGL103,B,W,7,RED361,Y,WFM,F,AD,,,,,,,,,,14,,,,,,,,
2018,6/6/18,SGL103,B,E,3,RED314,N,WFM,M,AD,,,21,2,2,,9,,,5,,,,,,,,
2018,6/6/18,SGL103,B,E,7,,N,WFM,M,AD,,,,1.5,2,,7,,,15,,,,,,,,
2018,6/6/18,SGL103,B,E,5,RED344,Y,WFM,M,AD,,,43,,,,,,,0,,,,,,,,
2018,6/6/18,SGL103,B,E,13,RED392,Y,WFM,M,AD,,,26,,,,,,,1,,,,,,,,
2018,6/6/18,SGL103,B,E,11,RED388,Y,WFM,F,AD,,,,,,,,,,,,,,,,,,
2018,6/6/18,SGL103,B,E,25,RED330,Y,WFM,M,AD,,,,,,,,,,1,,,,,,,,
2018,6/6/18,SGL92,C,W,22,BLACK382,N,WFM,M,AD,,,23,2.3,2.2,,8.1,,,22,,,,,,,,
2018,6/6/18,SGL92,C,W,25,BLACK349,Y,WFM,M,AD,,,21,,,,,,,10,,,,,,,,
2018,6/6/18,SGL92,C,E,8,BLACK307,N,WFM,F,AD,,,17,1.5,2,,8.1,,,5,,,,,,,,
2018,6/6/18,SGL92,C,E,11,BLACK381,N,WFM,M,AD,,,17,1.8,2,,7.5,,,3,,,,,,,,
2018,6/6/18,SGL92,C,E,17,BLACK377,N,WFM,M,AD,,,17,1.4,2,,7,,,3,,,,,,,,
2018,6/6/18,SGL92,C,E,24,BLACK331,N,WFM,F,AD,,,24,,,,,,,1,,,,,,,,
2018,6/6/18,SGL92,C,E,14,BLACK380,Y,WFM,F,AD,,,21,,,,,,,20,,,,,,,,
2018,6/6/18,SGL92,C,E,12,BLACK366,N,WFM,F,JUV,,,,,,,,,,9,,,,,,,,
2018,6/6/18,SGL92,C,E,6,BLACK364,Y,WFM,F,AD,,,,,,,,,,1,1,,,,,,,
2018,6/6/18,SGL92,C,W,20,BLACK393,Y,WFM ,F,AD,,,16,,,,,,,19,,,,,,,,
2018,5/30/18,SGL103,A,W,5,BLUE356,N,CHP,F,AD,,,,,,,,,,15,,,,,,,,
2018,5/30/18,SGL103,A,E,4,,Y,CHP,,AD,,,,,,,,,,,,,,,,,,
2018,5/30/18,SGL103,A,E,16,,N,NST,,AD,,,,,,,,,,,,,,,,,,
2018,5/30/18,SGL103,A,W,21,BLUE358,N,RBV,,AD,,,25.5,,,,,,,0,,,,,,,,
2018,5/30/18,SGL103,A,E,7,BLUE323,N,RBV,F,AD,,,26,1.4,1.6,,9.6,,,0,,,,,,,,
2018,5/30/18,SGL103,A,E,3,BLUE360,N,RBV,F,AD,,,15,,,,,,,0,,,,,,,,
2018,5/30/18,SGL103,A,E,8,,N,RBV,,JUV,,,11,,,,,,,1,,,,,,,,
2018,5/30/18,SGL103,A,W,18,BLUE368,Y,WFM,M,AD,,,47,1.1,2.4,,9.7,,,0,,,,,,,,
2018,5/30/18,SGL103,A,W,7,BLUE376,N,WFM,F,AD,,,21.5,1.3,2.1,,7.7,,,0,,,,,,,,
2018,5/30/18,SGL103,A,W,22,BLUE373,Y,WFM,F,AD,,,37,,,,,,,14,,,,,,,,
2018,5/30/18,SGL103,A,W,14,BLUE314,Y,WFM,F,AD,,,31.5,,,,,,,0,,,,,,,,
2018,5/30/18,SGL103,A,W,3,BLUE320,Y,WFM,F,AD,,,21.5,,,,,,,1,,,,,,,,
2018,5/30/18,SGL103,A,E,15,BLUE388,N,WFM,M,AD,,,25,1.5,2,,9.9,,,0,,,,,,,,
2018,5/30/18,SGL103,A,E,20,BLUE400,N,WFM,F,AD,,,,1.5,2,,9.5,,,0,,,,,,,,
2018,5/30/18,SGL103,A,E,23,BLUE386,N,WFM,F,AD,,,31,1.5,2,,8.5,,,0,,,,,,,,
2018,5/30/18,SGL103,A,E,11,BLUE375,Y,WFM,F,AD,,,22,1.3,2,,8.5,,,2,,,,,,,,
2018,5/30/18,SGL103,A,E,25,BLUE327,N,WFM,M,AD,,,24,1.7,2.2,,8,,,0,,,,,,,,
2018,5/30/18,SGL103,A,E,1,BLUE313,N,WFM,F,JUV,,,12,1.2,1.8,,6.8,,,6,,,,,,,,
2018,5/30/18,SGL103,A,E,19,BLUE382,Y,WFM,M,AD,,,25,,,,,,,6,,,,,,,,
2018,5/30/18,SGL103,B,E,11,RED304,N,CHP,M,AD,,,45,,,,,,,25,,,,,,,,
2018,5/30/18,SGL103,B,W,3,RED370,N,RBV,F,AD,,,,,,,,,,0,,,,,,,,
2018,5/30/18,SGL103,B,E,5,RED305,N,RBV,F,AD,,,28,1,1.7,,9.6,,,0,,,,,,,,
2018,5/30/18,SGL103,B,W,6,RED361,Y,WFM,F,AD,,,24.5,1.2,2.2,,9.2,,,0,,,,,,,,
2018,5/30/18,SGL103,B,E,3,RED344,N,WFM,M,AD,,,19,1.2,2,,8.8,,,1,,,,,,,,
2018,5/30/18,SGL103,B,E,15,RED341,N,WFM,F,AD,,,19,1.5,2,,8.7,,,0,,,,,,,,
2018,5/30/18,SGL103,B,E,25,RED329,N,WFM,F,AD,,,20,1.5,2,,7.7,,,1,,,,,,,,
2018,5/30/18,SGL103,B,E,21,RED330,N,,M,AD,,,22,1.5,1.9,,9.2,,,2,,,,,,,,
2018,5/30/18,SGL92,C,E,24,BLACK330,N,JM,M,AD,,,28,0.9,3,,8,,,2,,,,,,,,
2018,5/30/18,SGL92,C,W,22,BLACK349,N,WFM,M,AD,,,19.5,1.5,2,,10.5,,,7,,,,,,,,
2018,5/30/18,SGL92,C,E,8,BLACK367,N,WFM,M,AD,,,25,1.5,2,,10,,,0,,,,,,,,
2018,5/30/18,SGL92,C,E,5,BLACK364,N,WFM,F,AD,,,20,1.5,2,,9.5,,,4,,,,,,,,
2018,5/30/18,SGL92,C,E,18,BLACK380,Y,WFM,F,AD,,,20,1.5,1.5,,7.5,,,2,,,,,,,,
2018,5/30/18,SGL92,C,E,9,BLACK388,N,WFM,F,JUV,,,15,1.3,2,,6.4,,,2,,,,,,,,
2018,5/25/18,SGL103,A,E,3,BLUE317,N,CHP,F,AD,,,,,,,,,,7,,,,,,,,
2018,5/25/18,SGL103,A,W,21,BLUE305,N,RBV,F,AD,,,24,1,1.6,,9.5,,,0,,,,,,,,
2018,5/25/18,SGL103,A,W,17,BLUE365,N,RBV,,JUV,,,29,,,,,,,,,,,,,,,
2018,5/25/18,SGL103,A,E,16,BLUE348,N,RBV,F,AD,,,34,1.1,1.8,,10,,,0,,,,,,,,
2018,5/25/18,SGL103,A,E,16,BLUE348,Y,RBV,F,AD,,,30,1.5,2,,9,,,0,,,,,,,,
2018,5/25/18,SGL103,A,E,6,BLUE369,N,RBV,,AD,,,23,,,,,,,0,,,,,,,,
2018,5/25/18,SGL103,A,W,19,BLUE368,N,WFM,M,AD,,,32,1.7,2,,10,,,0,,,,,,,,
2018,5/25/18,SGL103,A,W,7,BLUE362,N,WFM,M,AD,,,23,1.2,2,,9.5,,,,,,,,,,,
2018,5/25/18,SGL103,A,W,13,BLUE314,Y,WFM,F,AD,,,27,1.5,1.5,,9.4,,,3,,,,,,,,
2018,5/25/18,SGL103,A,W,9,BLUE303,N,WFM,F,AD,,,28,1.4,2,,9,,,1,,,,,,,,
2018,5/25/18,SGL103,A,W,16,BLUE341,N,WFM,M,AD,,,20,1.4,1.9,,7.3,,,2,,,,,,,,
2018,5/25/18,SGL103,A,W,1,BLUE320,N,WFM,F,AD,,,26,1.5,2,,7,,,3,,,,,,,,
2018,5/25/18,SGL103,A,W,6,BLUE311,N,WFM,F,AD,,,41,,,,,,,,,,,,,,,
2018,5/25/18,SGL103,A,W,13,BLUE314,Y,WFM,F,AD,,,17,,,,,,,,,,,,,,,
2018,5/25/18,SGL103,A,E,12,BLUE375,N,WFM,F,AD,,,44,1.4,2.3,,9.4,,,,,,,,,,,
2018,5/25/18,SGL103,A,E,22,BLUE373,N,WFM,F,AD,,,31,1.3,1.9,,9.4,,,,,,,,,,,
2018,5/25/18,SGL103,A,E,20,BLUE383,N,WFM,M,AD,,,19,1,2,,9,,,2,,,,,,,,
2018,5/25/18,SGL103,A,E,25,BLUE346,Y,WFM,F,AD,,,27.5,,,,,,,,,,,,,,,
2018,5/25/18,SGL103,B,W,2,RED377,N,RBV,M,AD,,,,,,,,,,0,,,,,,,,
2018,5/25/18,SGL103,B,E,9,RED376,N,RBV,F,AD,,,27,0.8,1.5,,10.1,,,1,,,,,,,,
2018,5/25/18,SGL103,B,E,17,RED392,Y,RBV,M,AD,,,,,,,,,,0,,,,,,,,
2018,5/25/18,SGL103,B,W,8,RED361,Y,WFM,F,AD,,,24,1,2,,9,,,2,,,,,,,,
2018,5/25/18,SGL103,B,E,19,RED390,Y,WFM,F,AD,,,25,1.5,2,,9.9,,,10,,,,,,,,
2018,5/25/18,SGL103,B,E,3,RED397,Y,WFM,M,AD,,,22,1.2,1.9,,9.8,,,0,,,,,,,,
2018,5/25/18,SGL103,B,E,8,RED310,N,WFM,M,AD,,,27,1,2,,9.1,,,0,,,,,,,,
2018,5/25/18,SGL103,B,E,20,RED303,N,WFM,M,AD,,,22,1.2,1.9,,8.9,,,7,,,,,,,,
2018,5/25/18,SGL103,B,E,4,RED363,N,WFM,M,AD,,,20,2,2,,8.5,,,1,,,,,,,,
2018,5/25/18,SGL103,B,E,11,RED388,Y,WFM,F,AD,,,,,,,,,,,,,,,,,,
2018,5/25/18,SGL92,C,W,20,BLACK393,N,WFM,F,AD,,,23,1.5,2,,9,,,16,,,,,,,,
2018,5/25/18,SGL92,C,E,4,BLACK396,N,WFM,M,AD,,,24,1.5,2,,10.5,,,2,,,,,,,,
2018,5/25/18,SGL92,C,E,17,BLACK380,N,WFM,F,AD,,,25,1.75,1.75,,9.5,,,0,,,,,,,,
2018,5/17/18,SGL103,A,E,5,BLUE304,N,CHP,M,AD,,,,,,,,,,0,,,,,,,,
2018,5/17/18,SGL103,A,W,22,3,N,RBV,F,AD,,,24,1,2.2,,10.1,,,0,,,,,,,,
2018,5/17/18,SGL103,A,W,21,,N,RBV,F,AD,,,27,0.8,1.6,,9.2,,,0,,,,,,,,
2018,5/17/18,SGL103,A,E,6,2,N,RBV,F,AD,,,26,0.8,1.5,,9.9,,,0,,,,,,,,
2018,5/17/18,SGL103,A,W,15,BLUE314,N,WFM,F,AD,,,33,1.5,2.5,,10,,,,,,,,,,,
2018,5/17/18,SGL103,A,W,9,BLUE337,N,WFM,M,AD,,,26,1.5,1.9,,9.2,,,1,,,,,,,,
2018,5/17/18,SGL103,A,W,6,BLUE311,Y,WFM,F,AD,,,31,1.4,1.7,,8.8,,,2,,,,,,,,
2018,5/17/18,SGL103,A,E,18,BLUE330,N,WFM,F,AD,,,29,1.4,2,,7.9,,,0,,,,,,,,
2018,5/17/18,SGL103,A,E,25,BLUE307,N,WFM,F,AD,,,21,1.2,2.3,,7.6,,,7,,,,,,,,
2018,5/17/18,SGL103,B,W,8,RED361,Y,WFM,F,AD,,,28,1.1,1.8,,8.8,,,2,,,,,,,,
2018,5/17/18,SGL103,B,E,11,RED392,N,WFM,M,AD,,,27,1.2,2,,10,,,1,,,,,,,,
2018,5/17/18,SGL103,B,E,15,RED388,Y,WFM,F,AD,,,28,1.9,1.9,,9.5,,,0,,,,,,,,
2018,5/17/18,SGL103,B,E,19,RED380,N,WFM,F,AD,,,37,1.5,2,,9,,,0,,,,,,,,
2018,5/9/18,SGL103,B,E,3,RED388,N,WFM,F,AD,,,24,1,1.8,,9.1,,,0,,,,,,,,
2018,5/8/18,SGL103,A,E,16,1,N,RBV,M,AD,,,30.5,1.1,1.9,,10.5,,,0,,,,,,,,
2018,5/8/18,SGL103,A,W,8,BLUE311,N,WFM,F,AD,,,18,1.5,2,,8.9,,,0,,,,,,,,
2018,5/8/18,SGL103,A,E,25,BLUE346,N,WFM,F,AD,,,25.9,1.6,2.3,,9.5,,,1,,,,,,,,
2018,5/8/18,SGL103,A,E,19,BLUE325,N,WFM,F,AD,,,27.5,1.1,2,,9.1,,,0,,,,,,,,
2018,5/8/18,SGL103,A,E,24,BLUE350,N,WFM,F,AD,,,23,1.5,2.3,,8.8,,,0,,,,,,,,
2018,5/8/18,SGL103,B,W,7,RED361,N,WFM,F,AD,,,22.5,1.4,1.9,,9,,,0,,,,,,,,
2018,5/8/18,SGL103,B,E,2,RED397,N,WFM,M,AD,,,24.6,1.8,2.2,,8.5,,,0,,,,,,,,
,,,,,,,,,,,,,,,,,,,,,,,,,,,,
,,,,,,,,,,,,,,,,,,,,,,,,,,,,
,,,,,,,,,,,,,,,,,,,,,,,,,,,,
,,,,,,,,,,,,,,,,,,,,,,,,,,,,
,,,,,,,,,,,,,,,,,,,,,,,,,,,,
,,,,,,,,,,,,,,,,,,,,,,,,,,,,
,,,,,,,,,,,,,,,,,,,,,,,,,,,,
,,,,,,,,,,,,,,,,,,,,,,,,,,,,