Year,Month,Date,Treatment/Control,SGL,Plot,Transect,Trap,ID,Recapture?,Specimen.Species,Sex?,Age?,Total.WT,Bag.WT,Animal.Weight,Ear.length,Foot.length,Tail.length,Body.length,Larvae,Nymphs,Ticks.Total,Fleas ,Other.Ectoparasites,
2019,August,8/6/19,C,SGL103,B,C1,10,BLACK101,N,WFM ,M,JUV,,,14,1.5,2,,7.5,,,6,,,
2019,August,8/6/19,C,SGL103,A,CE,13,BLACK226,Y,WFM ,M,AD,,,,,,,,,,4,,,
2019,August,8/6/19,C,SGL103,A,C3,4,BLACK257,N,WFM ,,JUV,,,18,1.3,2,,8,,,15,,,
2019,August,8/6/19,C,SGL103,A,C3,2,BLACK267,N,WFM ,,AD,,,22,1.5,1.9,,7.5,,,7,,,
2019,August,8/6/19,C,SGL103,A,CE,14,BLACK282,Y,WFM ,F,JUV,,,,,,,,,,7,,,
2019,August,8/6/19,C,SGL103,A,CE,20,BLACK294,Y,WFM ,F,AD,,,,,,,,,,0,,,
2019,August,8/13/19,C,SGL103,A,C2,2,BLACK226,Y,WFM ,M,AD,,,,,,,,,,10,,,
2019,August,8/13/19,C,SGL103,A,C3,6,BLACK257,Y,WFM ,,,,,,,,,,,,14,,,
2019,August,8/13/19,C,SGL103,A,CE,23,BLACK267,Y,WFM ,,AD,,,,,,,,,,10,,,
2019,August,8/13/19,C,SGL103,A,CE,15,BLACK282,Y,WFM ,F,,,,,,,,,,,5,,,
2019,August,8/13/19,C,SGL103,A,C2,7,BLACK294,Y,WFM ,F,AD,,,,,,,,,,0,,,
2019,August,8/13/19,C,SGL103,A,C1,4,BLACK300,Y,WFM ,M,AD,,,,,,,,,,5,,,
2019,August,8/20/19,C,SGL103,A,C2,5,BLACK226,Y,WFM ,M,AD,,,,,,,,,,8,,,
2019,August,8/20/19,C,SGL103,A,CE,24,BLACK257,Y,WFM ,,,,,,,,,,,,11,,,
2019,August,8/20/19,C,SGL103,A,C1,3,BLACK282,Y,WFM ,F,,,,,,,,,,,7,,,
2019,August,8/20/19,C,SGL103,A,C2,2,BLACK294,Y,WFM ,F,AD,,,,,,,,,,6,,,
2019,August,8/20/19,C,SGL103,A,CE,13,BLACK300,Y,WFM ,M,AD,,,,,,,,,,9,,,
2019,August,8/29/19,C,SGL103,A,C1,9,BLACK226,Y,WFM ,M,AD,,,,,,,,,,9,,,
2019,August,8/29/19,C,SGL103,A,CE,23,BLACK257,Y,WFM ,,,,,,,,,,,,4,,,
2019,August,8/29/19,C,SGL103,A,C3,3,BLACK269,N,WFM ,M,AD,,,23,1.6,2.1,,10,,,3,,,
2019,August,8/29/19,C,SGL103,A,C1,8,BLACK282,Y,WFM ,F,,,,,,,,,,,1,,,
2019,August,8/29/19,C,SGL103,A,CE,15,BLACK294,Y,WFM ,F,AD,,,,,,,,,,0,,,
2019,July,7/3/19,C,SGL103,A,C2,9,BLACK226,N,WFM ,M,JUV,,,21,1.5,2,,7.5,,,6,,,
2019,July,7/9/19,C,SGL103,A,CE,15,BLACK226,Y,WFM ,M,AD,,,,,,,,,,8,,,
2019,July,7/16/19,C,SGL103,A,C1,2,BLACK226,Y,WFM ,M,AD,,,,,,,,,,17,,,
2019,July,7/16/19,C,SGL103,A,CE,16,GREEN246,N,WFM ,M,AD,,,19,1.5,2,,7.5,,,0,,,
2019,July,7/25/19,C,SGL103,A,C3,7,BLACK206,Y,WFM ,F,AD,,,,,,,,,,7,,,
2019,July,7/25/19,C,SGL103,A,CE,18,BLACK226,Y,WFM ,M,AD,,,,,,,,,,9,,,
2019,July,7/25/19,C,SGL103,A,CE,14,BLACK282,N,WFM ,F,JUV,,,14,1,2,,7.5,,,10,,,
2019,July,7/25/19,C,SGL103,A,CE,15,BLACK294,N,WFM ,F,AD,,,16,1,2,,8.5,,,2,,,
2019,July,7/25/19,C,SGL103,A,C3,4,GREEN246,Y,WFM ,M,AD,,,,,,,,,,9,,,
2019,July,7/30/19,C,SGL103,A,C2,3,BLACK226,Y,WFM ,M,AD,,,,,,,,,,5,,,
2019,July,7/30/19,C,SGL103,A,C1,7,BLACK282,Y,WFM ,F,JUV,,,,,,,,,,12,,,
2019,July,7/30/19,C,SGL103,A,CE,19,BLACK294,Y,WFM ,F,AD,,,,,,,,,,6,,,
2019,July,7/30/19,C,SGL103,A,C1,4,BLACK300,N,WFM ,M,AD,,,26,1.5,1.8,,10,,,20,,,
2019,July,7/30/19,C,SGL103,A,C2,9,GREEN246,Y,WFM ,M,AD,,,,,,,,,,21,,,
2019,June,6/5/19,C,SGL103,C,C2,1,BLACK430,Y,WFM ,M,AD,,,,,,,,,,,,,
2019,June,6/12/19,C,SGL103,C,C3,1,BLACK430,Y,WFM ,M,AD,,,,,,,,,,4,,,
2019,June,6/20/19,C,SGL103,A,C1,4,BLACK233,Y,WFM ,F,AD,,,,,,,,,,15,,,
2019,June,6/26/19,C,SGL103,A,C1,3,BLACK233,Y,WFM ,F,AD,,,,,,,,,,7,,,
2019,June,6/26/19,C,SGL103,A,C2,2,,,WFM ,,,,,,,,,,,,,,,
2019,May,5/7/19,C,SGL103,A,C1,2,BLACK233,N,WFM ,F,,,,,1.4,2,,9,,,1,,,
2019,May,5/16/19,C,SGL103,A,C3,9,BLACK206,N,WFM ,F,,,,25,1.5,1.8,,7.7,,,5,,,
2019,May,5/16/19,C,SGL103,C,C3,5,BLACK481,N,WFM ,M,,,,25,1.5,2,,7.1,,,0,,,
2019,May,5/21/19,C,SGL103,A,C3,7,BLACK119,N,WFM ,,AD,,,20,1.5,2,,7.5,,,5,,,
2019,May,5/21/19,C,SGL103,A,C3,6,BLACK206,Y,WFM ,F,AD,,,,,,,,,,27,,,
2019,May,5/21/19,C,SGL103,A,C1,1,BLACK233,Y,WFM ,F,AD,,,,,,,,,,3,,,
2019,May,5/21/19,C,SGL103,C,C3,3,BLACK430,N,WFM ,M,AD,,,21,1.4,2.2,,6,,,6,,,
2019,May,5/21/19,C,SGL103,C,C1,1,BLACK474,N,WFM ,M,AD,,,34,1,2.5,,8.5,,,10,,,
2019,May,5/29/19,C,SGL103,C,C3,1,BLACK430,Y,WFM ,M,AD,,,,,,,,,,1,,,
2021,August,8/3/2021,C,SGL176,SPRING CONTROL,,15,BLACK193,Y,WFM ,F,AD,51,29,22,1.5,,,,,,14,,,
2021,August,8/3/2021,C,SGL176,FALL CONTROL,,23,BLACK214,Y,WFM ,F,AD,38,13,25,2,,,,,,2,,,
2021,August,8/3/2021,C,SGL176,SPRING CONTROL,,8,BLUE153,N,WFM ,M,AD,34,14,20,1.6,,,,,,1,,,
2021,August,8/3/2021,C,SGL176,SPRING CONTROL,,1,BLUE156,N,WFM ,M,JUV,29,12,17,1.4,,,,,,8,,,
2021,August,8/3/2021,C,SGL176,SPRING CONTROL,,5,BLUE157,N,WFM ,F,AD,51,29,22,1.4,,,,,,0,,,
2021,August,8/3/2021,C,SGL176,FALL CONTROL,,25,BLUE160,N,WFM ,F,AD,53,31,22,0,,,,,,0,,,
2021,August,8/3/2021,C,SGL176,SUMMER CONTROL,,17,BLUE163,N,WFM ,M,AD,37,14,23,1.6,,,,,,0,,,
2021,August,8/3/2021,C,SGL176,SUMMER CONTROL,,21,BLUE165,N,WFM ,M,AD,28,10,18,1.5,,,,,,1,,,
2021,August,8/3/2021,C,SGL176,FALL CONTROL,,7,BLUE167,N,WFM ,F,AD,41,20,21,1.6,,,,,,2,,,
2021,August,8/3/2021,C,SGL176,FALL CONTROL,,28,BLUE177,N,WFM ,M,AD,31,14,17,1.4,,,,,,5,,,
2021,August,8/3/2021,C,SGL176,FALL CONTROL,,8,BLUE194,N,WFM ,M,AD,34,10,24,1.6,,,,,,2,,,
2021,August,8/3/2021,C,SGL176,SPRING CONTROL,,9,BLUE363,N,WFM ,F,JUV,36,20,16,1.5,,,,,,1,,,
2021,August,8/4/2021,C,SGL176,SPRING CONTROL,,14,BLACK191,Y,WFM ,F,AD,50,24,26,1.4,,,,,,8,,,
2021,August,8/4/2021,C,SGL176,FALL CONTROL,,19,BLACK214,Y,WFM ,,,,,,,,,,,,,,,
2021,August,8/4/2021,C,SGL176,SPRING CONTROL,,30,BLACK290,Y,WFM ,,,,,,,,,,,,,,,
2021,August,8/4/2021,C,SGL176,SPRING CONTROL,,25,BLACK296,Y,WFM ,F,AD,46,13,33,,,,,,,18,,,
2021,August,8/4/2021,C,SGL176,SPRING CONTROL,,25,BLACK296,Y,WFM ,,,,,,,,,,,,,,,
2021,August,8/4/2021,C,SGL176,SPRING CONTROL,,11,BLUE153,Y,WFM ,,,,,,,,,,,,,,,
2021,August,8/4/2021,C,SGL176,SPRING CONTROL,,15,BLUE156,Y,WFM ,,,,,,,,,,,,,,,
2021,August,8/4/2021,C,SGL176,SPRING CONTROL,,5,BLUE157,Y,WFM ,,,,,,,,,,,,,,,
2021,August,8/4/2021,C,SGL176,FALL CONTROL,,28,BLUE160,Y,WFM ,,,,,,,,,,,,,,,
2021,August,8/4/2021,C,SGL176,SUMMER CONTROL,,17,BLUE165,Y,WFM ,,,,,,,,,,,,,,,
2021,August,8/4/2021,C,SGL176,SPRING CONTROL,,8,BLUE169,N,WFM ,F,AD,39,22,17,1.4,,,,,,10,,,
2021,August,8/4/2021,C,SGL176,SPRING CONTROL,,22,BLUE171,N,WFM ,F,AD,38,17,21,1.4,,,,,,14,,,
2021,August,8/4/2021,C,SGL176,FALL CONTROL,,23,GREEN205,N,WFM ,M,JUV,35,12,23,1.5,,,,,,9,,,
2021,August,8/4/2021,C,SGL176,FALL CONTROL,,12,GREEN210,N,WFM ,M,AD,35,16,19,1.75,,,,,,3,,,
2021,August,8/4/2021,C,SGL176,FALL CONTROL,,7,GREEN211,N,WFM ,M,AD,28,11,17,1.5,,,,,,9,,,
2021,August,8/4/2021,C,SGL176,SUMMER CONTROL,,30,RED308,N,WFM ,M,AD,45,21,24,1.8,,,,,,0,,,
2021,August,8/4/2021,C,SGL176,SUMMER CONTROL,,7,RED319,N,WFM ,M,AD,37,16,21,1.4,,,,,,17,,,
2021,August,8/4/2021,C,SGL176,SPRING CONTROL,,29,RED327,N,WFM ,F,AD,46,18,28,1.6,,,,,,4,,,
2021,August,8/4/2021,C,SGL176,FALL CONTROL,,6,RED423,N,WFM ,M,AD,,,,1.5,,,,,,18,,,
2021,August,8/5/2021,C,SGL176,SUMMER CONTROL,,6,BLACK202,Y,WFM ,M,AD,46,16,30,1.5,,,,,,19,,,
2021,August,8/5/2021,C,SGL176,SPRING CONTROL,,26,BLACK290,Y,WFM ,,,,,,,,,,,,,,,
2021,August,8/5/2021,C,SGL176,SPRING CONTROL,,9,BLUE153,Y,WFM ,,,,,,,,,,,,,,,
2021,August,8/5/2021,C,SGL176,SPRING CONTROL,,15,BLUE156,Y,WFM ,,,,,,,,,,,,,,,
2021,August,8/5/2021,C,SGL176,SPRING CONTROL,,4,BLUE157,Y,WFM ,,,,,,,,,,,,,,,
2021,August,8/5/2021,C,SGL176,SUMMER CONTROL,,18,BLUE163,Y,WFM ,,,,,,,,,,,,,,,
2021,August,8/5/2021,C,SGL176,SUMMER CONTROL,,22,BLUE165,Y,WFM ,,,,,,,,,,,,,,,
2021,August,8/5/2021,C,SGL176,SPRING CONTROL,,28,BLUE168,N,WFM ,F,AD,43,17,26,1.6,,,,,,6,,,
2021,August,8/5/2021,C,SGL176,SPRING CONTROL,,8,BLUE169,Y,WFM ,,,,,,,,,,,,,,,
2021,August,8/5/2021,C,SGL176,FALL CONTROL,,5,BLUE177,Y,WFM ,,,,,,,,,,,,,,,
2021,August,8/5/2021,C,SGL176,FALL CONTROL,,21,GREEN205,Y,WFM ,,,,,,,,,,,,,,,
2021,August,8/5/2021,C,SGL176,SUMMER CONTROL,,24,GREEN209,N,WFM ,M,AD,45,29,16,1.5,,,,,,3,,,
2021,August,8/5/2021,C,SGL176,FALL CONTROL,,7,GREEN210,Y,WFM ,,,,,,,,,,,,,,,
2021,August,8/5/2021,C,SGL176,FALL CONTROL,,9,GREEN211,Y,WFM ,,,,,,,,,,,,,,,
2021,August,8/5/2021,C,SGL176,SUMMER CONTROL,,21,GREEN215,N,WFM ,F,JUV,27,12,15,1.3,,,,,,9,,,
2021,August,8/5/2021,C,SGL176,SUMMER CONTROL,,2,RED332,N,WFM ,M,AD,36,12,24,1.6,,,,,,6,,,
2021,August,8/5/2021,C,SGL176,SUMMER CONTROL,,5,RED339,N,WFM ,F,AD,45,21,24,1.7,,,,,,23,,,
2021,August,8/5/2021,C,SGL176,FALL CONTROL,,1,RED362,N,WFM ,M,AD,54,29,25,1.5,,,,,,12,,,
2021,August,8/5/2021,C,SGL176,SUMMER CONTROL,,7,RED369,N,WFM ,F,AD,57,32,25,1.5,,,,,,5,,,
2021,August,8/5/2021,C,SGL176,SUMMER CONTROL,,30,RED378,N,WFM ,F,AD,54,29,25,1.5,,,,,,2,,,
2021,August,8/6/2021,C,SGL176,SUMMER CONTROL,,12,BLACK275,Y,WFM ,M,AD,35,9,26,1.5,,,,,,28,,,
2021,August,8/6/2021,C,SGL176,SPRING CONTROL,,25,BLACK290,Y,WFM ,,,,,,,,,,,,,,,
2021,August,8/6/2021,C,SGL176,SPRING CONTROL,,26,BLACK296,Y,WFM ,,,,,,,,,,,,,,,
2021,August,8/6/2021,C,SGL176,SUMMER CONTROL,,27,BLACK304,N,WFM ,M,AD,31,12,19,1.6,,,,,,5,,,
2021,August,8/6/2021,C,SGL176,SPRING CONTROL,,28,BLACK309,N,WFM ,M,AD,37,12,25,1.6,,,,,,3,,,
2021,August,8/6/2021,C,SGL176,SUMMER CONTROL,,8,BLACK321,N,WFM ,M,AD,35,17,18,1.4,,,,,,18,,,
2021,August,8/6/2021,C,SGL176,SPRING CONTROL,,3,BLACK329,N,WFM ,M,AD,30,12,18,1.5,,,,,,4,,,
2021,August,8/6/2021,C,SGL176,SUMMER CONTROL,,3,BLACK344,N,WFM ,F,AD,30,15,15,1.8,,,,,,8,,,
2021,August,8/6/2021,C,SGL176,SPRING CONTROL,,8,BLACK345,N,WFM ,M,AD,52,29,23,1.5,,,,,,8,,,
2021,August,8/6/2021,C,SGL176,SPRING CONTROL,,29,BLACK355,N,WFM ,M,AD,35,12,23,1.6,,,,,,0,,,
2021,August,8/6/2021,C,SGL176,SPRING CONTROL,,11,BLUE153,Y,WFM ,,,,,,,,,,,,,,,
2021,August,8/6/2021,C,SGL176,SPRING CONTROL,,15,BLUE156,Y,WFM ,,,,,,,,,,,,,,,
2021,August,8/6/2021,C,SGL176,SPRING CONTROL,,4,BLUE157,Y,WFM ,,,,,,,,,,,,,,,
2021,August,8/6/2021,C,SGL176,FALL CONTROL,,26,BLUE160,Y,WFM ,,,,,,,,,,,,,,,
2021,August,8/6/2021,C,SGL176,SUMMER CONTROL,,21,BLUE163,Y,WFM ,,,,,,,,,,,,,,,
2021,August,8/6/2021,C,SGL176,SUMMER CONTROL,,15,BLUE165,Y,WFM ,,,,,,,,,,,,,,,
2021,August,8/6/2021,C,SGL176,FALL CONTROL,,7,BLUE167,Y,WFM ,,,,,,,,,,,,,,,
2021,August,8/6/2021,C,SGL176,SPRING CONTROL,,21,BLUE171,Y,WFM ,,,,,,,,,,,,,,,
2021,August,8/6/2021,C,SGL176,FALL CONTROL,,6,BLUE194,Y,WFM ,,,,,,,,,,,,,,,
2021,August,8/6/2021,C,SGL176,FALL CONTROL,,13,GREEN?,Y,WFM ,,,,,,,,,,,,,,,
2021,August,8/6/2021,C,SGL176,FALL CONTROL,,21,GREEN205,Y,WFM ,,,,,,,,,,,,,,,
2021,August,8/6/2021,C,SGL176,SUMMER CONTROL,,25,GREEN209,Y,WFM ,,,,,,,,,,,,,,,
2021,August,8/6/2021,C,SGL176,FALL CONTROL,,2,GREEN210,Y,WFM ,,,,,,,,,,,,,,,
2021,August,8/6/2021,C,SGL176,FALL CONTROL,,3,GREEN211,Y,WFM ,,,,,,,,,,,,,,,
2021,August,8/6/2021,C,SGL176,SUMMER CONTROL,,30,RED308,Y,WFM ,,,,,,,,,,,,,,,
2021,August,8/6/2021,C,SGL176,SUMMER CONTROL,,14,RED319,Y,WFM ,,,,,,,,,,,,,,,
2021,August,8/6/2021,C,SGL176,SPRING CONTROL,,30,RED327,Y,WFM ,,,,,,,,,,,,,,,
2021,August,8/6/2021,C,SGL176,SUMMER CONTROL,,2,RED332,Y,WFM ,,,,,,,,,,,,,,,
2021,August,8/6/2021,C,SGL176,SPRING CONTROL,,10,RED333,N,WFM ,M,JUV,20,13,7,1.25,,,,,,10,,,
2021,August,8/6/2021,C,SGL176,SUMMER CONTROL,,29,RED335,N,WFM ,M,AD,32,13,19,1.5,,,,,,3,,1,
2021,August,8/6/2021,C,SGL176,SUMMER CONTROL,,23,RED354,N,WFM ,M,AD,31,13,18,1.6,,,,,,1,,,
2021,August,8/6/2021,C,SGL176,FALL CONTROL,,12,RED358,Y,WFM ,,,,,,,,,,,,,,,
2021,August,8/6/2021,C,SGL176,SUMMER CONTROL,,7,RED369,Y,WFM ,,,,,,,,,,,,,,,
2021,August,8/6/2021,C,SGL176,FALL CONTROL,,18,RED384,N,WFM ,M,JUV,27,9,18,1.75,,,,,,15,,,
2021,August,8/6/2021,C,SGL176,SPRING CONTROL,,18,RED394,N,WFM ,M,AD,31.5,15,16.5,1.5,,,,,,33,,,
2021,August,8/6/2021,C,SGL176,FALL CONTROL,,19,RED413,Y,WFM ,,,,,,,,,,,,,,,
2021,August,8/3/2021,C,SGL33,FALL CONTROL,,24,RED406,N,WFM ,F,AD,36,14,22,1.6,,,,,,22,,,
2021,August,8/4/2021,C,SGL33,SPRING CONTROL,,8,BLACK166,N,WFM ,F,AD,31.5,8.5,23,1.5,,,,,,4,,,
2021,August,8/4/2021,C,SGL33,FALL CONTROL,,26,BLUE119,N,WFM ,F,AD,36,14,22,1.4,,,,,,13,,,
2021,August,8/4/2021,C,SGL33,FALL CONTROL,,28,BLUE126,N,WFM ,M,AD,54,31.5,22.5,1.7,,,,,,10,,,
2021,August,8/4/2021,C,SGL33,FALL CONTROL,,27,BLUE195,N,WFM ,F,AD,49,23,26,1.7,,,,,,10,,,
2021,August,8/4/2021,C,SGL33,SPRING CONTROL,,30,GREEN268,N,WFM ,F,AD,32,8.5,23.5,1.4,,,,,,6,,,
2021,August,8/4/2021,C,SGL33,SUMMER CONTROL,,24,GREEN289,N,WFM ,F,JUV,29,15.5,13.5,1,,,,,,3,,,
2021,August,8/4/2021,C,SGL33,FALL CONTROL,,12,RED406,Y,WFM ,,,,,,,,,,,,,,,
2021,August,8/5/2021,C,SGL33,SPRING CONTROL,,8,BLACK166,Y,WFM ,,,,,,,,,,,,,,,
2021,August,8/5/2021,C,SGL33,FALL CONTROL,,29,BLUE195,Y,WFM ,,,,,,,,,,,,,,,
2021,August,8/5/2021,C,SGL33,SPRING CONTROL,,19,GREEN235,N,WFM ,M,AD,36,18,18,1.5,,,,,,12,,,
2021,August,8/5/2021,C,SGL33,SUMMER CONTROL,,23,GREEN289,Y,WFM ,,,,,,,,,,,,,,,
2021,August,8/5/2021,C,SGL33,FALL CONTROL,,16,RED406,Y,WFM ,,,,,,,,,,,,,,,
2021,August,8/6/2021,C,SGL33,SPRING CONTROL,,12,BLACK166,Y,WFM ,,,,,,,,,,,,,,,
2021,August,8/6/2021,C,SGL33,SPRING CONTROL,,7,BLACK193,Y,WFM ,,,,,,,,,,,,,,,
2021,August,8/6/2021,C,SGL33,SPRING CONTROL,,4,BLACK416,Y,WFM ,M,AD,36,14,22,1.5,,,,,,8,,,
2021,August,8/6/2021,C,SGL33,SPRING CONTROL,,4,BLACK416,Y,WFM ,,,,,,,,,,,,,,,
2021,August,8/6/2021,C,SGL33,SPRING CONTROL,,29,BLUE116,N,WFM ,M,AD,35,10,25,1.5,,,,,,10,,,
2021,August,8/6/2021,C,SGL33,FALL CONTROL,,23,BLUE119,Y,WFM ,,,,,,,,,,,,,,,
2021,August,8/6/2021,C,SGL33,SPRING CONTROL,,17,BLUE136,N,WFM ,M,JUV,31,14,17,1.5,,,,,,12,,,
2021,August,8/6/2021,C,SGL33,FALL CONTROL,,28,BLUE195,Y,WFM ,,,,,,,,,,,,,,,
2021,August,8/6/2021,C,SGL33,FALL CONTROL,,16,GREEN231,N,WFM ,F,AD,60,35,25,1.5,,,,,,16,,,
2021,August,8/6/2021,C,SGL33,SPRING CONTROL,,19,GREEN235,Y,WFM ,,,,,,,,,,,,,,,
2021,August,8/6/2021,C,SGL33,SUMMER CONTROL,,26,GREEN289,Y,WFM ,,,,,,,,,,,,,,,
2021,August,8/6/2021,C,SGL33,FALL CONTROL,,18,RED406,Y,WFM ,,,,,,,,,,,,,,,
2021,July,7/20/2021,C,SGL103 NORTH,FALL CONTROL,,8,BLACK136,Y,WFM ,F,AD,41,8.5,32.5,1.4,,,,,,0,,,
2021,July,7/20/2021,C,SGL103 NORTH,FALL CONTROL,,7,BLACK216,Y,WFM ,M,AD,37.5,13.5,24,1.5,,,,,,2,,,
2021,July,7/20/2021,C,SGL103 NORTH,SUMMER CONTROL,,11,BLACK247,N,WFM ,M,AD,38,16,22,1.4,,,,,,12,,,
2021,July,7/20/2021,C,SGL103 NORTH,FALL CONTROL,,29,BLACK284,Y,WFM ,F,AD,32.5,9.5,23,1.5,,,,,,6,,,
2021,July,7/20/2021,C,SGL103 NORTH,FALL CONTROL,,23,RED404,N,WFM ,M,AD,38,12,26,1.1,,,,,,8,,,
2021,July,7/20/2021,C,SGL103 NORTH,FALL CONTROL,,4,RED405,N,WFM ,M,AD,36,15,21,1.3,,,,,,2,,,
2021,July,7/20/2021,C,SGL103 NORTH,FALL CONTROL,,21,RED413,N,WFM ,M,JUV,31,13,18,1.2,,,,,,10,,,
2021,July,7/20/2021,C,SGL103 NORTH,SUMMER CONTROL,,22,RED426,N,WFM ,F,JUV,33,21,12,1.3,,,,,,9,,,
2021,July,7/20/2021,C,SGL103 NORTH,SUMMER CONTROL,,2,RED427,N,WFM ,F,AD,38.5,12.5,26,1.5,,,,,,10,,,
2021,July,7/20/2021,C,SGL103 NORTH,SUMMER CONTROL,,20,RED429,N,WFM ,F,AD,37,16,21,1.6,,,,,,3,,,
2021,July,7/20/2021,C,SGL103 NORTH,SUMMER CONTROL,,8,RED437,N,WFM ,M,AD,38,12,26,1.6,,,,,,7,,,
2021,July,7/20/2021,C,SGL103 NORTH,FALL CONTROL,,6,RED440,N,WFM ,M,AD,35,14,21,1.7,,,,,,14,,,
2021,July,7/20/2021,C,SGL103 NORTH,FALL CONTROL,,28,RED444,N,WFM ,M,JUV,28,12.5,15.5,1.3,,,,,,18,,,
2021,July,7/20/2021,C,SGL103 NORTH,SPRING CONTROL,,21,RED478,N,WFM ,M,AD,35,10,25,1.2,,,,,,7,,,
2021,July,7/20/2021,C,SGL103 NORTH,SPRING CONTROL,,26,RED488,N,WFM ,M,JUV,33,21,12,1,,,,,,25,,,
2021,July,7/20/2021,C,SGL103 NORTH,FALL CONTROL,,17,RED500,N,WFM ,M,JUV,22,8.5,13.5,1,,,,,,7,,,
2021,July,7/21/2021,C,SGL103 NORTH,FALL CONTROL,,9,BLACK136,Y,WFM ,,,,,,,,,,,,,,,
2021,July,7/21/2021,C,SGL103 NORTH,FALL CONTROL,,5,BLACK216,Y,WFM ,,,,,,,,,,,,,,,
2021,July,7/21/2021,C,SGL103 NORTH,SUMMER CONTROL,,11,BLACK247,Y,WFM ,,,,,,,,,,,,,,,
2021,July,7/21/2021,C,SGL103 NORTH,FALL CONTROL,,22,BLACK284,Y,WFM ,,,,,,,,,,,,,,,
2021,July,7/21/2021,C,SGL103 NORTH,FALL CONTROL,,24,RED404,Y,WFM ,,,,,,,,,,,,,,,
2021,July,7/21/2021,C,SGL103 NORTH,FALL CONTROL,,23,RED413,Y,WFM ,,,,,,,,,,,,,,,
2021,July,7/21/2021,C,SGL103 NORTH,SUMMER CONTROL,,27,RED426,Y,WFM ,,,,,,,,,,,,,,,
2021,July,7/21/2021,C,SGL103 NORTH,SUMMER CONTROL,,1,RED427,Y,WFM ,,,,,,,,,,,,,,,
2021,July,7/21/2021,C,SGL103 NORTH,SUMMER CONTROL,,20,RED429,Y,WFM ,,,,,,,,,,,,,,,
2021,July,7/21/2021,C,SGL103 NORTH,FALL CONTROL,,14,RED431,N,WFM ,F,AD,26,10,16,1.4,,,,,,0,,,
2021,July,7/21/2021,C,SGL103 NORTH,FALL CONTROL,,1,RED433,N,WFM ,M,AD,29,9,20,1.3,,,,,,4,,,
2021,July,7/21/2021,C,SGL103 NORTH,FALL CONTROL,,13,RED434,N,WFM ,M,JUV,37,12,25,1.1,,,,,,2,,,
2021,July,7/21/2021,C,SGL103 NORTH,SUMMER CONTROL,,13,RED437,Y,WFM ,,,,,,,,,,,,,,,
2021,July,7/21/2021,C,SGL103 NORTH,FALL CONTROL,,27,RED444,Y,WFM ,,,,,,,,,,,,,,,
2021,July,7/21/2021,C,SGL103 NORTH,SUMMER CONTROL,,4,RED450,N,WFM ,M,AD,36,8,28,1.2,,,,,,5,,,
2021,July,7/21/2021,C,SGL103 NORTH,SUMMER CONTROL,,24,RED499,N,WFM ,M,JUV,23,8,15,1,,,,,,23,,,
2021,July,7/21/2021,C,SGL103 NORTH,FALL CONTROL,,18,RED500,Y,WFM ,,,,,,,,,,,,,,,
2021,July,7/22/2021,C,SGL103 NORTH,FALL CONTROL,,13,BLACK136,Y,WFM ,,,,,,,,,,,,,,,
2021,July,7/22/2021,C,SGL103 NORTH,FALL CONTROL,,16,BLACK216,Y,WFM ,,,,,,,,,,,,,,,
2021,July,7/22/2021,C,SGL103 NORTH,SUMMER CONTROL,,14,BLACK247,Y,WFM ,,,,,,,,,,,,,,,
2021,July,7/22/2021,C,SGL103 NORTH,FALL CONTROL,,21,BLACK284,Y,WFM ,,,,,,,,,,,,,,,
2021,July,7/22/2021,C,SGL103 NORTH,FALL CONTROL,,15,BLUE107,N,WFM ,M,JUV,25,8,17,1.4,,,,,,24,,,
2021,July,7/22/2021,C,SGL103 NORTH,SUMMER CONTROL,,3,BLUE114,N,WFM ,M,AD,28,9,19,1.5,,,,,,15,,,
2021,July,7/22/2021,C,SGL103 NORTH,SUMMER CONTROL,,15,BLUE129,N,WFM ,F,AD,55,27,28,1.75,,,,,,8,,,
2021,July,7/22/2021,C,SGL103 NORTH,SPRING CONTROL,,25,BLUE179,N,WFM ,M,AD,28,9,19,1.5,,,,,,9,,,
2021,July,7/22/2021,C,SGL103 NORTH,SPRING CONTROL,,2,BLUE200,N,WFM ,M,JUV,29,8,21,1.6,,,,,,20,,,
2021,July,7/22/2021,C,SGL103 NORTH,FALL CONTROL,,27,RED404,Y,WFM ,,,,,,,,,,,,,,,
2021,July,7/22/2021,C,SGL103 NORTH,FALL CONTROL,,18,RED413,Y,WFM ,,,,,,,,,,,,,,,
2021,July,7/22/2021,C,SGL103 NORTH,SUMMER CONTROL,,26,RED426,Y,WFM ,,,,,,,,,,,,,,,
2021,July,7/22/2021,C,SGL103 NORTH,SUMMER CONTROL,,1,RED427,Y,WFM ,,,,,,,,,,,,,,,
2021,July,7/22/2021,C,SGL103 NORTH,SUMMER CONTROL,,22,RED429,Y,WFM ,,,,,,,,,,,,,,,
2021,July,7/22/2021,C,SGL103 NORTH,FALL CONTROL,,12,RED431,Y,WFM ,,,,,,,,,,,,,,,
2021,July,7/22/2021,C,SGL103 NORTH,FALL CONTROL,,8,RED433,Y,WFM ,,,,,,,,,,,,,,,
2021,July,7/22/2021,C,SGL103 NORTH,FALL CONTROL,,10,RED434,Y,WFM ,,,,,,,,,,,,,,,
2021,July,7/22/2021,C,SGL103 NORTH,SUMMER CONTROL,,16,RED437,Y,WFM ,,,,,,,,,,,,,,,
2021,July,7/22/2021,C,SGL103 NORTH,FALL CONTROL,,14,RED440,Y,WFM ,,,,,,,,,,,,,,,
2021,July,7/22/2021,C,SGL103 NORTH,FALL CONTROL,,24,RED444,Y,WFM ,,,,,,,,,,,,,,,
2021,July,7/22/2021,C,SGL103 NORTH,SUMMER CONTROL,,4,RED450,Y,WFM ,,,,,,,,,,,,,,,
2021,July,7/22/2021,C,SGL103 NORTH,SPRING CONTROL,,22,RED478,Y,WFM ,,,,,,,,,,,,,,,
2021,July,7/22/2021,C,SGL103 NORTH,SUMMER CONTROL,,25,RED499,Y,WFM ,,,,,,,,,,,,,,,
2021,July,7/22/2021,C,SGL103 NORTH,FALL CONTROL,,17,RED500,Y,WFM ,,,,,,,,,,,,,,,
2021,July,7/23/2021,C,SGL103 NORTH,FALL CONTROL,,10,BLACK136,Y,WFM ,,,,,,,,,,,,,,,
2021,July,7/23/2021,C,SGL103 NORTH,FALL CONTROL,,13,BLACK216,Y,WFM ,,,,,,,,,,,,,,,
2021,July,7/23/2021,C,SGL103 NORTH,SUMMER CONTROL,,12,BLACK247,Y,WFM ,,,,,,,,,,,,,,,
2021,July,7/23/2021,C,SGL103 NORTH,FALL CONTROL,,27,BLACK284,Y,WFM ,,,,,,,,,,,,,,,
2021,July,7/23/2021,C,SGL103 NORTH,SUMMER CONTROL,,2,BLUE114,Y,WFM ,,,,,,,,,,,,,,,
2021,July,7/23/2021,C,SGL103 NORTH,SPRING CONTROL,,27,BLUE179,Y,WFM ,,,,,,,,,,,,,,,
2021,July,7/23/2021,C,SGL103 NORTH,FALL CONTROL,,21,RED404,Y,WFM ,,,,,,,,,,,,,,,
2021,July,7/23/2021,C,SGL103 NORTH,FALL CONTROL,,2,RED405,Y,WFM ,,,,,,,,,,,,,,,
2021,July,7/23/2021,C,SGL103 NORTH,FALL CONTROL,,18,RED413,Y,WFM ,,,,,,,,,,,,,,,
2021,July,7/23/2021,C,SGL103 NORTH,SPRING CONTROL,,2,RED416,N,WFM ,M,AD,50,21,29,1.5,,,,,,2,,,
2021,July,7/23/2021,C,SGL103 NORTH,SUMMER CONTROL,,17,RED422,Y,WFM ,F,AD,31,8,23,1.6,,,,,,9,,,
2021,July,7/23/2021,C,SGL103 NORTH,SUMMER CONTROL,,24,RED426,Y,WFM ,,,,,,,,,,,,,,,
2021,July,7/23/2021,C,SGL103 NORTH,SUMMER CONTROL,,1,RED427,Y,WFM ,,,,,,,,,,,,,,,
2021,July,7/23/2021,C,SGL103 NORTH,SUMMER CONTROL,,23,RED429,Y,WFM ,,,,,,,,,,,,,,,
2021,July,7/23/2021,C,SGL103 NORTH,FALL CONTROL,,11,RED431,Y,WFM ,,,,,,,,,,,,,,,
2021,July,7/23/2021,C,SGL103 NORTH,FALL CONTROL,,1,RED433,Y,WFM ,,,,,,,,,,,,,,,
2021,July,7/23/2021,C,SGL103 NORTH,FALL CONTROL,,8,RED434,Y,WFM ,,,,,,,,,,,,,,,
2021,July,7/23/2021,C,SGL103 NORTH,SUMMER CONTROL,,10,RED437,Y,WFM ,,,,,,,,,,,,,,,
2021,July,7/23/2021,C,SGL103 NORTH,FALL CONTROL,,12,RED440,Y,WFM ,,,,,,,,,,,,,,,
2021,July,7/23/2021,C,SGL103 NORTH,FALL CONTROL,,30,RED442,N,WFM ,M,AD,38,11,27,1.5,,,,,,8,,,
2021,July,7/23/2021,C,SGL103 NORTH,FALL CONTROL,,28,RED444,Y,WFM ,,,,,,,,,,,,,,,
2021,July,7/23/2021,C,SGL103 NORTH,FALL CONTROL,,6,RED445,N,WFM ,F,AD,36,17,19,1.2,,,,,,1,,,
2021,July,7/23/2021,C,SGL103 NORTH,SUMMER CONTROL,,4,RED450,Y,WFM ,,,,,,,,,,,,,,,
2021,July,7/23/2021,C,SGL103 NORTH,FALL CONTROL,,22,RED490,N,WFM ,M,AD,39,12,27,1.3,,,,,,15,,,
2021,July,7/23/2021,C,SGL103 NORTH,SUMMER CONTROL,,26,RED499,Y,WFM ,,,,,,,,,,,,,,,
2021,July,7/20/2021,C,SGL103 SOUTH,SPRING CONTROL,,13,BLACK273,Y,WFM ,M,AD,38,13,25,1.5,,,,,,8,,,
2021,July,7/21/2021,C,SGL103 SOUTH,SUMMER CONTROL,,13,BLACK273,Y,WFM ,,,,,,,,,,,,,,,
2021,July,7/21/2021,C,SGL103 SOUTH,SUMMER CONTROL,,12,RED342,N,WFM ,F,AD,39,15,24,1.5,,,,,,4,,,
2021,July,7/21/2021,C,SGL103 SOUTH,FALL CONTROL,,7,RED346,N,WFM ,F,JUV,31,18,13,1.4,,,,,,12,,,
2021,July,7/22/2021,C,SGL103 SOUTH,SUMMER CONTROL,,15,BLACK273,Y,WFM ,,,,,,,,,,,,,,,
2021,July,7/22/2021,C,SGL103 SOUTH,FALL CONTROL,,5,RED346,Y,WFM ,,,,,,,,,,,,,,,
2021,July,7/23/2021,C,SGL103 SOUTH,SUMMER CONTROL,,17,BLACK273,Y,WFM ,,,,,,,,,,,,,,,
2021,July,7/23/2021,C,SGL103 SOUTH,SPRING CONTROL,,5,BLUE198,N,WFM ,M,AD,31,8.5,22.5,1.2,,,,,,11,,,
2021,July,7/23/2021,C,SGL103 SOUTH,SUMMER CONTROL,,25,RED336,N,WFM ,M,AD,35,11,24,1.6,,,,,,9,,,
2021,July,7/23/2021,C,SGL103 SOUTH,SUMMER CONTROL,,14,RED342,Y,WFM ,,,,,,,,,,,,,,,
2021,May,5/18/2021,C,SGL103 NORTH,FALL CONTROL,,14,BLACK136,N,WFM ,F,AD,48,15,33,1.4,,,,,,5,,,
2021,May,5/18/2021,C,SGL103 NORTH,FALL CONTROL,,22,BLACK284,N,WFM ,F,AD,48.5,21,27.5,1.3,,,,,,0,4,,
2021,May,5/18/2021,C,SGL103 NORTH,FALL CONTROL,,28,BLACK285,N,WFM ,F,JUV,30,20,10,,,,,,,1,,,
2021,May,5/18/2021,C,SGL103 NORTH,FALL CONTROL,,3,BLACK448,N,WFM ,F,JUV,,8.5,,,,,,,,2,,,
2021,May,5/19/2021,C,SGL103 NORTH,FALL CONTROL,,14,BLACK136,Y,WFM ,,,,,,,,,,,,,,,
2021,May,5/19/2021,C,SGL103 NORTH,FALL CONTROL,,3,BLACK284,Y,WFM ,,,,,,,,,,,,,,,
2021,May,5/19/2021,C,SGL103 NORTH,FALL CONTROL,,16,BLACK285,Y,WFM ,,,,,,,,,,,,,,,
2021,May,5/19/2021,C,SGL103 NORTH,FALL CONTROL,,7,BLACK448,Y,WFM ,,,,,,,,,,,,,,,
2021,May,5/19/2021,C,SGL103 NORTH,FALL CONTROL,,22,BLACK458,N,WFM ,M,AD,34,9,25,1.5,,,,,,0,2,,
2021,May,5/20/2021,C,SGL103 NORTH,FALL CONTROL,,29,BLACK136,Y,WFM ,,,,,,,,,,,,,,,
2021,May,5/20/2021,C,SGL103 NORTH,FALL CONTROL,,7,BLACK231,N,WFM ,F,JUV,26.5,9.5,17,1,,,,,,0,,,
2021,May,5/20/2021,C,SGL103 NORTH,FALL CONTROL,,30,BLACK285,Y,WFM ,,,,,,,,,,,,,,,
2021,May,5/20/2021,C,SGL103 NORTH,FALL CONTROL,,27,BLACK448,Y,WFM ,,,,,,,,,,,,,,,
2021,May,5/20/2021,C,SGL103 NORTH,FALL CONTROL,,22,BLACK483,N,WFM ,M,JUV,24,10,14,,,,,,,10,,,
2021,May,5/21/2021,C,SGL103 NORTH,FALL CONTROL,,8,BLACK136,Y,WFM ,,,,,,,,,,,,,,,
2021,May,5/21/2021,C,SGL103 NORTH,FALL CONTROL,,18,BLACK208,N,WFM ,M,JUV,43.5,28,15.5,1,,,,,,0,,,
2021,May,5/21/2021,C,SGL103 NORTH,FALL CONTROL,,15,BLACK216,N,WFM ,M,AD,50,26,24,1.6,,,,,,4,,,
2021,May,5/21/2021,C,SGL103 NORTH,FALL CONTROL,,19,BLACK284,Y,WFM ,,,,,,,,,,,,,,,
2021,May,5/21/2021,C,SGL103 NORTH,FALL CONTROL,,21,BLACK448,Y,WFM ,,,,,,,,,,,,,,,
2021,May,5/19/2021,C,SGL103 SOUTH,SPRING CONTROL,,12,BLACK152,N,WFM ,M,AD,33,11.5,21.5,1,,,,,,5,,,
2021,May,5/19/2021,C,SGL103 SOUTH,SPRING CONTROL,,1,BLACK185,N,WFM ,F,JUV,26.5,,,1.5,,,,,,0,,,
2021,May,5/20/2021,C,SGL103 SOUTH,SPRING CONTROL,,16,BLACK152,Y,WFM ,,,,,,,,,,,,,,,
2021,May,5/20/2021,C,SGL103 SOUTH,SPRING CONTROL,,1,BLACK185,Y,WFM ,,,,,,,,,,,,,,,
2021,May,5/21/2021,C,SGL103 SOUTH,SPRING CONTROL,,18,BLACK152,Y,WFM ,,,,,,,,,,,,,,,
2021,May,5/21/2021,C,SGL103 SOUTH,SPRING CONTROL,,1,BLACK185,Y,WFM ,,,,,,,,,,,,,,,
2021,May,5/21/2021,C,SGL103 SOUTH,SUMMER CONTROL,,12,BLACK273,N,WFM ,M,AD,38,16,22,1.5,,,,,,2,,,
2021,May,5/21/2021,C,SGL103 SOUTH,SPRING CONTROL,,24,BLACK293,N,WFM ,F,JUV,28,11,17,1.8,,,,,,9,,,
2021,May,5/25/2021,C,SGL176,SPRING CONTROL,,26,BLACK133,N,WFM ,F,AD,49,19,30,1.6,,,,,,7,,,
2021,May,5/25/2021,C,SGL176,SPRING CONTROL,,15,BLACK157,N,WFM ,M,AD,44,,,1.5,,,,,,13,,,
2021,May,5/25/2021,C,SGL176,SPRING CONTROL,,11,BLACK191,N,WFM ,F,JUV,38,21,17,1.2,,,,,,8,,,
2021,May,5/25/2021,C,SGL176,SUMMER CONTROL,,11,BLACK275,N,WFM ,M,JUV,32,11,21,1.4,,,,,,14,,,
2021,May,5/25/2021,C,SGL176,SUMMER CONTROL,,15,BLACK288,N,WFM ,M,JUV,36,16,20,1.3,,,,,,5,,,
2021,May,5/25/2021,C,SGL176,SUMMER CONTROL,,16,BLACK289,N,WFM ,F,AD,32,12,20,1.6,,,,,,10,,,
2021,May,5/25/2021,C,SGL176,SPRING CONTROL,,23,BLACK290,N,WFM ,F,AD,55,35,20,1.6,,,,,,3,,,
2021,May,5/25/2021,C,SGL176,FALL CONTROL,,20,BLACK297,N,WFM ,F,JUV,35,18,17,1.2,,,,,,2,,,
2021,May,5/25/2021,C,SGL176,SPRING CONTROL,,2,BLACK298,N,WFM ,F,AD,45,13,32,1.2,,,,,,1,,,
2021,May,5/25/2021,C,SGL176,FALL CONTROL,,19,BLACK299,N,WFM ,M,AD,45,16,29,1.5,,,,,,3,,,
2021,May,5/26/2021,C,SGL176,SPRING CONTROL,,26,BLACK133,Y,WFM ,,,,,,,,,,,,,,,
2021,May,5/26/2021,C,SGL176,SPRING CONTROL,,11,BLACK157,Y,WFM ,,,,,,,,,,,,,,,
2021,May,5/26/2021,C,SGL176,SPRING CONTROL,,9,BLACK191,Y,WFM ,,,,,,,,,,,,,,,
2021,May,5/26/2021,C,SGL176,SUMMER CONTROL,,28,BLACK215,N,WFM ,F,AD,35,8.5,26.5,1.2,,,,,,5,,,
2021,May,5/26/2021,C,SGL176,SPRING CONTROL,,22,BLACK271,N,WFM ,M,JUV,47,29,18,1.5,,,,,,6,,,
2021,May,5/26/2021,C,SGL176,SUMMER CONTROL,,16,BLACK289,Y,WFM ,,,,,,,,,,,,,,,
2021,May,5/26/2021,C,SGL176,SPRING CONTROL,,30,BLACK290,Y,WFM ,,,,,,,,,,,,,,,
2021,May,5/26/2021,C,SGL176,SPRING CONTROL,,23,BLACK296,N,WFM ,F,AD,40,15,25,1.5,,,,,,10,,,
2021,May,5/26/2021,C,SGL176,SPRING CONTROL,,1,BLACK298,Y,WFM ,,,,,,,,,,,,,,,
2021,May,5/27/2021,C,SGL176,SPRING CONTROL,,28,BLACK133,Y,WFM ,,,,,,,,,,,,,,,
2021,May,5/27/2021,C,SGL176,SPRING CONTROL,,10,BLACK157,Y,WFM ,,,,,,,,,,,,,,,
2021,May,5/27/2021,C,SGL176,SPRING CONTROL,,13,BLACK191,Y,WFM ,,,,,,,,,,,,,,,
2021,May,5/27/2021,C,SGL176,SPRING CONTROL,,19,BLACK271,Y,WFM ,,,,,,,,,,,,,,,
2021,May,5/27/2021,C,SGL176,SPRING CONTROL,,24,BLACK290,Y,WFM ,,,,,,,,,,,,,,,
2021,May,5/27/2021,C,SGL176,SPRING CONTROL,,4,BLACK298,Y,WFM ,,,,,,,,,,,,,,,
2021,May,5/28/2021,C,SGL176,FALL CONTROL,,26,BLACK252,N,WFM ,F,JUV,26,11,15,1.5,,,,,,3,,,
2021,May,5/28/2021,C,SGL176,SPRING CONTROL,,27,BLACK290,Y,WFM ,,,,,,,,,,,,,,,
2021,May,5/28/2021,C,SGL176,FALL CONTROL,,19,BLACK348,N,WFM ,F,AD,36,13,23,1.4,,,,,,0,,,
2021,May,5/26/2021,C,SGL33,SPRING CONTROL,,13,BLACK193,N,WFM ,M,AD,46,21,25,1.5,,,,,,21,,,
2021,May,5/26/2021,C,SGL33,SPRING CONTROL,,4,BLACK234,N,WFM ,,,,,,,,,,,,,,,
2021,May,5/26/2021,C,SGL33,SPRING CONTROL,,6,BLACK416,N,WFM ,M,JUV,36,21,15,1.3,,,,,,20,,,
2021,May,5/27/2021,C,SGL33,SUMMER CONTROL,,6,BLACK109,N,WFM ,M,AD,50,30,20,1.5,,,,,,13,,,
2021,May,5/28/2021,C,SGL33,FALL CONTROL,,20,BLACK162,N,WFM ,M,JUV,45,35,10,1.5,,,,,,30,,,
2021,May,5/28/2021,C,SGL33,SPRING CONTROL,,14,BLACK166,N,WFM ,F,JUV,24,8,16,1.5,,,,,,17,,,
2021,May,5/28/2021,C,SGL33,FALL CONTROL,,16,BLACK410,N,WFM ,M,AD,45,24,21,1.5,,,,,,10,,,
2021,May,5/28/2021,C,SGL33,SPRING CONTROL,,7,BLACK416,Y,WFM ,,,,,,,,,,,,,,,
2021,May,5/28/2021,C,SGL33,SUMMER CONTROL,,24,BLACK421,N,WFM ,F,JUV,36,21,15,1.3,,,,,,2,,,
2021,October,10/19/2021,C,SGL103 NORTH,SPRING CONTROL,,5,3003,N,WFM ,M,AD,69,50,19,1.2,,,,,,9,,,
2021,October,10/19/2021,C,SGL103 NORTH,SUMMER CONTROL,,26,3004,N,WFM ,F,AD,,,22,1.4,,,,,,0,,,
2021,October,10/19/2021,C,SGL103 NORTH,FALL CONTROL,,25,3006,N,WFM ,N/A (SEE NOTES),JUV,25,7,18,1.1,,,,,,0,,,
2021,October,10/19/2021,C,SGL103 NORTH,FALL CONTROL,,26,3009,N,WFM ,F,AD,27,7,20,1.5,,,,,,2,,,
2021,October,10/19/2021,C,SGL103 NORTH,FALL CONTROL,,13,3019,N,WFM ,M,AD,65,44,21,1.4,,,,,,3,,,
2021,October,10/19/2021,C,SGL103 NORTH,FALL CONTROL,,14,3020,N,WFM ,F,AD,28,10,18,1.4,,,,,,4,,,
2021,October,10/19/2021,C,SGL103 NORTH,FALL CONTROL,,5,3021,N,WFM ,F,AD,29,9,20,1.3,,,,,,0,,,
2021,October,10/19/2021,C,SGL103 NORTH,FALL CONTROL,,30,3022,N,WFM ,F,AD,30,7,23,1.3,,,,,,3,,,
2021,October,10/19/2021,C,SGL103 NORTH,SUMMER CONTROL,,3,3142,N,WFM ,F,AD,,,,,,,,,,0,,,
2021,October,10/19/2021,C,SGL103 NORTH,SPRING CONTROL,,29,3147,N,WFM ,F,AD,36,13,23,1.4,,,,,,0,,,
2021,October,10/19/2021,C,SGL103 NORTH,FALL CONTROL,,28,N/A (SEE NOTES),Y,WFM ,M,AD,26,7,19,1.6,,,,,,1,,,
2021,October,10/19/2021,C,SGL103 NORTH,FALL CONTROL,,18,RED413,Y,WFM ,M,AD,33,12,21,1.2,,,,,,1,,,
2021,October,10/19/2021,C,SGL103 NORTH,SUMMER CONTROL,,14,RED422,Y,WFM ,F,AD,46,21,25,1.5,,,,,,5,,,
2021,October,10/19/2021,C,SGL103 NORTH,FALL CONTROL,,3,RED433,Y,WFM ,M,AD,31,7,24,1.3,,,,,,8,,,
2021,October,10/19/2021,C,SGL103 NORTH,SPRING CONTROL,,14,RED478,Y,WFM ,M,AD,48,29,19,1.4,,,,,,17,,,
2021,October,10/20/2021,C,SGL103 NORTH,SPRING CONTROL,,6,3003,Y,WFM ,,,,,,,,,,,,,,,
2021,October,10/20/2021,C,SGL103 NORTH,SUMMER CONTROL,,24,3004,Y,WFM ,,,,,,,,,,,,,,,
2021,October,10/20/2021,C,SGL103 NORTH,FALL CONTROL,,23,3006,Y,WFM ,,,,,,,,,,,,,,,
2021,October,10/20/2021,C,SGL103 NORTH,FALL CONTROL,,13,3020,Y,WFM ,,,,,,,,,,,,,,,
2021,October,10/20/2021,C,SGL103 NORTH,FALL CONTROL,,1,3021,Y,WFM ,,,,,,,,,,,,,,,
2021,October,10/20/2021,C,SGL103 NORTH,FALL CONTROL,,29,3022,Y,WFM ,,,,,,,,,,,,,,,
2021,October,10/20/2021,C,SGL103 NORTH,FALL CONTROL,,27,3074,N,WFM ,M,AD,36,18,18,1.2,,,,,,1,,,
2021,October,10/20/2021,C,SGL103 NORTH,SUMMER CONTROL,,25,3491,N,WFM ,F,AD,56,,,1.4,,,,,,0,,,
2021,October,10/20/2021,C,SGL103 NORTH,FALL CONTROL,,18,3493,N,WFM ,M,JUV,36,22,14,1.5,,,,,,2,,,
2021,October,10/20/2021,C,SGL103 NORTH,FALL CONTROL,,10,3495,N,WFM ,F,AD,36,14,22,1.5,,,,,,0,,,
2021,October,10/20/2021,C,SGL103 NORTH,SPRING CONTROL,,14,3498,N,WFM ,M,AD,35,16,19,1.5,,,,,,7,,,
2021,October,10/20/2021,C,SGL103 NORTH,SPRING CONTROL,,3,3499,N,WFM ,F,AD,60,36,24,1.5,,,,,,4,,,
2021,October,10/20/2021,C,SGL103 NORTH,FALL CONTROL,,8,3500,N,WFM ,M,JUV,23,13,10,1.1,,,,,,0,,,
2021,October,10/20/2021,C,SGL103 NORTH,SUMMER CONTROL,,13,RED422,Y,WFM ,,,,,,,,,,,,,,,
2021,October,10/21/2021,C,SGL103 NORTH,FALL CONTROL,,27,3006,Y,WFM ,,,,,,,,,,,,,,,
2021,October,10/21/2021,C,SGL103 NORTH,FALL CONTROL,,13,3019,Y,WFM ,,,,,,,,,,,,,,,
2021,October,10/21/2021,C,SGL103 NORTH,FALL CONTROL,,7,3021,Y,WFM ,,,,,,,,,,,,,,,
2021,October,10/21/2021,C,SGL103 NORTH,FALL CONTROL,,28,3022,Y,WFM ,,,,,,,,,,,,,,,
2021,October,10/21/2021,C,SGL103 NORTH,FALL CONTROL,,2,3055,N,WFM ,F,AD,38,16,22,1.4,,,,,,1,,,
2021,October,10/21/2021,C,SGL103 NORTH,SPRING CONTROL,,15,3057,N,WFM ,F,AD,34,14,20,1.6,,,,,,4,,,
2021,October,10/21/2021,C,SGL103 NORTH,SUMMER CONTROL,,15,3058,N,WFM ,F,JUV,29,9,20,1.5,,,,,,1,,,
2021,October,10/21/2021,C,SGL103 NORTH,FALL CONTROL,,23,3074,Y,WFM ,,,,,,,,,,,,,,,
2021,October,10/21/2021,C,SGL103 NORTH,SPRING CONTROL,,1,3477,N,WFM ,M,AD,59,35,24,1.6,,,,,,9,,,
2021,October,10/21/2021,C,SGL103 NORTH,FALL CONTROL,,20,3478,N,WFM ,F,JUV,25,10,15,1.6,,,,,,1,,,
2021,October,10/21/2021,C,SGL103 NORTH,SPRING CONTROL,,26,3479,N,WFM ,F,JUV,28,10,18,1.5,,,,,,6,,,
2021,October,10/21/2021,C,SGL103 NORTH,SUMMER CONTROL,,28,3481,N,WFM ,F,AD,47,21,26,1.3,,,,,,N/A (SEE NOTES),,,
2021,October,10/21/2021,C,SGL103 NORTH,FALL CONTROL,,16,RED413,Y,WFM ,,,,,,,,,,,,,,,
2021,October,10/21/2021,C,SGL103 NORTH,SUMMER CONTROL,,13,RED422,Y,WFM ,,,,,,,,,,,,,,,
2021,October,10/21/2021,C,SGL103 NORTH,FALL CONTROL,,5,RED440,Y,WFM ,M,AD,35,12,23,1.5,,,,,,2,,,
2021,October,10/22/2021,C,SGL103 NORTH,FALL CONTROL,,7,3013,N,WFM ,F,JUV,27,16,11,1.1,,,,,,1,,,
2021,October,10/22/2021,C,SGL103 NORTH,SUMMER CONTROL,,8,3014,N,WFM ,F,AD,29,18,11,1.4,,,,,,5,,,
2021,October,10/22/2021,C,SGL103 NORTH,SUMMER CONTROL,,20,3015,N,WFM ,M,AD,35,14,21,1.5,,,,,,5,,,
2021,October,10/22/2021,C,SGL103 NORTH,SUMMER CONTROL,,16,3058,Y,WFM ,,,,,,,,,,,,,,,
2021,October,10/22/2021,C,SGL103 NORTH,FALL CONTROL,,16,3483,N,WFM ,F,AD,35,10,25,1.5,,,,,,5,,,
2021,October,10/22/2021,C,SGL103 NORTH,SUMMER CONTROL,,17,3489,N,WFM ,F,JUV,30,14,16,1.6,,,,,,3,,,
2021,October,10/22/2021,C,SGL103 NORTH,SUMMER CONTROL,,14,RED422,Y,WFM ,,,,,,,,,,,,,,,
2021,October,10/19/2021,C,SGL103 SOUTH,SPRING CONTROL,,9,3207,N,WFM ,F,JUV,38,16,22,1.4,,,,,,7,,,
2021,October,10/19/2021,C,SGL103 SOUTH,FALL CONTROL,,19,3211,N,WFM ,M,AD,57,39,18,1.4,,,,,,2,,,
2021,October,10/19/2021,C,SGL103 SOUTH,SPRING CONTROL,,30,3212,N,WFM ,M,JUV,28,20,8,1.3,,,,,,35,,,
2021,October,10/19/2021,C,SGL103 SOUTH,FALL CONTROL,,3,3213,N,WFM ,M,AD,30,12,18,1.1,,,,,,6,,,
2021,October,10/19/2021,C,SGL103 SOUTH,FALL CONTROL,,29,3251,N,WFM ,F,JUV,36,25,11,1.2,,,,,,3,,,
2021,October,10/19/2021,C,SGL103 SOUTH,SUMMER CONTROL,,16,3254,N,WFM ,F,AD,26,13,13,1.4,,,,,,2,,,
2021,October,10/19/2021,C,SGL103 SOUTH,SUMMER CONTROL,,11,3255,N,WFM ,M,AD,34,11,23,1.2,,,,,,5,,,
2021,October,10/19/2021,C,SGL103 SOUTH,FALL CONTROL,,21,3276,N,WFM ,F,AD,38,21,17,1.6,,,,,,14,,,
2021,October,10/19/2021,C,SGL103 SOUTH,SPRING CONTROL,,20,3279,N,WFM ,F,JUV,19,8,11,1.1,,,,,,8,,,
2021,October,10/19/2021,C,SGL103 SOUTH,SUMMER CONTROL,,27,3280,N,WFM ,F,JUV,37,20,17,1.2,,,,,,4,,,
2021,October,10/19/2021,C,SGL103 SOUTH,SUMMER CONTROL,,2,3281,N,WFM ,F,JUV,,,,1,,,,,,4,,,
2021,October,10/19/2021,C,SGL103 SOUTH,SPRING CONTROL,,4,3292,N,WFM ,F,AD,33,12,21,1.4,,,,,,6,,,
2021,October,10/19/2021,C,SGL103 SOUTH,SUMMER CONTROL,,29,3365,N,WFM ,M,JUV,30,22,8,1.2,,,,,,8,,,
2021,October,10/19/2021,C,SGL103 SOUTH,SPRING CONTROL,,3,3373,N,WFM ,M,AD,25,7,18,1.2,,,,,,12,,,
2021,October,10/19/2021,C,SGL103 SOUTH,SPRING CONTROL,,14,3374,N,WFM ,F,AD,33,8,25,1.4,,,,,,11,,,
2021,October,10/19/2021,C,SGL103 SOUTH,SUMMER CONTROL,,30,3394,N,WFM ,F,AD,45,31,14,1.4,,,,,,4,,,
2021,October,10/19/2021,C,SGL103 SOUTH,SPRING CONTROL,,27,3395,N,WFM ,M,JUV,38,18,20,1.3,,,,,,18,,,
2021,October,10/19/2021,C,SGL103 SOUTH,SUMMER CONTROL,,6,BLACK273,Y,WFM ,M,AD,35,10,25,1.5,,,,,,0,,,
2021,October,10/19/2021,C,SGL103 SOUTH,FALL CONTROL,,9,RED346,Y,WFM ,F,AD,37,11,26,1.8,,,,,,0,,,
2021,October,10/20/2021,C,SGL103 SOUTH,SPRING CONTROL,,9,3207,Y,WFM ,,,,,,,,,,,,,,,
2021,October,10/20/2021,C,SGL103 SOUTH,FALL CONTROL,,26,3211,Y,WFM ,,,,,,,,,,,,,,,
2021,October,10/20/2021,C,SGL103 SOUTH,FALL CONTROL,,4,3213,Y,WFM ,,,,,,,,,,,,,,,
2021,October,10/20/2021,C,SGL103 SOUTH,FALL CONTROL,,12,3229,N,WFM ,M,AD,46,22,24,1.5,,,,,,7,,,
2021,October,10/20/2021,C,SGL103 SOUTH,FALL CONTROL,,16,3230,N,WFM ,F,AD,41,21,20,1.4,,,,,,16,,,
2021,October,10/20/2021,C,SGL103 SOUTH,FALL CONTROL,,25,3231,N,WFM ,F,JUV,35,19,16,1.1,,,,,,4,,,
2021,October,10/20/2021,C,SGL103 SOUTH,FALL CONTROL,,2,3232,N,WFM ,M,AD,48,27,21,1.5,,,,,,5,,,
2021,October,10/20/2021,C,SGL103 SOUTH,SUMMER CONTROL,,18,3233,N,WFM ,M,AD,42,22,20,1.4,,,,,,1,,,
2021,October,10/20/2021,C,SGL103 SOUTH,SUMMER CONTROL,,9,3234,N,WFM ,F,AD,39,15,24,1.3,,,,,,2,,,
2021,October,10/20/2021,C,SGL103 SOUTH,SUMMER CONTROL,,28,3235,N,WFM ,F,AD,36,20,16,1.3,,,,,,8,,,
2021,October,10/20/2021,C,SGL103 SOUTH,SUMMER CONTROL,,15,3236,N,WFM ,F,JUV,35,18,17,1.4,,,,,,2,,1,
2021,October,10/20/2021,C,SGL103 SOUTH,SPRING CONTROL,,11,3237,N,WFM ,F,JUV,34,18,16,1.1,,,,,,4,,,
2021,October,10/20/2021,C,SGL103 SOUTH,SPRING CONTROL,,24,3238,N,WFM ,F,AD,47,17,30,1.8,,,,,,8,,,
2021,October,10/20/2021,C,SGL103 SOUTH,FALL CONTROL,,22,3276,Y,WFM ,,,,,,,,,,,,,,,
2021,October,10/20/2021,C,SGL103 SOUTH,SUMMER CONTROL,,25,3280,Y,WFM ,,,,,,,,,,,,,,,
2021,October,10/20/2021,C,SGL103 SOUTH,SPRING CONTROL,,2,3363,N,WFM ,M,AD,38,20,18,1.8,,,,,,5,,,
2021,October,10/20/2021,C,SGL103 SOUTH,SPRING CONTROL,,13,3374,Y,WFM ,,,,,,,,,,,,,,,
2021,October,10/20/2021,C,SGL103 SOUTH,SUMMER CONTROL,,3,3385,N,WFM ,F,AD,37,8,29,1.6,,,,,,4,,,
2021,October,10/20/2021,C,SGL103 SOUTH,SUMMER CONTROL,,30,3394,Y,WFM ,,,,,,,,,,,,,,,
2021,October,10/20/2021,C,SGL103 SOUTH,SUMMER CONTROL,,5,BLACK273,Y,WFM ,,,,,,,,,,,,,,,
2021,October,10/20/2021,C,SGL103 SOUTH,FALL CONTROL,,6,RED346,Y,WFM ,,,,,,,,,,,,,,,
2021,October,10/21/2021,C,SGL103 SOUTH,SPRING CONTROL,,7,3207,Y,WFM ,,,,,,,,,,,,,,,
2021,October,10/21/2021,C,SGL103 SOUTH,FALL CONTROL,,20,3211,Y,WFM ,,,,,,,,,,,,,,,
2021,October,10/21/2021,C,SGL103 SOUTH,FALL CONTROL,,7,3213,Y,WFM ,,,,,,,,,,,,,,,
2021,October,10/21/2021,C,SGL103 SOUTH,FALL CONTROL,,2,3232,Y,WFM ,,,,,,,,,,,,,,,
2021,October,10/21/2021,C,SGL103 SOUTH,FALL CONTROL,,1,3240,N,WFM ,F,AD,58,34,24,1.4,,,,,,3,,,
2021,October,10/21/2021,C,SGL103 SOUTH,SUMMER CONTROL,,12,3254,Y,WFM ,,,,,,,,,,,,,,,
2021,October,10/21/2021,C,SGL103 SOUTH,SUMMER CONTROL,,8,3255,Y,WFM ,,,,,,,,,,,,,,,
2021,October,10/21/2021,C,SGL103 SOUTH,SPRING CONTROL,,14,3279,Y,WFM ,,,,,,,,,,,,,,,
2021,October,10/21/2021,C,SGL103 SOUTH,SUMMER CONTROL,,13,3280,Y,WFM ,,,,,,,,,,,,,,,
2021,October,10/21/2021,C,SGL103 SOUTH,FALL CONTROL,,28,3283,N,WFM ,F,AD,39,8,31,,,,,,,3,,,
2021,October,10/21/2021,C,SGL103 SOUTH,SPRING CONTROL,,18,3330,N,WFM ,F,AD,36,8,28,1.4,,,,,,2,,,
2021,October,10/21/2021,C,SGL103 SOUTH,SPRING CONTROL,,1,3363,Y,WFM ,,,,,,,,,,,,,,,
2021,October,10/21/2021,C,SGL103 SOUTH,SPRING CONTROL,,11,3374,Y,WFM ,,,,,,,,,,,,,,,
2021,October,10/21/2021,C,SGL103 SOUTH,SPRING CONTROL,,29,3392,N,WFM ,M,AD,39,20,19,,,,,,,6,,,
2021,October,10/21/2021,C,SGL103 SOUTH,SUMMER CONTROL,,30,3394,Y,WFM ,,,,,,,,,,,,,,,
2021,October,10/21/2021,C,SGL103 SOUTH,SUMMER CONTROL,,5,BLACK273,Y,WFM ,,,,,,,,,,,,,,,
2021,October,10/22/2021,C,SGL103 SOUTH,SPRING CONTROL,,6,3207,Y,WFM ,,,,,,,,,,,,,,,
2021,October,10/22/2021,C,SGL103 SOUTH,SPRING CONTROL,,24,3238,Y,WFM ,,,,,,,,,,,,,,,
2021,October,10/22/2021,C,SGL103 SOUTH,SPRING CONTROL,,18,3279,Y,WFM ,,,,,,,,,,,,,,,
2021,October,10/22/2021,C,SGL103 SOUTH,FALL CONTROL,,7,3316,N,WFM ,M,JUV,30,14,16,1.1,,,,,,0,,,
2021,October,10/22/2021,C,SGL103 SOUTH,FALL CONTROL,,30,3317,N,WFM ,F,JUV,37,24,13,1,,,,,,6,,,
2021,October,10/22/2021,C,SGL103 SOUTH,SPRING CONTROL,,30,3392,Y,WFM ,,,,,,,,,,,,,,,
2021,October,10/22/2021,C,SGL103 SOUTH,SPRING CONTROL,,29,3395,Y,WFM ,,,,,,,,,,,,,,,
2021,October,10/1/2021,C,SGL176,FALL CONTROL,,21,3152,Y,WFM ,,,,,,,,,,,,,,,
2021,October,10/1/2021,C,SGL176,SPRING CONTROL,,18,3156,Y,WFM ,,,,,,,,,,,,,,,
2021,October,10/1/2021,C,SGL176,FALL CONTROL,,25,3173,Y,WFM ,,,,,,,,,,,,,,,
2021,October,10/1/2021,C,SGL176,SPRING CONTROL,,21,3290,Y,WFM ,,,,,,,,,,,,,,,
2021,October,10/1/2021,C,SGL176,SUMMER CONTROL,,11,3293,Y,WFM ,F,AD,41,,,1.4,,,,,,5,,,
2021,October,10/1/2021,C,SGL176,SPRING CONTROL,,24,3306,Y,WFM ,,,,,,,,,,,,,,,
2021,October,10/1/2021,C,SGL176,SUMMER CONTROL,,26,3309,Y,WFM ,,,,,,,,,,,,,,,
2021,October,10/1/2021,C,SGL176,FALL CONTROL,,2,3325,Y,WFM ,,,,,,,,,,,,,,,
2021,October,10/1/2021,C,SGL176,SUMMER CONTROL,,3,3344,N,WFM ,M,JUV,32,10,22,1.2,,,,,,13,,,
2021,October,10/1/2021,C,SGL176,FALL CONTROL,,23,3347,Y,WFM ,,,,,,,,,,,,,,,
2021,October,10/1/2021,C,SGL176,SUMMER CONTROL,,30,3348,Y,WFM ,,,,,,,,,,,,,,,
2021,October,10/1/2021,C,SGL176,SUMMER CONTROL,,22,3349,Y,WFM ,,,,,,,,,,,,,,,
2021,October,10/1/2021,C,SGL176,SPRING CONTROL,,7,3354,Y,WFM ,,,,,,,,,,,,,,,
2021,October,10/1/2021,C,SGL176,SUMMER CONTROL,,4,3369,Y,WFM ,,,,,,,,,,,,,,,
2021,October,10/1/2021,C,SGL176,SPRING CONTROL,,3,BLACK329,Y,WFM ,,,,,,,,,,,,,,,
2021,October,10/1/2021,C,SGL176,SUMMER CONTROL,,2,BLUE133,N,WFM ,,,,,,,,,,,,,,,
2021,October,10/1/2021,C,SGL176,SUMMER CONTROL,,21,BLUE163,Y,WFM ,,,,,,,,,,,,,,,
2021,October,10/1/2021,C,SGL176,SPRING CONTROL,,12,BLUE169,Y,WFM ,,,,,,,,,,,,,,,
2021,October,10/1/2021,C,SGL176,SUMMER CONTROL,,18,GREEN215,Y,WFM ,,,,,,,,,,,,,,,
2021,October,10/1/2021,C,SGL176,SUMMER CONTROL,,16,RED319,Y,WFM ,,,,,,,,,,,,,,,
2021,October,10/1/2021,C,SGL33,SPRING CONTROL,,18,3109,Y,WFM ,,,,,,,,,,,,,,,
2021,October,10/1/2021,C,SGL33,SPRING CONTROL,,24,3110,Y,WFM ,,,,,,,,,,,,,,,
2021,October,10/1/2021,C,SGL33,FALL CONTROL,,24,3127,Y,WFM ,,,,,,,,,,,,,,,
2021,October,10/1/2021,C,SGL33,SUMMER CONTROL,,15,3130,Y,WFM ,,,,,,,,,,,,,,,
2021,October,10/1/2021,C,SGL33,SPRING CONTROL,,23,3155,N,WFM ,M,AD,49,31,18,1.3,,,,,,11,,,
2021,October,10/1/2021,C,SGL33,SPRING CONTROL,,3,3169,N,WFM ,M,AD,42,20,22,1.9,,,,,,13,,,
2021,October,10/1/2021,C,SGL33,SPRING CONTROL,,17,3170,N,WFM ,M,AD,39,20,19,1.3,,,,,,6,,,
2021,October,10/1/2021,C,SGL33,FALL CONTROL,,25,3199,N,WFM ,F,JUV,50,41,9,1.3,,,,,,4,,,
2021,October,10/1/2021,C,SGL33,SUMMER CONTROL,,2,3200,N,WFM ,F,AD,40,19,21,1.4,,,,,,1,,,
2021,October,10/1/2021,C,SGL33,FALL CONTROL,,12,GREEN231,Y,WFM ,,,,,,,,,,,,,,,
2021,October,10/1/2021,C,SGL33,SPRING CONTROL,,30,GREEN268,Y,WFM ,,,,,,,,,,,,,,,
2021,October,10/1/2021,C,SGL33,FALL CONTROL,,16,RED406,Y,WFM ,,,,,,,,,,,,,,,
2021,September,9/28/2021,C,SGL176,FALL CONTROL,,21,3152,N,WFM ,M,JUV,46,29,17,1.4,,,,,,0,,,
2021,September,9/28/2021,C,SGL176,SPRING CONTROL,,17,3156,N,WFM ,M,AD,34,20,14,1.5,,,,,,3,,,
2021,September,9/28/2021,C,SGL176,FALL CONTROL,,24,3173,N,WFM ,M,AD,41,19,22,1.5,,,,,,5,,,
2021,September,9/28/2021,C,SGL176,FALL CONTROL,,29,3174,N,WFM ,F,AD,35,20,15,1.5,,,,,,3,,,
2021,September,9/28/2021,C,SGL176,SUMMER CONTROL,,2,3202,N,WFM ,M,AD,,,,,,,,,,7,,,
2021,September,9/28/2021,C,SGL176,SPRING CONTROL,,24,3203,N,WFM ,M,AD,39,12,27,1.4,,,,,,27,,,
2021,September,9/28/2021,C,SGL176,FALL CONTROL,,3,3204,N,WFM ,F,AD,33,10,23,1.5,,,,,,4,,,
2021,September,9/28/2021,C,SGL176,SUMMER CONTROL,,30,3225,N,WFM ,M,AD,38,18,20,1.3,,,,,,1,,,
2021,September,9/28/2021,C,SGL176,SPRING CONTROL,,21,3290,N,WFM ,F,AD,,,,1.5,,,,,,2,,,
2021,September,9/28/2021,C,SGL176,SPRING CONTROL,,20,3297,N,WFM ,M,AD,35,15,20,,,,,,,25,,,
2021,September,9/28/2021,C,SGL176,SUMMER CONTROL,,13,3300,N,WFM ,F,AD,45,16,29,1.4,,,,,,19,,,
2021,September,9/28/2021,C,SGL176,SUMMER CONTROL,,1,3305,N,WFM ,M,AD,,,,,,,,,,2,,,
2021,September,9/28/2021,C,SGL176,SPRING CONTROL,,22,3306,N,WFM ,M,AD,36,9,27,1.2,,,,,,17,,,
2021,September,9/28/2021,C,SGL176,SUMMER CONTROL,,23,3309,N,WFM ,F,AD,40,12,28,1.2,,,,,,2,,,
2021,September,9/28/2021,C,SGL176,SUMMER CONTROL,,16,3310,N,WFM ,F,AD,47,20,27,,,,,,,4,,,
2021,September,9/28/2021,C,SGL176,SUMMER CONTROL,,25,3312,N,WFM ,M,JUV,30,15,15,1.3,,,,,,9,,,
2021,September,9/28/2021,C,SGL176,SPRING CONTROL,,14,3314,N,WFM ,F,AD,,,,,,,,,,11,,,
2021,September,9/28/2021,C,SGL176,SPRING CONTROL,,1,3324,N,WFM ,F,AD,40,11,29,1.4,,,,,,8,,,
2021,September,9/28/2021,C,SGL176,FALL CONTROL,,18,3325,N,WFM ,F,AD,35,8,27,,,,,,,2,,,
2021,September,9/28/2021,C,SGL176,SUMMER CONTROL,,11,BLACK275,Y,WFM ,M,AD,45,20,25,1.5,,,,,,12,,,
2021,September,9/28/2021,C,SGL176,SPRING CONTROL,,28,BLACK309,Y,WFM ,M,AD,40,13,27,1.6,,,,,,2,,,
2021,September,9/28/2021,C,SGL176,SPRING CONTROL,,3,BLACK329,Y,WFM ,M,AD,40,11,29,1.4,,,,,,1,,,
2021,September,9/28/2021,C,SGL176,SUMMER CONTROL,,18,BLUE163,Y,WFM ,M,AD,33,8,25,1.3,,,,,,9,,,
2021,September,9/28/2021,C,SGL176,SPRING CONTROL,,9,BLUE169,Y,WFM ,F,AD,,,,,,,,,,6,,,
2021,September,9/28/2021,C,SGL176,FALL CONTROL,,14,GREEN210,N,WFM ,F,AD,,,,,,,,,,7,,,
2021,September,9/28/2021,C,SGL176,SUMMER CONTROL,,19,GREEN215,Y,WFM ,F,AD,32,,,1.6,,,,,,0,,,
2021,September,9/28/2021,C,SGL176,SUMMER CONTROL,,6,GREEN224,Y,WFM ,M,AD,27,10,17,1.3,,,,,,0,,,
2021,September,9/28/2021,C,SGL176,SUMMER CONTROL,,15,RED319,Y,WFM ,M,AD,34,11,23,1.5,,,,,,18,,,
2021,September,9/28/2021,C,SGL176,SPRING CONTROL,,27,RED327,Y,WFM ,F,AD,55,35,20,1.7,,,,,,7,,,
2021,September,9/28/2021,C,SGL176,SUMMER CONTROL,,3,RED332,Y,WFM ,M,AD,35,15,20,1.6,,,,,,2,,,
2021,September,9/29/2021,C,SGL176,FALL CONTROL,,15,3222,N,WFM ,F,JUV,33,11,22,1.3,,,,,,1,,,
2021,September,9/29/2021,C,SGL176,FALL CONTROL,,3,3223,N,WFM ,M,JUV,27,11,16,1,,,,,,0,,,
2021,September,9/29/2021,C,SGL176,SPRING CONTROL,,21,3306,Y,WFM ,,,,,,,,,,,,,,,
2021,September,9/29/2021,C,SGL176,SUMMER CONTROL,,8,3309,Y,WFM ,,,,,,,,,,,,,,,
2021,September,9/29/2021,C,SGL176,SUMMER CONTROL,,11,3310,Y,WFM ,,,,,,,,,,,,,,,
2021,September,9/29/2021,C,SGL176,SUMMER CONTROL,,9,3312,Y,WFM ,,,,,,,,,,,,,,,
2021,September,9/29/2021,C,SGL176,SPRING CONTROL,,19,3324,Y,WFM ,,,,,,,,,,,,,,,
2021,September,9/29/2021,C,SGL176,FALL CONTROL,,21,3325,Y,WFM ,,,,,,,,,,,,,,,
2021,September,9/29/2021,C,SGL176,FALL CONTROL,,16,3326,N,WFM ,M,AD,46,30,16,1.5,,,,,,3,,,
2021,September,9/29/2021,C,SGL176,FALL CONTROL,,9,3347,N,WFM ,F,JUV,47,30,17,1.5,,,,,,0,,,
2021,September,9/29/2021,C,SGL176,SUMMER CONTROL,,29,3348,N,WFM ,F,AD,,,,1.5,,,,,,2,,,
2021,September,9/29/2021,C,SGL176,SUMMER CONTROL,,22,3349,N,WFM ,M,JUV,44,27,17,1,,,,,,0,,,
2021,September,9/29/2021,C,SGL176,SPRING CONTROL,,3,3351,N,WFM ,F,JUV,52,40,12,1.3,,,,,,7,,,
2021,September,9/29/2021,C,SGL176,SPRING CONTROL,,15,3352,N,WFM ,M,AD,54,30,24,,,,,,,8,,,
2021,September,9/29/2021,C,SGL176,FALL CONTROL,,4,3353,N,WFM ,F,JUV,23,11,12,1,,,,,,2,,,
2021,September,9/29/2021,C,SGL176,SPRING CONTROL,,10,3354,N,WFM ,F,JUV,47,39,8,1.5,,,,,,2,,,
2021,September,9/29/2021,C,SGL176,FALL CONTROL,,7,3355,N,WFM ,N/A (SEE NOTES),JUV,27,11,16,1.5,,,,,,2,,,
2021,September,9/29/2021,C,SGL176,SPRING CONTROL,,25,3356,N,WFM ,M,AD,64,51,13,1.3,,,,,,10,,,
2021,September,9/29/2021,C,SGL176,SPRING CONTROL,,11,3398,N,WFM ,F,JUV,61,49,12,1.3,,,,,,2,,,
2021,September,9/29/2021,C,SGL176,SUMMER CONTROL,,10,BLACK275,Y,WFM ,,,,,,,,,,,,,,,
2021,September,9/29/2021,C,SGL176,SPRING CONTROL,,7,BLACK329,Y,WFM ,,,,,,,,,,,,,,,
2021,September,9/29/2021,C,SGL176,SPRING CONTROL,,9,BLACK345,Y,WFM ,M,AD,45,11,34,1.4,,,,,,3,,,
2021,September,9/29/2021,C,SGL176,FALL CONTROL,,17,GREEN210,Y,WFM ,,,,,,,,,,,,,,,
2021,September,9/29/2021,C,SGL176,SUMMER CONTROL,,16,RED319,Y,WFM ,,,,,,,,,,,,,,,
2021,September,9/29/2021,C,SGL176,SUMMER CONTROL,,25,RED335,Y,WFM ,M,AD,32,11,21,1.5,,,,,,8,,,
2021,September,9/30/2021,C,SGL176,FALL CONTROL,,25,3173,Y,WFM ,,,,,,,,,,,,,,,
2021,September,9/30/2021,C,SGL176,SPRING CONTROL,,20,3290,Y,WFM ,,,,,,,,,,,,,,,
2021,September,9/30/2021,C,SGL176,SUMMER CONTROL,,9,3299,N,WFM ,,,,,,,,,,,,,,,
2021,September,9/30/2021,C,SGL176,SUMMER CONTROL,,10,3300,N,WFM ,,,,,,,,,,,,,,,
2021,September,9/30/2021,C,SGL176,SUMMER CONTROL,,25,3309,Y,WFM ,,,,,,,,,,,,,,,
2021,September,9/30/2021,C,SGL176,SUMMER CONTROL,,15,3310,Y,WFM ,,,,,,,,,,,,,,,
2021,September,9/30/2021,C,SGL176,SPRING CONTROL,,13,3314,Y,WFM ,,,,,,,,,,,,,,,
2021,September,9/30/2021,C,SGL176,SUMMER CONTROL,,16,3327,N,WFM ,F,AD,32,15,17,1.5,,,,,,14,,,
2021,September,9/30/2021,C,SGL176,FALL CONTROL,,4,3345,N,WFM ,M,AD,33,11,22,1.5,,,,,,0,,,
2021,September,9/30/2021,C,SGL176,SUMMER CONTROL,,29,3348,Y,WFM ,,,,,,,,,,,,,,,
2021,September,9/30/2021,C,SGL176,SUMMER CONTROL,,5,3357,N,WFM ,M,AD,39.5,15.5,24,1.4,,,,,,12,,1,
2021,September,9/30/2021,C,SGL176,FALL CONTROL,,14,3366,N,WFM ,M,AD,33,,,1.4,,,,,,2,,,
2021,September,9/30/2021,C,SGL176,FALL CONTROL,,24,3367,N,WFM ,F,AD,49.5,25,24.5,1.5,,,,,,5,,1,
2021,September,9/30/2021,C,SGL176,FALL CONTROL,,22,3368,N,WFM ,F,AD,45.5,15,30.5,1.5,,,,,,14,,,
2021,September,9/30/2021,C,SGL176,SUMMER CONTROL,,3,3369,N,WFM ,F,AD,45.5,28.5,17,1.4,,,,,,4,,1,
2021,September,9/30/2021,C,SGL176,SUMMER CONTROL,,2,3371,N,WFM ,F,JUV,30.5,17.5,13,1.4,,,,,,11,,,
2021,September,9/30/2021,C,SGL176,SPRING CONTROL,,23,3376,N,WFM ,M,AD,43,23,20,1.4,,,,,,22,,,
2021,September,9/30/2021,C,SGL176,SPRING CONTROL,,1,3377,N,WFM ,M,AD,42.5,19.5,23,1.3,,,,,,41,,,
2021,September,9/30/2021,C,SGL176,FALL CONTROL,,29,3400,N,WFM ,,,,,,,,,,,,,,,
2021,September,9/30/2021,C,SGL176,SPRING CONTROL,,5,BLACK329,Y,WFM ,,,,,,,,,,,,,,,
2021,September,9/30/2021,C,SGL176,SPRING CONTROL,,27,BLUE162,N,WFM ,,,,,,,,,,,,,,,
2021,September,9/30/2021,C,SGL176,SUMMER CONTROL,,17,GREEN215,Y,WFM ,,,,,,,,,,,,,,,
2021,September,9/30/2021,C,SGL176,SUMMER CONTROL,,27,RED332,Y,WFM ,,,,,,,,,,,,,,,
2021,September,9/28/2021,C,SGL33,FALL CONTROL,,30,3127,N,WFM ,M,AD,50,27,23,1.5,,,,,,6,,,
2021,September,9/28/2021,C,SGL33,SUMMER CONTROL,,26,3130,N,WFM ,M,AD,26,9,17,1.5,,,,,,4,,,
2021,September,9/28/2021,C,SGL33,SUMMER CONTROL,,15,3148,N,WFM ,F,AD,34,12,22,,,,,,,3,,,
2021,September,9/28/2021,C,SGL33,SPRING CONTROL,,25,3216,N,WFM ,M,AD,52,26,26,1,,,,,,4,,,
2021,September,9/28/2021,C,SGL33,FALL CONTROL,,27,3218,N,WFM ,F,AD,27,9,18,1.5,,,,,,10,,,
2021,September,9/28/2021,C,SGL33,SPRING CONTROL,,28,BLUE116,Y,WFM ,M,AD,34,9,25,1.5,,,,,,22,,,
2021,September,9/28/2021,C,SGL33,FALL CONTROL,,22,BLUE119,Y,WFM ,F,AD,34,9,25,1.6,,,,,,12,,,
2021,September,9/28/2021,C,SGL33,FALL CONTROL,,15,GREEN231,Y,WFM ,F,AD,43,9,34,1.6,,,,,,6,,,
2021,September,9/28/2021,C,SGL33,SPRING CONTROL,,30,GREEN268,Y,WFM ,F,AD,42,12,30,1.5,,,,,,8,,,
2021,September,9/28/2021,C,SGL33,FALL CONTROL,,7,RED406,Y,WFM ,M,AD,51,29,22,1.5,,,,,,10,,,
2021,September,9/29/2021,C,SGL33,SPRING CONTROL,,17,3046,N,WFM ,F,AD,56,32,24,1.5,,,,,,11,,,
2021,September,9/29/2021,C,SGL33,FALL CONTROL,,24,3106,N,WFM ,M,JUV,29,15,14,1.3,,,,,,7,,,
2021,September,9/29/2021,C,SGL33,SPRING CONTROL,,20,3109,N,WFM ,F,JUV,39,27,12,1.3,,,,,,8,,,
2021,September,9/29/2021,C,SGL33,SPRING CONTROL,,27,3110,N,WFM ,F,AD,60,26,34,1.5,,,,,,5,,,
2021,September,9/29/2021,C,SGL33,FALL CONTROL,,30,3128,N,WFM ,,,,,,,,,,,,,,,
2021,September,9/29/2021,C,SGL33,SUMMER CONTROL,,21,3130,Y,WFM ,,,,,,,,,,,,,,,
2021,September,9/29/2021,C,SGL33,SPRING CONTROL,,8,3159,N,WFM ,M,AD,53,33,20,1.6,,,,,,25,,,
2021,September,9/29/2021,C,SGL33,FALL CONTROL,,21,BLUE119,Y,WFM ,,,,,,,,,,,,,,,
2021,September,9/29/2021,C,SGL33,FALL CONTROL,,25,BLUE126,Y,WFM ,M,AD,50,26,24,1.5,,,,,,15,,,
2021,September,9/29/2021,C,SGL33,FALL CONTROL,,16,GREEN231,Y,WFM ,,,,,,,,,,,,,,,
2021,September,9/29/2021,C,SGL33,SPRING CONTROL,,30,GREEN268,Y,WFM ,,,,,,,,,,,,,,,
2021,September,9/30/2021,C,SGL33,SPRING CONTROL,,20,3109,Y,WFM ,,,,,,,,,,,,,,,
2021,September,9/30/2021,C,SGL33,SPRING CONTROL,,25,3110,Y,WFM ,,,,,,,,,,,,,,,
2021,September,9/30/2021,C,SGL33,FALL CONTROL,,25,3127,Y,WFM ,,,,,,,,,,,,,,,
2021,September,9/30/2021,C,SGL33,FALL CONTROL,,30,3128,Y,WFM ,,,,,,,,,,,,,,,
2021,September,9/30/2021,C,SGL33,SUMMER CONTROL,,16,3130,Y,WFM ,,,,,,,,,,,,,,,
2021,September,9/30/2021,C,SGL33,SPRING CONTROL,,9,3159,Y,WFM ,,,,,,,,,,,,,,,
2021,September,9/30/2021,C,SGL33,FALL CONTROL,,2,3166,N,WFM ,M,AD,32.5,20.5,12,1.1,,,,,,29,,,
2021,September,9/30/2021,C,SGL33,SPRING CONTROL,,24,3216,Y,WFM ,,,,,,,,,,,,,,,
2021,September,9/30/2021,C,SGL33,FALL CONTROL,,21,BLUE119,Y,WFM ,,,,,,,,,,,,,,,
2021,September,9/30/2021,C,SGL33,FALL CONTROL,,24,RED406,Y,WFM ,,,,,,,,,,,,,,,
2022,August,8/2/2022,C,SGL103 NORTH,SPRING CONTROL,,27,GREY201,N,WFM ,M,AD,44,20,24,1.4,,,,,,18,,,
2022,August,8/2/2022,C,SGL103 NORTH,SPRING CONTROL,,17,GREY208,N,WFM ,M,AD,55,28,27,1.6,,,,,,0,,,
2022,August,8/2/2022,C,SGL103 NORTH,SUMMER CONTROL,,22,GREY209,N,WFM ,F,AD,33,9,24,1.4,,,,,,0,,,
2022,August,8/2/2022,C,SGL103 NORTH,SPRING CONTROL,,28,GREY212,N,WFM ,F,AD,48.5,21,27.5,1.4,,,,,,2,,,
2022,August,8/2/2022,C,SGL103 NORTH,SUMMER CONTROL,,15,GREY213,N,WFM ,M,AD,56,35,21,1.2,,,,,,4,,,
2022,August,8/2/2022,C,SGL103 NORTH,FALL CONTROL,,10,GREY215,N,WFM ,M,AD,53,32,21,1.5,,,,,,1,,,
2022,August,8/2/2022,C,SGL103 NORTH,SPRING CONTROL,,19,GREY216,N,WFM ,F,AD,30,9,21,1.4,,,,,,10,1,,
2022,August,8/2/2022,C,SGL103 NORTH,SPRING CONTROL,,9,GREY217,N,WFM ,F,AD,33,15,18,1.4,,,,,,8,,,
2022,August,8/2/2022,C,SGL103 NORTH,SUMMER CONTROL,,19,GREY218,N,WFM ,M,AD,40,14.5,25.5,1.5,,,,,,1,,,
2022,August,8/2/2022,C,SGL103 NORTH,SUMMER CONTROL,,4,GREY219,N,WFM ,F,AD,38,13.5,24.5,1.5,,,,,,3,,,
2022,August,8/2/2022,C,SGL103 NORTH,SUMMER CONTROL,,28,GREY220,N,WFM ,F,AD,32,9,23,1.1,,,,,,0,,,
2022,August,8/2/2022,C,SGL103 NORTH,SUMMER CONTROL,,12,GREY221,N,WFM ,M,AD,31,12,19,1.5,,,,,,1,,,
2022,August,8/2/2022,C,SGL103 NORTH,SPRING CONTROL,,2,GREY222,N,WFM ,F,AD,37,9,28,1.1,,,,,,1,,,
2022,August,8/2/2022,C,SGL103 NORTH,SPRING CONTROL,,15,GREY225,N,WFM ,F,AD,27,9,18,1.0,,,,,,1,,,
2022,August,8/2/2022,C,SGL103 NORTH,SUMMER CONTROL,,2,GREY226,N,WFM ,M,AD,30,9,21,1.4,,,,,,1,,,
2022,August,8/2/2022,C,SGL103 NORTH,FALL CONTROL,,11,GREY228,N,WFM ,F,AD,40,23,17,1.5,,,,,,0,,,
2022,August,8/2/2022,C,SGL103 NORTH,SUMMER CONTROL,,8,GREY229,N,WFM ,M,AD,36,9,27,1.9,,,,,,0,,,
2022,August,8/2/2022,C,SGL103 NORTH,FALL CONTROL,,3,GREY232,N,WFM ,M,AD,57,21,36,1.1,,,,,,1,,,
2022,August,8/2/2022,C,SGL103 NORTH,SUMMER CONTROL,,11,GREY233,N,WFM ,F,AD,32,16,16,1.7,,,,,,0,,,
2022,August,8/2/2022,C,SGL103 NORTH,SPRING CONTROL,,1,GREY234,N,WFM ,M,AD,57,24,33,1.4,,,,,,0,,,
2022,August,8/2/2022,C,SGL103 NORTH,SPRING CONTROL,,12,GREY235,N,WFM ,F,AD,32,14,18,1.2,,,,,,5,,,
2022,August,8/2/2022,C,SGL103 NORTH,SPRING CONTROL,,29,GREY238,N,WFM ,M,JUV,31,15,16,1.2,,,,,,14,,,
2022,August,8/2/2022,C,SGL103 NORTH,FALL CONTROL,,26,GREY241,N,WFM ,F,AD,55,34,21,1.3,,,,,,0,,,
2022,August,8/2/2022,C,SGL103 NORTH,SUMMER CONTROL,,25,GREY242,N,WFM ,F,AD,31.5,13.5,18,1.4,,,,,,0,,,
2022,August,8/2/2022,C,SGL103 NORTH,FALL CONTROL,,25,GREY246,N,WFM ,M,AD,39,19,20,1.5,,,,,,0,,,
2022,August,8/2/2022,C,SGL103 NORTH,SPRING CONTROL,,18,GREY247,N,WFM ,M,AD,35,15,20,1.6,,,,,,17,,,
2022,August,8/2/2022,C,SGL103 NORTH,FALL CONTROL,,19,GREY249,N,WFM ,F,AD,46,25,21,1.2,,,,,,0,,,
2022,August,8/2/2022,C,SGL103 NORTH,FALL CONTROL,,23,RED303,N,WFM ,F,AD,45.5,22,23.5,1.2,,,,,,0,,,
2022,August,8/2/2022,C,SGL103 NORTH,FALL CONTROL,,7,RED325,N,WFM ,M,AD,36,11,25,1.5,,,,,,3,,,
2022,August,8/2/2022,C,SGL103 NORTH,FALL CONTROL,,1,RED335,N,WFM ,M,AD,35,10,25,1.6,,,,,,0,,,
2022,August,8/2/2022,C,SGL103 NORTH,FALL CONTROL,,9,RED337,N,WFM ,M,AD,44.5,18.5,26,1.2,,,,,,1,,,
2022,August,8/2/2022,C,SGL103 NORTH,FALL CONTROL,,28,RED338,N,WFM ,M,AD,40.5,15,25.5,1.3,,,,,,0,,,
2022,August,8/2/2022,C,SGL103 NORTH,SUMMER CONTROL,,23,RED499,N,WFM ,M,AD,31.5,11,20.5,1.4,,,,,,0,,,
2022,August,8/2/2022,C,SGL103 NORTH,SPRING CONTROL,,30,TEAL159,Y,WFM ,M,AD,42,27,15,,,,,,,6,,,
2022,August,8/2/2022,C,SGL103 NORTH,FALL CONTROL,,29,TEAL23,Y,WFM ,M,AD,51,28,23,1.4,,,,,,3,,,
2022,August,8/2/2022,C,SGL103 NORTH,SPRING CONTROL,,4,TEAL4,Y,WFM ,M,AD,39.5,16,23.5,1.4,,,,,,4,,,
2022,August,8/2/2022,C,SGL103 NORTH,SPRING CONTROL,,23,TEAL50,Y,WFM ,M,AD,36,9,27,1.2,,,,,,6,,,
2022,August,8/2/2022,C,SGL103 NORTH,SUMMER CONTROL,,1,TEAL63,Y,WFM ,F,AD,49,30,19,1.5,,,,,,0,,,
2022,August,8/3/2022,C,SGL103 NORTH,SPRING CONTROL,,29,GREY148,N,WFM ,M,AD,36,12,24,1.2,,,,,,5,1,,
2022,August,8/3/2022,C,SGL103 NORTH,SPRING CONTROL,,22,GREY152,N,WFM ,F,AD,26,10,16,1.2,,,,,,0,,,
2022,August,8/3/2022,C,SGL103 NORTH,FALL CONTROL,,11,GREY157,N,WFM ,M,AD,30,10,20,1.6,,,,,,0,,,
2022,August,8/3/2022,C,SGL103 NORTH,SUMMER CONTROL,,23,GREY160,N,WFM ,M,AD,35,16,19,1.5,,,,,,3,,,
2022,August,8/3/2022,C,SGL103 NORTH,SPRING CONTROL,,14,GREY171,N,WFM ,M,AD,28.5,10,18.5,1.3,,,,,,1,,,
2022,August,8/3/2022,C,SGL103 NORTH,SPRING CONTROL,,9,GREY174,N,WFM ,F,AD,30,10,20,1.5,,,,,,2,,,
2022,August,8/3/2022,C,SGL103 NORTH,FALL CONTROL,,18,GREY181,N,WFM ,M,AD,38,10,28,1.4,,,,,,3,,,
2022,August,8/3/2022,C,SGL103 NORTH,SPRING CONTROL,,23,GREY187,N,WFM ,M,AD,38,17,21,1.5,,,,,,2,,,
2022,August,8/3/2022,C,SGL103 NORTH,SPRING CONTROL,,18,GREY188,N,WFM ,M,AD,40,15,25,,,,,,,0,,,
2022,August,8/3/2022,C,SGL103 NORTH,SPRING CONTROL,,27,GREY201,Y,WFM ,,,,,,,,,,,,,,,
2022,August,8/3/2022,C,SGL103 NORTH,SUMMER CONTROL,,13,GREY213,Y,WFM ,,,,,,,,,,,,,,,
2022,August,8/3/2022,C,SGL103 NORTH,FALL CONTROL,,8,GREY215,Y,WFM ,,,,,,,,,,,,,,,
2022,August,8/3/2022,C,SGL103 NORTH,SPRING CONTROL,,21,GREY216,Y,WFM ,,,,,,,,,,,,,,,
2022,August,8/3/2022,C,SGL103 NORTH,SUMMER CONTROL,,4,GREY219,Y,WFM ,,,,,,,,,,,,,,,
2022,August,8/3/2022,C,SGL103 NORTH,SUMMER CONTROL,,30,GREY220,Y,WFM ,,,,,,,,,,,,,,,
2022,August,8/3/2022,C,SGL103 NORTH,SUMMER CONTROL,,12,GREY221,Y,WFM ,,,,,,,,,,,,,,,
2022,August,8/3/2022,C,SGL103 NORTH,SPRING CONTROL,,3,GREY222,Y,WFM ,,,,,,,,,,,,,,,
2022,August,8/3/2022,C,SGL103 NORTH,SPRING CONTROL,,16,GREY225,Y,WFM ,,,,,,,,,,,,,,,
2022,August,8/3/2022,C,SGL103 NORTH,SUMMER CONTROL,,3,GREY226,Y,WFM ,,,,,,,,,,,,,,,
2022,August,8/3/2022,C,SGL103 NORTH,FALL CONTROL,,14,GREY228,Y,WFM ,,,,,,,,,,,,,,,
2022,August,8/3/2022,C,SGL103 NORTH,SUMMER CONTROL,,9,GREY229,Y,WFM ,,,,,,,,,,,,,,,
2022,August,8/3/2022,C,SGL103 NORTH,SPRING CONTROL,,1,GREY234,Y,WFM ,,,,,,,,,,,,,,,
2022,August,8/3/2022,C,SGL103 NORTH,SPRING CONTROL,,19,GREY247,Y,WFM ,,,,,,,,,,,,,,,
2022,August,8/3/2022,C,SGL103 NORTH,FALL CONTROL,,24,GREY248,Y,WFM ,,,,,,,,,,,,,,,
2022,August,8/3/2022,C,SGL103 NORTH,FALL CONTROL,,21,GREY249,Y,WFM ,,,,,,,,,,,,,,,
2022,August,8/3/2022,C,SGL103 NORTH,FALL CONTROL,,6,RED337,Y,WFM ,,,,,,,,,,,,,,,
2022,August,8/3/2022,C,SGL103 NORTH,SPRING CONTROL,,30,TEAL159,Y,WFM ,,,,,,,,,,,,,,,
2022,August,8/3/2022,C,SGL103 NORTH,SPRING CONTROL,,15,TEAL194,Y,WFM ,M,AD,36,9,27,1.7,,,,,,1,,,
2022,August,8/3/2022,C,SGL103 NORTH,SPRING CONTROL,,25,TEAL2,N,WFM ,F,AD,36,10,26,1.5,,,,,,6,,,
2022,August,8/3/2022,C,SGL103 NORTH,SPRING CONTROL,,4,TEAL4,Y,WFM ,,,,,,,,,,,,,,,
2022,August,8/3/2022,C,SGL103 NORTH,SPRING CONTROL,,26,TEAL50,Y,WFM ,,,,,,,,,,,,,,,
2022,August,8/3/2022,C,SGL103 NORTH,FALL CONTROL,,18,TEAL58,N,WFM ,,,,,,,,,,,,,,,
2022,August,8/3/2022,C,SGL103 NORTH,FALL CONTROL,,16,TEAL78,Y,WFM ,F,AD,34,15,19,1.7,,,,,,0,,,
2022,August,8/4/2022,C,SGL103 NORTH,SPRING CONTROL,,21,GREY152,Y,WFM ,,,,,,,,,,,,,,,
2022,August,8/4/2022,C,SGL103 NORTH,FALL CONTROL,,14,GREY157,Y,WFM ,,,,,,,,,,,,,,,
2022,August,8/4/2022,C,SGL103 NORTH,SUMMER CONTROL,,8,GREY158,N,WFM ,F,AD,35.5,14,21.5,1.2,,,,,,3,,,
2022,August,8/4/2022,C,SGL103 NORTH,SPRING CONTROL,,3,GREY159,N,WFM ,F,AD,38,10,28,1.3,,,,,,2,,,
2022,August,8/4/2022,C,SGL103 NORTH,SUMMER CONTROL,,23,GREY160,Y,WFM ,,,,,,,,,,,,,,,
2022,August,8/4/2022,C,SGL103 NORTH,SUMMER CONTROL,,10,GREY161,N,WFM ,M,AD,40,10,30,1.6,,,,,,1,,,
2022,August,8/4/2022,C,SGL103 NORTH,SPRING CONTROL,,30,GREY169,N,WFM ,F,AD,26,10,16,1.5,,,,,,3,,,
2022,August,8/4/2022,C,SGL103 NORTH,SPRING CONTROL,,14,GREY171,Y,WFM ,,,,,,,,,,,,,,,
2022,August,8/4/2022,C,SGL103 NORTH,FALL CONTROL,,1,GREY175,N,WFM ,F,AD,31.5,12.5,19,1.3,,,,,,2,,,
2022,August,8/4/2022,C,SGL103 NORTH,SUMMER CONTROL,,13,GREY177,N,WFM ,M,AD,38,14,24,1.5,,,,,,5,,,
2022,August,8/4/2022,C,SGL103 NORTH,SPRING CONTROL,,26,GREY179,N,WFM ,F,AD,31,10,21,1.3,,,,,,6,,,
2022,August,8/4/2022,C,SGL103 NORTH,FALL CONTROL,,16,GREY181,Y,WFM ,,,,,,,,,,,,,,,
2022,August,8/4/2022,C,SGL103 NORTH,SPRING CONTROL,,16,GREY188,Y,WFM ,,,,,,,,,,,,,,,
2022,August,8/4/2022,C,SGL103 NORTH,SPRING CONTROL,,18,GREY192,N,WFM ,M,AD,30,10,20,1.4,,,,,,5,,,
2022,August,8/4/2022,C,SGL103 NORTH,SPRING CONTROL,,19,GREY194,N,WFM ,F,AD,31,13.5,17.5,1.3,,,,,,6,,,
2022,August,8/4/2022,C,SGL103 NORTH,SUMMER CONTROL,,25,GREY195,N,WFM ,M,AD,33,10,23,1.5,,,,,,0,,,
2022,August,8/4/2022,C,SGL103 NORTH,SPRING CONTROL,,27,GREY201,Y,WFM ,,,,,,,,,,,,,,,
2022,August,8/4/2022,C,SGL103 NORTH,SUMMER CONTROL,,19,GREY209,Y,WFM ,,,,,,,,,,,,,,,
2022,August,8/4/2022,C,SGL103 NORTH,SUMMER CONTROL,,14,GREY213,Y,WFM ,,,,,,,,,,,,,,,
2022,August,8/4/2022,C,SGL103 NORTH,FALL CONTROL,,10,GREY215,Y,WFM ,,,,,,,,,,,,,,,
2022,August,8/4/2022,C,SGL103 NORTH,SUMMER CONTROL,,4,GREY219,Y,WFM ,,,,,,,,,,,,,,,
2022,August,8/4/2022,C,SGL103 NORTH,SUMMER CONTROL,,30,GREY220,Y,WFM ,,,,,,,,,,,,,,,
2022,August,8/4/2022,C,SGL103 NORTH,SUMMER CONTROL,,15,GREY221,Y,WFM ,,,,,,,,,,,,,,,
2022,August,8/4/2022,C,SGL103 NORTH,SPRING CONTROL,,17,GREY225,Y,WFM ,,,,,,,,,,,,,,,
2022,August,8/4/2022,C,SGL103 NORTH,SUMMER CONTROL,,7,GREY229,Y,WFM ,,,,,,,,,,,,,,,
2022,August,8/4/2022,C,SGL103 NORTH,SPRING CONTROL,,1,GREY234,Y,WFM ,,,,,,,,,,,,,,,
2022,August,8/4/2022,C,SGL103 NORTH,SPRING CONTROL,,12,GREY235,Y,WFM ,,,,,,,,,,,,,,,
2022,August,8/4/2022,C,SGL103 NORTH,SPRING CONTROL,,25,GREY238,Y,WFM ,,,,,,,,,,,,,,,
2022,August,8/4/2022,C,SGL103 NORTH,FALL CONTROL,,4,GREY242,Y,WFM ,,,,,,,,,,,,,,,
2022,August,8/4/2022,C,SGL103 NORTH,FALL CONTROL,,25,GREY246,Y,WFM ,,,,,,,,,,,,,,,
2022,August,8/4/2022,C,SGL103 NORTH,FALL CONTROL,,19,GREY249,Y,WFM ,,,,,,,,,,,,,,,
2022,August,8/4/2022,C,SGL103 NORTH,FALL CONTROL,,21,RED303,Y,WFM ,,,,,,,,,,,,,,,
2022,August,8/4/2022,C,SGL103 NORTH,FALL CONTROL,,8,RED325,Y,WFM ,,,,,,,,,,,,,,,
2022,August,8/4/2022,C,SGL103 NORTH,FALL CONTROL,,7,RED337,Y,WFM ,,,,,,,,,,,,,,,
2022,August,8/4/2022,C,SGL103 NORTH,FALL CONTROL,,6,RED499,N,WFM ,F,AD,30.5,10,20.5,1.5,,,,,,0,,,
2022,August,8/4/2022,C,SGL103 NORTH,SPRING CONTROL,,29,TEAL159,Y,WFM ,,,,,,,,,,,,,,,
2022,August,8/4/2022,C,SGL103 NORTH,SPRING CONTROL,,24,TEAL2,Y,WFM ,F,AD,33.5,9.5,24,1.5,,,,,,0,,,
2022,August,8/4/2022,C,SGL103 NORTH,SPRING CONTROL,,5,TEAL4,Y,WFM ,,,,,,,,,,,,,,,
2022,August,8/4/2022,C,SGL103 NORTH,SPRING CONTROL,,28,TEAL50,Y,WFM ,,,,,,,,,,,,,,,
2022,August,8/4/2022,C,SGL103 NORTH,SUMMER CONTROL,,3,TEAL63,Y,WFM ,,,,,,,,,,,,,,,
2022,August,8/8/2022,C,SGL103 NORTH,FALL CONTROL,,11,GREY157,Y,WFM ,,,,,,,,,,,,,,,
2022,August,8/8/2022,C,SGL103 NORTH,SUMMER CONTROL,,6,GREY158,Y,WFM ,,,,,,,,,,,,,,,
2022,August,8/8/2022,C,SGL103 NORTH,FALL CONTROL,,1,GREY175,Y,WFM ,,,,,,,,,,,,,,,
2022,August,8/8/2022,C,SGL103 NORTH,SUMMER CONTROL,,15,GREY177,Y,WFM ,,,,,,,,,,,,,,,
2022,August,8/8/2022,C,SGL103 NORTH,SPRING CONTROL,,30,GREY184,N,WFM ,,,,,,,,,,,,,,,
2022,August,8/8/2022,C,SGL103 NORTH,SPRING CONTROL,,21,GREY187,Y,WFM ,,,,,,,,,,,,,,,
2022,August,8/8/2022,C,SGL103 NORTH,SPRING CONTROL,,16,GREY188,Y,WFM ,,,,,,,,,,,,,,,
2022,August,8/8/2022,C,SGL103 NORTH,SPRING CONTROL,,14,GREY192,Y,WFM ,,,,,,,,,,,,,,,
2022,August,8/8/2022,C,SGL103 NORTH,SUMMER CONTROL,,25,GREY195,Y,WFM ,,,,,,,,,,,,,,,
2022,August,8/8/2022,C,SGL103 NORTH,SUMMER CONTROL,,18,GREY209,Y,WFM ,,,,,,,,,,,,,,,
2022,August,8/8/2022,C,SGL103 NORTH,SPRING CONTROL,,29,GREY212,Y,WFM ,,,,,,,,,,,,,,,
2022,August,8/8/2022,C,SGL103 NORTH,SUMMER CONTROL,,14,GREY213,Y,WFM ,,,,,,,,,,,,,,,
2022,August,8/8/2022,C,SGL103 NORTH,FALL CONTROL,,8,GREY215,Y,WFM ,,,,,,,,,,,,,,,
2022,August,8/8/2022,C,SGL103 NORTH,SUMMER CONTROL,,4,GREY219,Y,WFM ,,,,,,,,,,,,,,,
2022,August,8/8/2022,C,SGL103 NORTH,SUMMER CONTROL,,29,GREY220,Y,WFM ,,,,,,,,,,,,,,,
2022,August,8/8/2022,C,SGL103 NORTH,SPRING CONTROL,,2,GREY222,Y,WFM ,,,,,,,,,,,,,,,
2022,August,8/8/2022,C,SGL103 NORTH,SPRING CONTROL,,16,GREY225,Y,WFM ,,,,,,,,,,,,,,,
2022,August,8/8/2022,C,SGL103 NORTH,SUMMER CONTROL,,7,GREY229,Y,WFM ,,,,,,,,,,,,,,,
2022,August,8/8/2022,C,SGL103 NORTH,SUMMER CONTROL,,12,GREY233,Y,WFM ,,,,,,,,,,,,,,,
2022,August,8/8/2022,C,SGL103 NORTH,SPRING CONTROL,,1,GREY234,Y,WFM ,,,,,,,,,,,,,,,
2022,August,8/8/2022,C,SGL103 NORTH,SPRING CONTROL,,12,GREY235,Y,WFM ,,,,,,,,,,,,,,,
2022,August,8/8/2022,C,SGL103 NORTH,SUMMER CONTROL,,23,GREY242,Y,WFM ,,,,,,,,,,,,,,,
2022,August,8/8/2022,C,SGL103 NORTH,FALL CONTROL,,9,RED337,Y,WFM ,,,,,,,,,,,,,,,
2022,August,8/8/2022,C,SGL103 NORTH,SUMMER CONTROL,,3,RED353,N,WFM ,M,AD,32,9,23,1.4,,,,,,18,,,
2022,August,8/8/2022,C,SGL103 NORTH,SPRING CONTROL,,11,RED358,N,WFM ,M,AD,38,11,27,1.6,,,,,,6,,,
2022,August,8/8/2022,C,SGL103 NORTH,SPRING CONTROL,,15,RED374,N,WFM ,M,AD,38,10,28,1.5,,,,,,31,,,
2022,August,8/8/2022,C,SGL103 NORTH,SPRING CONTROL,,7,RED387,N,WFM ,M,AD,32,9,23,1.1,,,,,,4,,,
2022,August,8/8/2022,C,SGL103 NORTH,SPRING CONTROL,,3,RED395,N,WFM ,M,AD,29,9,20,1.4,,,,,,1,,,
2022,August,8/8/2022,C,SGL103 NORTH,SPRING CONTROL,,4,RED495,N,WFM ,F,AD,39,20,19,1.6,,,,,,0,,,
2022,August,8/8/2022,C,SGL103 NORTH,SUMMER CONTROL,,22,RED499,Y,WFM ,,,,,,,,,,,,,,,
2022,August,8/8/2022,C,SGL103 NORTH,SPRING CONTROL,,25,TEAL2,N,WFM ,,,,,,,,,,,,,,,
2022,August,8/8/2022,C,SGL103 NORTH,SPRING CONTROL,,5,TEAL4,Y,WFM ,,,,,,,,,,,,,,,
2022,August,8/8/2022,C,SGL103 NORTH,SPRING CONTROL,,23,TEAL50,Y,WFM ,,,,,,,,,,,,,,,
2022,August,8/8/2022,C,SGL103 NORTH,SUMMER CONTROL,,2,TEAL63,Y,WFM ,,,,,,,,,,,,,,,
2022,August,8/2/2022,C,SGL103 SOUTH,FALL CONTROL,,18,3231,Y,WFM ,F,AD,48,28,20,1.7,,,,,,12,,,
2022,August,8/2/2022,C,SGL103 SOUTH,SPRING CONTROL,,7,3237,Y,WFM ,F,AD,42,15,27,1.6,,,,,,4,,,
2022,August,8/2/2022,C,SGL103 SOUTH,FALL CONTROL,,22,3276,Y,WFM ,M,AD,45,17,28,1.4,,,,,,3,,,
2022,August,8/2/2022,C,SGL103 SOUTH,FALL CONTROL,,10,RED346,N,WFM ,F,AD,41,16,25,1.4,,,,,,0,,,
2022,August,8/2/2022,C,SGL103 SOUTH,SUMMER CONTROL,,2,RED360,N,WFM ,M,AD,37,15,22,1.4,,,,,,5,,,
2022,August,8/2/2022,C,SGL103 SOUTH,SUMMER CONTROL,,13,RED363,N,WFM ,F,AD,36,20,16,1.4,,,,,,0,,,
2022,August,8/2/2022,C,SGL103 SOUTH,SUMMER CONTROL,,14,RED375,N,WFM ,M,AD,45,16,29,1.5,,,,,,6,,,
2022,August,8/2/2022,C,SGL103 SOUTH,SUMMER CONTROL,,7,RED376,N,WFM ,F,AD,40,15,25,1.3,,,,,,6,,,
2022,August,8/2/2022,C,SGL103 SOUTH,SUMMER CONTROL,,1,RED382,N,WFM ,F,AD,45,19,26,1.3,,,,,,1,,,
2022,August,8/2/2022,C,SGL103 SOUTH,SPRING CONTROL,,5,RED388,N,WFM ,M,AD,42,17,25,1.2,,,,,,21,,,
2022,August,8/2/2022,C,SGL103 SOUTH,SUMMER CONTROL,,4,RED389,N,WFM ,F,AD,34,9.5,24.5,,,,,,,8,,,
2022,August,8/2/2022,C,SGL103 SOUTH,FALL CONTROL,,17,RED394,N,WFM ,M,AD,30,11,19,1.5,,,,,,6,,,
2022,August,8/2/2022,C,SGL103 SOUTH,SUMMER CONTROL,,20,RED415,N,WFM ,F,AD,35,10,25,1.5,,,,,,0,,,
2022,August,8/2/2022,C,SGL103 SOUTH,SUMMER CONTROL,,23,RED425,N,WFM ,F,AD,37,21,16,1.4,,,,,,10,,,
2022,August,8/2/2022,C,SGL103 SOUTH,FALL CONTROL,,29,RED428,N,WFM ,F,AD,43,20,23,1.3,,,,,,0,,,
2022,August,8/2/2022,C,SGL103 SOUTH,SUMMER CONTROL,,10,RED437,N,WFM ,F,AD,26,7.5,18.5,1.1,,,,,,0,,,
2022,August,8/2/2022,C,SGL103 SOUTH,SUMMER CONTROL,,9,RED440,N,WFM ,M,AD,30.5,12,18.5,1.2,,,,,,6,,,
2022,August,8/2/2022,C,SGL103 SOUTH,FALL CONTROL,,26,RED441,N,WFM ,M,AD,42,20,22,1.3,,,,,,7,,,
2022,August,8/2/2022,C,SGL103 SOUTH,SUMMER CONTROL,,5,RED442,N,WFM ,F,AD,38,15,23,1.1,,,,,,4,,,
2022,August,8/2/2022,C,SGL103 SOUTH,SPRING CONTROL,,21,RED462,N,WFM ,M,AD,37,19,18,1.9,,,,,,17,,,
2022,August,8/2/2022,C,SGL103 SOUTH,FALL CONTROL,,8,RED494,N,WFM ,M,AD,33,10.5,22.5,1.5,,,,,,0,,,
2022,August,8/2/2022,C,SGL103 SOUTH,SPRING CONTROL,,23,TEAL133,Y,WFM ,F,AD,43,10,33,1.4,,,,,,6,,,
2022,August,8/2/2022,C,SGL103 SOUTH,SUMMER CONTROL,,29,TEAL17,Y,WFM ,M,AD,38,15,23,1.0,,,,,,5,,,
2022,August,8/2/2022,C,SGL103 SOUTH,SUMMER CONTROL,,27,TEAL27,Y,WFM ,F,AD,34,14,20,1.4,,,,,,2,,,
2022,August,8/2/2022,C,SGL103 SOUTH,SPRING CONTROL,,2,TEAL31,Y,WFM ,M,AD,44,20,24,1.6,,,,,,11,,,
2022,August,8/2/2022,C,SGL103 SOUTH,SPRING CONTROL,,9,TEAL45,Y,WFM ,F,AD,48,16,32,1.6,,,,,,6,,,
2022,August,8/2/2022,C,SGL103 SOUTH,SUMMER CONTROL,,15,TEAL46,Y,WFM ,M,AD,40,14,26,1.5,,,,,,4,,,
2022,August,8/2/2022,C,SGL103 SOUTH,FALL CONTROL,,21,TEAL7 ,Y,WFM ,M,AD,42,12,30,1.9,,,,,,0,,,
2022,August,8/2/2022,C,SGL103 SOUTH,SPRING CONTROL,,20,TEAL74,Y,WFM ,F,AD,37.5,19,18.5,,,,,,,3,,,
2022,August,8/2/2022,C,SGL103 SOUTH,FALL CONTROL,,13,TEAL87,Y,WFM ,F,AD,49,25,24,1.5,,,,,,5,,,
2022,August,8/2/2022,C,SGL103 SOUTH,SPRING CONTROL,,14,TEAL88,Y,WFM ,M,AD,40,18,22,1.4,,,,,,4,,,
2022,August,8/3/2022,C,SGL103 SOUTH,FALL CONTROL,,17,3231,Y,WFM ,,,,,,,,,,,,,,,
2022,August,8/3/2022,C,SGL103 SOUTH,FALL CONTROL,,21,3276,Y,WFM ,,,,,,,,,,,,,,,
2022,August,8/3/2022,C,SGL103 SOUTH,SUMMER CONTROL,,24,GREY109,N,WFM ,M,AD,41,22,19,1.4,,,,,,1,,,
2022,August,8/3/2022,C,SGL103 SOUTH,FALL CONTROL,,13,GREY112,N,WFM ,F,AD,43,21,22,1.6,,,,,,3,,,
2022,August,8/3/2022,C,SGL103 SOUTH,SPRING CONTROL,,7,GREY132,N,WFM ,M,AD,35.5,13,22.5,1.4,,,,,,11,,,
2022,August,8/3/2022,C,SGL103 SOUTH,FALL CONTROL,,5,GREY135,N,WFM ,M,AD,33,15,18,1.2,,,,,,24,,,
2022,August,8/3/2022,C,SGL103 SOUTH,SPRING CONTROL,,28,GREY150,N,WFM ,F,AD,28,9,19,1.3,,,,,,0,,,
2022,August,8/3/2022,C,SGL103 SOUTH,SPRING CONTROL,,23,GREY252,N,WFM ,M,AD,37,19,18,1.4,,,,,,19,,,
2022,August,8/3/2022,C,SGL103 SOUTH,FALL CONTROL,,10,GREY282,N,WFM ,M,AD,40,20,20,1.4,,,,,,0,,,
2022,August,8/3/2022,C,SGL103 SOUTH,SPRING CONTROL,,29,GREY288,N,WFM ,F,AD,43,20,23,1.4,,,,,,2,,,
2022,August,8/3/2022,C,SGL103 SOUTH,SPRING CONTROL,,14,GREY292,N,WFM ,M,AD,39,15,24,1.4,,,,,,7,,,
2022,August,8/3/2022,C,SGL103 SOUTH,FALL CONTROL,,8,RED306,N,WFM ,,,,,,,,,,,,,,,
2022,August,8/3/2022,C,SGL103 SOUTH,SUMMER CONTROL,,3,RED360,Y,WFM ,,,,,,,,,,,,,,,
2022,August,8/3/2022,C,SGL103 SOUTH,SUMMER CONTROL,,18,RED363,Y,WFM ,,,,,,,,,,,,,,,
2022,August,8/3/2022,C,SGL103 SOUTH,FALL CONTROL,,19,RED394,Y,WFM ,,,,,,,,,,,,,,,
2022,August,8/3/2022,C,SGL103 SOUTH,SUMMER CONTROL,,20,RED425,Y,WFM ,,,,,,,,,,,,,,,
2022,August,8/3/2022,C,SGL103 SOUTH,FALL CONTROL,,29,RED428,Y,WFM ,,,,,,,,,,,,,,,
2022,August,8/3/2022,C,SGL103 SOUTH,FALL CONTROL,,26,RED441,Y,WFM ,,,,,,,,,,,,,,,
2022,August,8/3/2022,C,SGL103 SOUTH,SUMMER CONTROL,,6,RED442,Y,WFM ,,,,,,,,,,,,,,,
2022,August,8/3/2022,C,SGL103 SOUTH,SPRING CONTROL,,19,RED462,Y,WFM ,,,,,,,,,,,,,,,
2022,August,8/3/2022,C,SGL103 SOUTH,FALL CONTROL,,7,RED494,Y,WFM ,,,,,,,,,,,,,,,
2022,August,8/3/2022,C,SGL103 SOUTH,SPRING CONTROL,,22,TEAL133,Y,WFM ,,,,,,,,,,,,,,,
2022,August,8/3/2022,C,SGL103 SOUTH,SUMMER CONTROL,,5,TEAL135,Y,WFM ,F,AD,35,10,25,1.4,,,,,,9,,,
2022,August,8/3/2022,C,SGL103 SOUTH,SPRING CONTROL,,24,TEAL164,Y,WFM ,M,AD,46.5,12.5,34,1.6,,,,,,4,,,
2022,August,8/3/2022,C,SGL103 SOUTH,SPRING CONTROL,,24,TEAL164,Y,WFM ,,,,,,,,,,,,,,,
2022,August,8/3/2022,C,SGL103 SOUTH,SUMMER CONTROL,,28,TEAL17,Y,WFM ,,,,,,,,,,,,,,,
2022,August,8/3/2022,C,SGL103 SOUTH,SPRING CONTROL,,13,TEAL196,Y,WFM ,M,AD,37.5,12,25.5,1.6,,,,,,9,,,
2022,August,8/3/2022,C,SGL103 SOUTH,SUMMER CONTROL,,27,TEAL27,Y,WFM ,,,,,,,,,,,,,,,
2022,August,8/3/2022,C,SGL103 SOUTH,SPRING CONTROL,,5,TEAL31,Y,WFM ,,,,,,,,,,,,,,,
2022,August,8/3/2022,C,SGL103 SOUTH,FALL CONTROL,,23,TEAL7 ,Y,WFM ,,,,,,,,,,,,,,,
2022,August,8/3/2022,C,SGL103 SOUTH,SPRING CONTROL,,18,TEAL74,Y,WFM ,,,,,,,,,,,,,,,
2022,August,8/3/2022,C,SGL103 SOUTH,SPRING CONTROL,,16,TEAL88,Y,WFM ,,,,,,,,,,,,,,,
2022,August,8/4/2022,C,SGL103 SOUTH,FALL CONTROL,,14,3231,Y,WFM ,,,,,,,,,,,,,,,
2022,August,8/4/2022,C,SGL103 SOUTH,FALL CONTROL,,20,3276,Y,WFM ,,,,,,,,,,,,,,,
2022,August,8/4/2022,C,SGL103 SOUTH,SUMMER CONTROL,,19,GREY109,Y,WFM ,,,,,,,,,,,,,,,
2022,August,8/4/2022,C,SGL103 SOUTH,FALL CONTROL,,13,GREY112,Y,WFM ,,,,,,,,,,,,,,,
2022,August,8/4/2022,C,SGL103 SOUTH,SUMMER CONTROL,,14,GREY131,N,WFM ,F,JUV,34.5,22,12.5,1.5,,,,,,11,,,
2022,August,8/4/2022,C,SGL103 SOUTH,SUMMER CONTROL,,11,GREY143,N,WFM ,F,AD,52.5,32.5,20,1.8,,,,,,4,,,
2022,August,8/4/2022,C,SGL103 SOUTH,FALL CONTROL,,9,RED346,Y,WFM ,,,,,,,,,,,,,,,
2022,August,8/4/2022,C,SGL103 SOUTH,SUMMER CONTROL,,3,RED360,Y,WFM ,,,,,,,,,,,,,,,
2022,August,8/4/2022,C,SGL103 SOUTH,SUMMER CONTROL,,18,RED375,Y,WFM ,,,,,,,,,,,,,,,
2022,August,8/4/2022,C,SGL103 SOUTH,SUMMER CONTROL,,7,RED389,Y,WFM ,,,,,,,,,,,,,,,
2022,August,8/4/2022,C,SGL103 SOUTH,FALL CONTROL,,18,RED394,Y,WFM ,,,,,,,,,,,,,,,
2022,August,8/4/2022,C,SGL103 SOUTH,SUMMER CONTROL,,21,RED425,Y,WFM ,,,,,,,,,,,,,,,
2022,August,8/4/2022,C,SGL103 SOUTH,FALL CONTROL,,29,RED428,Y,WFM ,,,,,,,,,,,,,,,
2022,August,8/4/2022,C,SGL103 SOUTH,SPRING CONTROL,,15,RED462,Y,WFM ,,,,,,,,,,,,,,,
2022,August,8/4/2022,C,SGL103 SOUTH,FALL CONTROL,,7,RED494,Y,WFM ,,,,,,,,,,,,,,,
2022,August,8/4/2022,C,SGL103 SOUTH,SPRING CONTROL,,5,TEAL121,Y,WFM ,,,,,,,,,,,,,,,
2022,August,8/4/2022,C,SGL103 SOUTH,SUMMER CONTROL,,26,TEAL27,Y,WFM ,,,,,,,,,,,,,,,
2022,August,8/4/2022,C,SGL103 SOUTH,FALL CONTROL,,19,TEAL36,Y,WFM ,M,AD,45,20,25,1.4,,,,,,0,,,
2022,August,8/4/2022,C,SGL103 SOUTH,SPRING CONTROL,,9,TEAL45,Y,WFM ,,,,,,,,,,,,,,,
2022,August,8/4/2022,C,SGL103 SOUTH,SUMMER CONTROL,,12,TEAL46,Y,WFM ,,,,,,,,,,,,,,,
2022,August,8/4/2022,C,SGL103 SOUTH,FALL CONTROL,,26,TEAL7,Y,WFM ,,,,,,,,,,,,,,,
2022,August,8/4/2022,C,SGL103 SOUTH,FALL CONTROL,,12,TEAL87,Y,WFM ,,,,,,,,,,,,,,,
2022,August,8/8/2022,C,SGL103 SOUTH,FALL CONTROL,,13,GREY112,Y,WFM ,,,,,,,,,,,,,,,
2022,August,8/8/2022,C,SGL103 SOUTH,FALL CONTROL,,23,GREY128,N,WFM ,M,JUV,22,11,11,1.2,,,,,,8,,,
2022,August,8/8/2022,C,SGL103 SOUTH,SPRING CONTROL,,8,GREY262,N,WFM ,M,AD,45,20.5,24.5,1.4,,,,,,8,,,
2022,August,8/8/2022,C,SGL103 SOUTH,SUMMER CONTROL,,5,GREY266,N,WFM ,M,AD,44,28,16,1.2,,,,,,3,,,
2022,August,8/8/2022,C,SGL103 SOUTH,SPRING CONTROL,,7,GREY278,N,WFM ,F,JUV,30,16.5,13.5,1.6,,,,,,1,,,
2022,August,8/8/2022,C,SGL103 SOUTH,SPRING CONTROL,,18,GREY279,N,WFM ,F,AD,31,13,18,1.4,,,,,,9,,,
2022,August,8/8/2022,C,SGL103 SOUTH,SUMMER CONTROL,,3,RED360,Y,WFM ,,,,,,,,,,,,,,,
2022,August,8/8/2022,C,SGL103 SOUTH,SUMMER CONTROL,,7,RED389,Y,WFM ,,,,,,,,,,,,,,,
2022,August,8/8/2022,C,SGL103 SOUTH,SUMMER CONTROL,,8,RED437,Y,WFM ,,,,,,,,,,,,,,,
2022,August,8/8/2022,C,SGL103 SOUTH,SUMMER CONTROL,,11,RED440,Y,WFM ,,,,,,,,,,,,,,,
2022,August,8/8/2022,C,SGL103 SOUTH,FALL CONTROL,,27,RED441,Y,WFM ,,,,,,,,,,,,,,,
2022,August,8/8/2022,C,SGL103 SOUTH,SUMMER CONTROL,,17,TEAL17,Y,WFM ,,,,,,,,,,,,,,,
2022,August,8/8/2022,C,SGL103 SOUTH,SPRING CONTROL,,5,TEAL31,Y,WFM ,,,,,,,,,,,,,,,
2022,August,8/8/2022,C,SGL103 SOUTH,FALL CONTROL,,29,TEAL36,Y,WFM ,,,,,,,,,,,,,,,
2022,August,8/8/2022,C,SGL103 SOUTH,SUMMER CONTROL,,14,TEAL46,Y,WFM ,,,,,,,,,,,,,,,
2022,August,8/8/2022,C,SGL103 SOUTH,SPRING CONTROL,,9,TEAL60,Y,WFM ,M,AD,35,11,24,1.3,,,,,,6,,,
2022,August,8/8/2022,C,SGL103 SOUTH,FALL CONTROL,,9,TEAL87,Y,WFM ,,,,,,,,,,,,,,,
2022,July,7/19/2022,C,SGL176,SPRING CONTROL,,28,GREEN1,Y,WFM ,M,AD,73,43,30,1.5,,,,,,2,,,
2022,July,7/19/2022,C,SGL176,SPRING CONTROL,,30,NONE,N,WFM ,,,,,,,,,,,,,,,
2022,July,7/19/2022,C,SGL176,SUMMER CONTROL,,20,RED105,Y,WFM ,M,AD,32,14,18,1.4,,,,,,2,,,
2022,July,7/19/2022,C,SGL176,SUMMER CONTROL,,26,RED28,Y,WFM ,F,AD,30,12,18,1.7,,,,,,0,,,
2022,July,7/19/2022,C,SGL176,SUMMER CONTROL,,5,RED305,N,WFM ,M,AD,39,10,29,1.5,,,,,,6,,,
2022,July,7/19/2022,C,SGL176,SUMMER CONTROL,,3,RED310,N,WFM ,M,AD,39,22,17,1.4,,,,,,0,,,
2022,July,7/19/2022,C,SGL176,SPRING CONTROL,,12,RED317,N,WFM ,F,AD,30,15,15,1.7,,,,,,0,,,
2022,July,7/19/2022,C,SGL176,SPRING CONTROL,,1,RED328,N,WFM ,M,AD,32,10,22,1.0,,,,,,0,,,
2022,July,7/19/2022,C,SGL176,FALL CONTROL,,23,RED330,N,WFM ,F,AD,35.5,20,15.5,1.5,,,,,,0,,,
2022,July,7/19/2022,C,SGL176,FALL CONTROL,,28,RED334,N,WFM ,M,AD,29,10,19,1.5,,,,,,0,,,
2022,July,7/19/2022,C,SGL176,SPRING CONTROL,,14,RED340,N,WFM ,M,AD,35,15,20,1.6,,,,,,0,,,
2022,July,7/19/2022,C,SGL176,FALL CONTROL,,7,RED343,N,WFM ,F,AD,31,10,21,1.5,,,,,,2,,,
2022,July,7/19/2022,C,SGL176,SUMMER CONTROL,,13,RED344,N,WFM ,F,AD,38.5,10,28.5,1.0,,,,,,0,,,
2022,July,7/19/2022,C,SGL176,SPRING CONTROL,,8,RED345,N,WFM ,F,AD,28,10,18,1.1,,,,,,0,,,
2022,July,7/19/2022,C,SGL176,FALL CONTROL,,29,RED346,N,WFM ,M,AD,26,9.5,16.5,1.2,,,,,,0,,,
2022,July,7/19/2022,C,SGL176,SUMMER CONTROL,,15,RED64,Y,WFM ,M,AD,38,12,26,1.5,,,,,,0,,,
2022,July,7/20/2022,C,SGL176,SUMMER CONTROL,,22,RED105,Y,WFM ,,,,,,,,,,,,,,,
2022,July,7/20/2022,C,SGL176,SPRING CONTROL,,28,RED309,N,WFM ,F,JUV,22,11,11,1.3,,,,,,0,,,
2022,July,7/20/2022,C,SGL176,SUMMER CONTROL,,12,RED310,Y,WFM ,,,,,,,,,,,,,,,
2022,July,7/20/2022,C,SGL176,SPRING CONTROL,,3,RED311,N,WFM ,M,AD,39,12,27,1.5,,,,,,0,,,
2022,July,7/20/2022,C,SGL176,SPRING CONTROL,,11,RED312,N,WFM ,M,AD,30,11,19,1.3,,,,,,3,,,
2022,July,7/20/2022,C,SGL176,FALL CONTROL,,10,RED319,N,WFM ,M,AD,30,11,19,1.5,,,,,,0,,,
2022,July,7/20/2022,C,SGL176,SUMMER CONTROL,,11,RED321,N,WFM ,F,AD,37,15,22,1.5,,,,,,10,,,
2022,July,7/20/2022,C,SGL176,SUMMER CONTROL,,1,RED324,N,WFM ,M,AD,26,10,16,1.4,,,,,,5,,,
2022,July,7/20/2022,C,SGL176,SPRING CONTROL,,1,RED328,Y,WFM ,,,,,,,,,,,,,,,
2022,July,7/20/2022,C,SGL176,SPRING CONTROL,,12,RED332,N,WFM ,M,AD,31,10,21,1.4,,,,,,4,,,
2022,July,7/20/2022,C,SGL176,SUMMER CONTROL,,30,RED336,N,WFM ,M,AD,41,22.5,18.5,1.4,,,,,,5,,,
2022,July,7/20/2022,C,SGL176,SUMMER CONTROL,,19,RED64,Y,WFM ,,,,,,,,,,,,,,,
2022,July,7/20/2022,C,SGL176,SUMMER CONTROL,,29,RED82,Y,WFM ,F,AD,28,10,18,1.4,,,,,,2,,,
2022,July,7/21/2022,C,SGL176,SUMMER CONTROL,,9,RED310,Y,WFM ,,,,,,,,,,,,,,,
2022,July,7/21/2022,C,SGL176,SPRING CONTROL,,2,RED328,Y,WFM ,,,,,,,,,,,,,,,
2022,July,7/21/2022,C,SGL176,SUMMER CONTROL,,30,RED82,Y,WFM ,,,,,,,,,,,,,,,
2022,July,7/22/2022,C,SGL176,SUMMER CONTROL,,29,RED82,Y,WFM ,,,,,,,,,,,,,,,
2022,July,7/19/2022,C,SGL33,SPRING CONTROL,,9,GREEN54,Y,WFM ,M,AD,45,25,20,1.5,,,,,,4,,,
2022,July,7/19/2022,C,SGL33,SPRING CONTROL,,30,GREEN56,Y,WFM ,M,AD,31,9,22,1.2,,,,,,3,,,
2022,July,7/19/2022,C,SGL33,SPRING CONTROL,,22,GREEN58,Y,WFM ,M,AD,36,16,20,1.4,,,,,,3,,,
2022,July,7/19/2022,C,SGL33,SPRING CONTROL,,5,GREEN65,Y,WFM ,M,AD,48,37,11,1.2,,,,,,7,,,
2022,July,7/19/2022,C,SGL33,SUMMER CONTROL,,25,GREEN69,Y,WFM ,M,AD,32,15,17,1.3,,,,,,0,,,
2022,July,7/19/2022,C,SGL33,SUMMER CONTROL,,12,GREEN72,Y,WFM ,F,AD,40,18,22,1.4,,,,,,0,,,
2022,July,7/19/2022,C,SGL33,SUMMER CONTROL,,19,GREEN76,Y,WFM ,M,AD,44,22,22,1.6,,,,,,2,1,,
2022,July,7/19/2022,C,SGL33,SUMMER CONTROL,,9,GREEN8,Y,WFM ,M,AD,45,21,24,1.3,,,,,,2,,,
2022,July,7/19/2022,C,SGL33,SPRING CONTROL,,15,GREEN82,Y,WFM ,M,AD,50,30,20,,,,,,,0,,,
2022,July,7/19/2022,C,SGL33,SUMMER CONTROL,,2,GREEN86,Y,WFM ,M,AD,38,17,21,1.5,,,,,,0,,,
2022,July,7/19/2022,C,SGL33,SUMMER CONTROL,,20,GREEN87,Y,WFM ,F,AD,28,9,19,1.4,,,,,,0,,,
2022,July,7/19/2022,C,SGL33,SPRING CONTROL,,8,GREEN90,Y,WFM ,F,AD,29,8,21,1.2,,,,,,1,,,
2022,July,7/19/2022,C,SGL33,FALL CONTROL,,8,GREEN91,Y,WFM ,M,AD,34,9,25,1.5,,,,,,0,,,
2022,July,7/19/2022,C,SGL33,FALL CONTROL,,21,RED13,Y,WFM ,F,AD,40,23,17,,,,,,,0,,,
2022,July,7/19/2022,C,SGL33,FALL CONTROL,,22,RED23,Y,WFM ,M,AD,43,17,26,1.3,,,,,,1,,,
2022,July,7/19/2022,C,SGL33,SPRING CONTROL,,24,RED354,N,WFM ,M,AD,35,17,18,1.3,,,,,,1,,,
2022,July,7/19/2022,C,SGL33,SPRING CONTROL,,1,RED365,N,WFM ,F,AD,44,18,26,1.6,,,,,,1,,,
2022,July,7/19/2022,C,SGL33,SPRING CONTROL,,29,RED378,N,WFM ,M,AD,47,27,20,1.1,,,,,,1,,,
2022,July,7/19/2022,C,SGL33,SUMMER CONTROL,,23,RED407,N,WFM ,F,JUV,37,21,16,1.4,,,,,,2,,,
2022,July,7/19/2022,C,SGL33,FALL CONTROL,,26,RED427,N,WFM ,M,AD,45,26,19,1.4,,,,,,0,,,
2022,July,7/19/2022,C,SGL33,SUMMER CONTROL,,4,RED429,N,WFM ,M,AD,40,20,20,1.3,,,,,,0,,,
2022,July,7/19/2022,C,SGL33,SPRING CONTROL,,25,RED433,N,WFM ,M,AD,40,19,21,1.5,,,,,,2,,,
2022,July,7/19/2022,C,SGL33,SUMMER CONTROL,,11,RED436,N,WFM ,F,JUV,38,21,17,1.5,,,,,,0,,,
2022,July,7/19/2022,C,SGL33,SUMMER CONTROL,,26,RED443,N,WFM ,F,AD,42,25,17,1.4,,,,,,1,,,
2022,July,7/19/2022,C,SGL33,SPRING CONTROL,,14,RED451,N,WFM ,F,AD,35,15,20,1.4,,,,,,2,,,
2022,July,7/19/2022,C,SGL33,SUMMER CONTROL,,1,RED457,N,WFM ,F,AD,41,24,17,1.7,,,,,,6,1,,
2022,July,7/19/2022,C,SGL33,SPRING CONTROL,,27,RED468,N,WFM ,M,AD,32,8,24,1.6,,,,,,6,,,
2022,July,7/19/2022,C,SGL33,SUMMER CONTROL,,15,RED470,N,WFM ,F,AD,31,15,16,1.3,,,,,,0,1,,
2022,July,7/19/2022,C,SGL33,FALL CONTROL,,13,RED473,N,WFM ,F,AD,35,17,18,1.3,,,,,,0,,,
2022,July,7/19/2022,C,SGL33,FALL CONTROL,,12,RED500,N,WFM ,F,AD,27,15,12,1.6,,,,,,0,,,
2022,July,7/20/2022,C,SGL33,SPRING CONTROL,,12,GREEN54,Y,WFM ,,,,,,,,,,,,,,,
2022,July,7/20/2022,C,SGL33,SPRING CONTROL,,30,GREEN56,Y,WFM ,,,,,,,,,,,,,,,
2022,July,7/20/2022,C,SGL33,SPRING CONTROL,,7,GREEN70,Y,WFM ,M,AD,43,15,28,1.5,,,,,,4,,,
2022,July,7/20/2022,C,SGL33,SPRING CONTROL,,14,GREEN82,Y,WFM ,,,,,,,,,,,,,,,
2022,July,7/20/2022,C,SGL33,SPRING CONTROL,,5,GREEN90,Y,WFM ,,,,,,,,,,,,,,,
2022,July,7/20/2022,C,SGL33,FALL CONTROL,,13,RED30,Y,WFM ,F,AD,28,9,19,1.3,,,,,,1,,,
2022,July,7/20/2022,C,SGL33,SPRING CONTROL,,13,RED385,N,WFM ,M,JUV,43,25,18,1.5,,,,,,3,,,
2022,July,7/20/2022,C,SGL33,SPRING CONTROL,,29,RED416,N,WFM ,M,AD,42,18,24,1.4,,,,,,0,,,
2022,July,7/20/2022,C,SGL33,SPRING CONTROL,,20,RED421,N,WFM ,F,AD,51,24,27,1.4,,,,,,0,,,
2022,July,7/20/2022,C,SGL33,SPRING CONTROL,,18,RED447,N,WFM ,M,AD,45,22,23,1.8,,,,,,2,,,
2022,July,7/20/2022,C,SGL33,SPRING CONTROL,,11,RED451,Y,WFM ,,,,,,,,,,,,,,,
2022,July,7/20/2022,C,SGL33,SPRING CONTROL,,27,RED468,Y,WFM ,,,,,,,,,,,,,,,
2022,July,7/20/2022,C,SGL33,FALL CONTROL,,15,RED473,Y,WFM ,,,,,,,,,,,,,,,
2022,July,7/21/2022,C,SGL33,SPRING CONTROL,,14,GREEN54,Y,WFM ,,,,,,,,,,,,,,,
2022,July,7/21/2022,C,SGL33,SUMMER CONTROL,,16,GREEN76,Y,WFM ,,,,,,,,,,,,,,,
2022,July,7/21/2022,C,SGL33,SPRING CONTROL,,13,GREEN82,Y,WFM ,,,,,,,,,,,,,,,
2022,July,7/21/2022,C,SGL33,SUMMER CONTROL,,5,GREEN86,Y,WFM ,,,,,,,,,,,,,,,
2022,July,7/21/2022,C,SGL33,SUMMER CONTROL,,19,GREEN87,Y,WFM ,,,,,,,,,,,,,,,
2022,July,7/21/2022,C,SGL33,SPRING CONTROL,,3,GREEN90,Y,WFM ,,,,,,,,,,,,,,,
2022,July,7/21/2022,C,SGL33,SPRING CONTROL,,26,RED19,Y,WFM ,M,AD,40,20.5,19.5,,,,,,,0,,,
2022,July,7/21/2022,C,SGL33,FALL CONTROL,,17,RED23,Y,WFM ,,,,,,,,,,,,,,,
2022,July,7/21/2022,C,SGL33,SUMMER CONTROL,,24,RED370,N,WFM ,M,AD,38.5,16,22.5,1.5,,,,,,2,,,
2022,July,7/21/2022,C,SGL33,SPRING CONTROL,,25,RED380,N,WFM ,F,AD,33.5,13.5,20,1.4,,,,,,0,,,
2022,July,7/21/2022,C,SGL33,SPRING CONTROL,,16,RED385,Y,WFM ,,,,,,,,,,,,,,,
2022,July,7/21/2022,C,SGL33,FALL CONTROL,,5,RED397,N,WFM ,M,JUV,42.5,25.5,17,1.3,,,,,,3,,,
2022,July,7/21/2022,C,SGL33,SPRING CONTROL,,2,RED408,N,WFM ,F,AD,36,21,15,1.2,,,,,,3,,,
2022,July,7/21/2022,C,SGL33,FALL CONTROL,,22,RED427,Y,WFM ,,,,,,,,,,,,,,,
2022,July,7/21/2022,C,SGL33,SUMMER CONTROL,,4,RED429,Y,WFM ,,,,,,,,,,,,,,,
2022,July,7/21/2022,C,SGL33,SUMMER CONTROL,,9,RED436,Y,WFM ,,,,,,,,,,,,,,,
2022,July,7/21/2022,C,SGL33,SUMMER CONTROL,,27,RED443,Y,WFM ,,,,,,,,,,,,,,,
2022,July,7/21/2022,C,SGL33,SPRING CONTROL,,17,RED451,Y,WFM ,,,,,,,,,,,,,,,
2022,July,7/21/2022,C,SGL33,SPRING CONTROL,,27,RED468,Y,WFM ,,,,,,,,,,,,,,,
2022,July,7/21/2022,C,SGL33,SPRING CONTROL,,11,RED469,N,WFM ,F,AD,35,18,17,1.5,,,,,,3,,,
2022,July,7/21/2022,C,SGL33,SUMMER CONTROL,,18,RED470,Y,WFM ,,,,,,,,,,,,,,,
2022,July,7/21/2022,C,SGL33,SPRING CONTROL,,15,RED482,N,WFM ,M,AD,46,19,27,1.4,,,,,,2,,,
2022,July,7/22/2022,C,SGL33,SPRING CONTROL,,5,GREEN90,Y,WFM ,,,,,,,,,,,,,,,
2022,July,7/22/2022,C,SGL33,SPRING CONTROL,,13,RED188,Y,WFM ,F,AD,31,10.5,20.5,1.4,,,,,,0,,,
2022,July,7/22/2022,C,SGL33,FALL CONTROL,,13,RED188,Y,WFM ,,,,,,,,,,,,,,,
2022,July,7/22/2022,C,SGL33,SPRING CONTROL,,30,RED328,Y,WFM ,,,,,,,,,,,,,,,
2022,July,7/22/2022,C,SGL33,SPRING CONTROL,,21,RED354,Y,WFM ,,,,,,,,,,,,,,,
2022,July,7/22/2022,C,SGL33,SPRING CONTROL,,28,RED390,N,WFM ,F,AD,27,9,18,1.3,,,,,,0,,,
2022,July,7/22/2022,C,SGL33,FALL CONTROL,,27,RED402,N,WFM ,,,,,,,,,,,,,,,
2022,July,7/22/2022,C,SGL33,SPRING CONTROL,,2,RED408,Y,WFM ,,,,,,,,,,,,,,,
2022,July,7/22/2022,C,SGL33,SUMMER CONTROL,,8,RED409,N,WFM ,M,AD,40,22,18,1.3,,,,,,0,1,,
2022,July,7/22/2022,C,SGL33,SUMMER CONTROL,,27,RED417,N,WFM ,M,AD,35,11,24,1.3,,,,,,1,,,
2022,July,7/22/2022,C,SGL33,SUMMER CONTROL,,2,RED419,N,WFM ,M,AD,34,16,18,1.5,,,,,,1,1,,
2022,July,7/22/2022,C,SGL33,SPRING CONTROL,,18,RED421,Y,WFM ,,,,,,,,,,,,,,,
2022,July,7/22/2022,C,SGL33,SUMMER CONTROL,,4,RED426,N,WFM ,M,AD,31,11,20,1.4,,,,,,0,,,
2022,July,7/22/2022,C,SGL33,SPRING CONTROL,,23,RED433,Y,WFM ,,,,,,,,,,,,,,,
2022,July,7/22/2022,C,SGL33,SUMMER CONTROL,,7,RED448,N,WFM ,M,AD,41,25,16,1.6,,,,,,0,,,
2022,July,7/22/2022,C,SGL33,SPRING CONTROL,,12,RED451,Y,WFM ,,,,,,,,,,,,,,,
2022,July,7/22/2022,C,SGL33,SPRING CONTROL,,27,RED458,N,WFM ,,,,,,,,,,,,,,,
2022,July,7/22/2022,C,SGL33,SPRING CONTROL,,10,RED469,Y,WFM ,,,,,,,,,,,,,,,
2022,July,7/22/2022,C,SGL33,FALL CONTROL,,26,RED498,N,WFM ,M,AD,43,22,21,1.5,,,,,,5,,,
2022,June,6/1/2022,C,SGL176,SUMMER CONTROL,,17,RED102,N,WFM ,F,AD,32,9,23,1.4,,,,,,0,,,
2022,June,6/1/2022,C,SGL176,SUMMER CONTROL,,15,RED105,N,WFM ,M,JUV,25,12,13,1.3,,,,,,12,,,
2022,June,6/1/2022,C,SGL176,SUMMER CONTROL,,20,RED107,N,WFM ,M,AD,31,10,21,1.3,,,,,,8,,,
2022,June,6/1/2022,C,SGL176,SUMMER CONTROL,,3,RED117,N,WFM ,M,AD,32,10,22,1.4,,,,,,7,,,
2022,June,6/1/2022,C,SGL176,SUMMER CONTROL,,10,RED140,N,WFM ,F,JUV,37,17,20,1.2,,,,,,24,,,
2022,June,6/1/2022,C,SGL176,SUMMER CONTROL,,27,RED354,Y,WFM ,F,AD,37.5,12.5,25,1.2,,,,,,8,,,
2022,June,6/1/2022,C,SGL176,SPRING CONTROL,,7,RED66,N,WFM ,M,JUV,25,8,17,1.3,,,,,,13,,,
2022,June,6/1/2022,C,SGL176,SUMMER CONTROL,,28,RED90,N,WFM ,F,AD,34,10,24,1.4,,,,,,3,,,
2022,June,6/3/2022,C,SGL176,SUMMER CONTROL,,13,RED102,Y,WFM ,,,,,,,,,,,,,,,
2022,June,6/3/2022,C,SGL176,SUMMER CONTROL,,10,RED104,N,WFM ,,,,,,,,,,,,,,,
2022,June,6/3/2022,C,SGL176,SUMMER CONTROL,,20,RED105,Y,WFM ,,,,,,,,,,,,,,,
2022,June,6/3/2022,C,SGL176,SUMMER CONTROL,,4,RED117,Y,WFM ,,,,,,,,,,,,,,,
2022,June,6/3/2022,C,SGL176,SUMMER CONTROL,,11,RED138,N,WFM ,M,AD,34,10,24,1.4,,,,,,12,,,
2022,June,6/3/2022,C,SGL176,SUMMER CONTROL,,6,RED141,N,WFM ,F,JUV,39,24,15,1.4,,,,,,15,,,
2022,June,6/3/2022,C,SGL176,SUMMER CONTROL,,14,RED64,N,WFM ,M,JUV,30.5,13,17.5,1.4,,,,,,7,,,
2022,June,6/3/2022,C,SGL176,SUMMER CONTROL,,24,RED82,N,WFM ,F,JUV,27,11,16,1.4,,,,,,0,,,
2022,June,6/6/2022,C,SGL176,FALL CONTROL,,19,GREEN35,Y,WFM ,,,,,,,,,,,,,,,
2022,June,6/6/2022,C,SGL176,SUMMER CONTROL,,20,RED105,Y,WFM ,,,,,,,,,,,,,,,
2022,June,6/6/2022,C,SGL176,SUMMER CONTROL,,26,RED107,Y,WFM ,,,,,,,,,,,,,,,
2022,June,6/6/2022,C,SGL176,SUMMER CONTROL,,12,RED110,N,WFM ,M,JUV,31,18,13,1.2,,,,,,9,,,
2022,June,6/6/2022,C,SGL176,SUMMER CONTROL,,14,RED111,N,WFM ,M,JUV,24,10,14,1.3,,,,,,7,,,
2022,June,6/6/2022,C,SGL176,SUMMER CONTROL,,10,RED140,Y,WFM ,,,,,,,,,,,,,,,
2022,June,6/6/2022,C,SGL176,SUMMER CONTROL,,5,RED141,Y,WFM ,,,,,,,,,,,,,,,
2022,June,6/6/2022,C,SGL176,SUMMER CONTROL,,2,RED52,N,WFM ,F,AD,37,10,27,1.3,,,,,,6,,,
2022,June,6/6/2022,C,SGL176,SUMMER CONTROL,,16,RED64,Y,WFM ,,,,,,,,,,,,,,,
2022,June,6/6/2022,C,SGL176,SUMMER CONTROL,,3,RED85,N,WFM ,M,AD,26,10,16,1.4,,,,,,15,,,
2022,June,6/6/2022,C,SGL176,FALL CONTROL,,29,RED87,N,WFM ,M,AD,26,9,17,1.4,,,,,,2,,,
2022,June,6/6/2022,C,SGL176,SUMMER CONTROL,,26,RED90,Y,WFM ,,,,,,,,,,,,,,,
2022,June,6/1/2022,C,SGL33,SPRING CONTROL,,10,GREEN54,Y,WFM ,,,,,,,,,,,,,,,
2022,June,6/1/2022,C,SGL33,SUMMER CONTROL,,18,GREEN69,N,WFM ,M,AD,29,8,21,,,,,,,10,,,
2022,June,6/1/2022,C,SGL33,SPRING CONTROL,,3,GREEN70,Y,WFM ,,,,,,,,,,,,,,,
2022,June,6/1/2022,C,SGL33,SUMMER CONTROL,,10,GREEN72,N,WFM ,F,AD,50,28,22,1.5,,,,,,1,,,
2022,June,6/1/2022,C,SGL33,SPRING CONTROL,,22,GREEN74,Y,WFM ,,,,,,,,,,,,,,,
2022,June,6/1/2022,C,SGL33,SUMMER CONTROL,,14,GREEN76,N,WFM ,M,AD,37,8,29,1.5,,,,,,19,,,
2022,June,6/1/2022,C,SGL33,FALL CONTROL,,21,GREEN79,N,WFM ,M,JUV,33,20,13,1.1,,,,,,6,,,
2022,June,6/1/2022,C,SGL33,SPRING CONTROL,,15,GREEN82,N,WFM ,M,AD,35,15,20,1.5,,,,,,7,,,
2022,June,6/1/2022,C,SGL33,SPRING CONTROL,,14,GREEN83,Y,WFM ,,,,,,,,,,,,,,,
2022,June,6/1/2022,C,SGL33,SPRING CONTROL,,30,GREEN84,Y,WFM ,,,,,,,,,,,,,,,
2022,June,6/1/2022,C,SGL33,SUMMER CONTROL,,3,GREEN86,N,WFM ,M,AD,25,8,17,1.5,,,,,,7,,,
2022,June,6/1/2022,C,SGL33,SPRING CONTROL,,5,GREEN90,Y,WFM ,,,,,,,,,,,,,,,
2022,June,6/1/2022,C,SGL33,FALL CONTROL,,4,GREEN91,N,WFM ,M,AD,42,21,21,1.5,,,,,,17,,,
2022,June,6/1/2022,C,SGL33,SUMMER CONTROL,,7,GREEN93,Y,WFM ,,,,,,,,,,,,,,,
2022,June,6/3/2022,C,SGL33,SPRING CONTROL,,13,GREEN54,Y,WFM ,,,,,,,,,,,,,,,
2022,June,6/3/2022,C,SGL33,SPRING CONTROL,,30,GREEN56,N,WFM ,M,AD,33,15,18,1.5,,,,,,0,,,
2022,June,6/3/2022,C,SGL33,SPRING CONTROL,,22,GREEN58,N,WFM ,M,AD,35,12,23,1.7,,,,,,1,,,
2022,June,6/3/2022,C,SGL33,SPRING CONTROL,,21,GREEN60,N,WFM ,M,JUV,43,28,15,1.6,,,,,,16,,,
2022,June,6/3/2022,C,SGL33,SPRING CONTROL,,18,GREEN62,N,WFM ,M,JUV,38,22,16,1.2,,,,,,9,,,
2022,June,6/3/2022,C,SGL33,SPRING CONTROL,,15,GREEN64,Y,WFM ,M,AD,55,29,26,1.4,,,,,,15,,,
2022,June,6/3/2022,C,SGL33,SUMMER CONTROL,,7,GREEN72,Y,WFM ,,,,,,,,,,,,,,,
2022,June,6/3/2022,C,SGL33,SPRING CONTROL,,24,GREEN74,Y,WFM ,,,,,,,,,,,,,,,
2022,June,6/3/2022,C,SGL33,SUMMER CONTROL,,14,GREEN76,Y,WFM ,,,,,,,,,,,,,,,
2022,June,6/3/2022,C,SGL33,SPRING CONTROL,,17,GREEN82,Y,WFM ,,,,,,,,,,,,,,,
2022,June,6/3/2022,C,SGL33,SPRING CONTROL,,18,GREEN83,Y,WFM ,,,,,,,,,,,,,,,
2022,June,6/3/2022,C,SGL33,SPRING CONTROL,,27,GREEN84,Y,WFM ,,,,,,,,,,,,,,,
2022,June,6/3/2022,C,SGL33,SUMMER CONTROL,,18,GREEN87,N,WFM ,M,JUV,37,22,15,1.4,,,,,,14,,,
2022,June,6/3/2022,C,SGL33,FALL CONTROL,,7,GREEN91,Y,WFM ,,,,,,,,,,,,,,,
2022,June,6/3/2022,C,SGL33,FALL CONTROL,,18,RED13,N,WFM ,M,JUV,40,26,14,1.7,,,,,,14,,,
2022,June,6/3/2022,C,SGL33,FALL CONTROL,,2,RED164,N,WFM ,F,JUV,38,24,14,1.6,,,,,,35,,,
2022,June,6/3/2022,C,SGL33,FALL CONTROL,,23,RED173,N,WFM ,M,AD,30,15,15,1.8,,,,,,11,,,
2022,June,6/3/2022,C,SGL33,FALL CONTROL,,17,RED23,N,WFM ,M,AD,36,15,21,1.3,,,,,,3,,,
2022,June,6/3/2022,C,SGL33,FALL CONTROL,,19,RED30,N,WFM ,F,AD,29,9,20,1.4,,,,,,0,,,
2022,June,6/3/2022,C,SGL33,FALL CONTROL,,3,RED346,N,WFM ,M,AD,34,10,24,1.5,,,,,,0,,,
2022,June,6/3/2022,C,SGL33,FALL CONTROL,,25,RED4,N,WFM ,M,AD,46,23,23,1.3,,,,,,11,,,
2022,June,6/5/2022,C,SGL33,FALL CONTROL,,20,RED13,Y,WFM ,,,,,,,,,,,,,,,
2022,June,6/5/2022,C,SGL33,FALL CONTROL,,15,RED154,N,WFM ,F,JUV,34,17,17,1.2,,,,,,29,,,
2022,June,6/5/2022,C,SGL33,FALL CONTROL,,1,RED164,Y,WFM ,,,,,,,,,,,,,,,
2022,June,6/5/2022,C,SGL33,FALL CONTROL,,12,RED17,N,WFM ,M,AD,41,20,21,1,,,,,,7,,,
2022,June,6/5/2022,C,SGL33,FALL CONTROL,,18,RED188,N,WFM ,M,AD,44,28,16,1.2,,,,,,17,1,,
2022,June,6/5/2022,C,SGL33,FALL CONTROL,,13,RED192,N,WFM ,M,AD,43,25,18,1.4,,,,,,0,,,
2022,June,6/5/2022,C,SGL33,FALL CONTROL,,17,RED23,Y,WFM ,,,,,,,,,,,,,,,
2022,June,6/5/2022,C,SGL33,FALL CONTROL,,16,RED30,Y,WFM ,,,,,,,,,,,,,,,
2022,June,6/5/2022,C,SGL33,FALL CONTROL,,6,RED346,Y,WFM ,,,,,,,,,,,,,,,
2022,June,6/5/2022,C,SGL33,FALL CONTROL,,23,RED4,Y,WFM ,,,,,,,,,,,,,,,
2022,June,6/5/2022,C,SGL33,FALL CONTROL,,19,RED44,N,WFM ,F,AD,34,15,19,1.3,,,,,,1,,,
2022,June,6/5/2022,C,SGL33,FALL CONTROL,,9,RED46,N,WFM ,F,AD,34,17,17,1.3,,,,,,0,,,
2022,June,6/5/2022,C,SGL33,FALL CONTROL,,24,RED79,N,WFM ,,,,,,,,,,,,,,,
2022,June,6/6/2022,C,SGL33,SPRING CONTROL,,22,GREEN58,Y,WFM ,,,,,,,,,,,,,,,
2022,June,6/6/2022,C,SGL33,SPRING CONTROL,,3,GREEN70,Y,WFM ,,,,,,,,,,,,,,,
2022,June,6/6/2022,C,SGL33,SPRING CONTROL,,24,GREEN74,Y,WFM ,,,,,,,,,,,,,,,
2022,June,6/6/2022,C,SGL33,SPRING CONTROL,,19,GREEN82,Y,WFM ,,,,,,,,,,,,,,,
2022,June,6/6/2022,C,SGL33,SPRING CONTROL,,4,GREEN90,Y,WFM ,,,,,,,,,,,,,,,
2022,June,6/6/2022,C,SGL33,FALL CONTROL,,3,RED164,Y,WFM ,,,,,,,,,,,,,,,
2022,June,6/6/2022,C,SGL33,FALL CONTROL,,25,RED17,Y,WFM ,,,,,,,,,,,,,,,
2022,June,6/6/2022,C,SGL33,SPRING CONTROL,,26,RED174,N,WFM ,M,AD,28,10,18,1.7,,,,,,8,,,
2022,June,6/6/2022,C,SGL33,FALL CONTROL,,19,RED188,Y,WFM ,,,,,,,,,,,,,,,
2022,June,6/6/2022,C,SGL33,SPRING CONTROL,,21,RED191,N,WFM ,M,AD,32,12.5,19.5,1.4,,,,,,10,,,
2022,June,6/6/2022,C,SGL33,FALL CONTROL,,18,RED192,Y,WFM ,,,,,,,,,,,,,,,
2022,June,6/6/2022,C,SGL33,FALL CONTROL,,11,RED4,Y,WFM ,,,,,,,,,,,,,,,
2022,June,6/6/2022,C,SGL33,FALL CONTROL,,20,RED44,Y,WFM ,,,,,,,,,,,,,,,
2022,June,6/7/2022,C,SGL33,SUMMER CONTROL,,4,GREEN76,Y,WFM ,,,,,,,,,,,,,,,
2022,June,6/7/2022,C,SGL33,SUMMER CONTROL,,3,GREEN86,Y,WFM ,,,,,,,,,,,,,,,
2022,June,6/7/2022,C,SGL33,SUMMER CONTROL,,12,GREEN87,Y,WFM ,,,,,,,,,,,,,,,
2022,June,6/7/2022,C,SGL33,SUMMER CONTROL,,19,GREEN92,Y,WFM ,,,,,,,,,,,,,,,
2022,June,6/7/2022,C,SGL33,SUMMER CONTROL,,17,GREEN93,Y,WFM ,,,,,,,,,,,,,,,
2022,May,5/17/2022,C,SGL103 NORTH,SPRING CONTROL,,1,3477,Y,WFM ,M,AD,43,17,26,1.5,,,,,,2,,,
2022,May,5/17/2022,C,SGL103 NORTH,SUMMER CONTROL,,17,RED499,Y,WFM ,M,AD,43,19,24,1.3,,,,,,7,,,
2022,May,5/17/2022,C,SGL103 NORTH,SUMMER CONTROL,,10,TEAL103,Y,WFM ,F,AD,29,9,20,1.5,,,,,,11,,,
2022,May,5/17/2022,C,SGL103 NORTH,SUMMER CONTROL,,28,TEAL104,N,WFM ,M,AD,47,30,17,1,,,,,,7,,,
2022,May,5/17/2022,C,SGL103 NORTH,SUMMER CONTROL,,29,TEAL107,N,WFM ,M,AD,27,8,19,1.2,,,,,,8,,,
2022,May,5/17/2022,C,SGL103 NORTH,SPRING CONTROL,,14,TEAL112,N,WFM ,F,AD,35,14,21,1.3,,,,,,0,,,
2022,May,5/17/2022,C,SGL103 NORTH,SPRING CONTROL,,17,TEAL113,N,WFM ,M,AD,41,26,15,1.4,,,,,,17,,,
2022,May,5/17/2022,C,SGL103 NORTH,SPRING CONTROL,,12,TEAL115,N,WFM ,F,AD,40,10,30,2,,,,,,14,,,
2022,May,5/17/2022,C,SGL103 NORTH,SUMMER CONTROL,,19,TEAL127,Y,WFM ,F,AD,31,10,21,1,,,,,,3,,,
2022,May,5/17/2022,C,SGL103 NORTH,FALL CONTROL,,21,TEAL129,N,WFM ,F,AD,39,19,20,1.4,,,,,,0,,,
2022,May,5/17/2022,C,SGL103 NORTH,SUMMER CONTROL,,4,TEAL141,N,WFM ,M,AD,55,21,34,1.3,,,,,,6,,,
2022,May,5/17/2022,C,SGL103 NORTH,SPRING CONTROL,,13,TEAL144,N,WFM ,M,JUV,22,7,15,1.3,,,,,,28,,,
2022,May,5/17/2022,C,SGL103 NORTH,FALL CONTROL,,25,TEAL145,N,WFM ,F,JUV,33,18,15,1.1,,,,,,0,,,
2022,May,5/17/2022,C,SGL103 NORTH,FALL CONTROL,,23,TEAL149,N,WFM ,M,JUV,28,9,19,1.5,,,,,,3,,,
2022,May,5/17/2022,C,SGL103 NORTH,SUMMER CONTROL,,23,TEAL150,N,WFM ,F,JUV,38,25,13,1.3,,,,,,5,,,
2022,May,5/17/2022,C,SGL103 NORTH,SPRING CONTROL,,16,TEAL152,N,WFM ,F,AD,47,,,,,,,,,3,,,
2022,May,5/17/2022,C,SGL103 NORTH,FALL CONTROL,,5,TEAL156,N,WFM ,F,JUV,27,10,17,1.4,,,,,,10,,,
2022,May,5/17/2022,C,SGL103 NORTH,SPRING CONTROL,,30,TEAL159,N,WFM ,M,AD,47,17,30,1.5,,,,,,19,,,
2022,May,5/17/2022,C,SGL103 NORTH,FALL CONTROL,,3,TEAL161,N,WFM ,M,AD,40,22,18,1.3,,,,,,6,,,
2022,May,5/17/2022,C,SGL103 NORTH,SUMMER CONTROL,,5,TEAL163,N,WFM ,F,AD,29,10,19,1.8,,,,,,11,,,
2022,May,5/17/2022,C,SGL103 NORTH,FALL CONTROL,,12,TEAL174,N,WFM ,M,AD,37,15,22,1.7,,,,,,22,,,
2022,May,5/17/2022,C,SGL103 NORTH,FALL CONTROL,,17,TEAL175,N,WFM ,M,AD,40,21,19,1.4,,,,,,2,,,
2022,May,5/17/2022,C,SGL103 NORTH,SUMMER CONTROL,,26,TEAL177,N,WFM ,M,AD,27,12,15,1.3,,,,,,22,,,
2022,May,5/17/2022,C,SGL103 NORTH,FALL CONTROL,,24,TEAL179,Y,WFM ,M,AD,36,12,24,1.2,,,,,,2,,,
2022,May,5/17/2022,C,SGL103 NORTH,SPRING CONTROL,,8,TEAL185,N,WFM ,M,JUV,50,31,19,1.9,,,,,,12,,,
2022,May,5/17/2022,C,SGL103 NORTH,SPRING CONTROL,,10,TEAL194,N,WFM ,M,AD,56,20,36,,,,,,,13,,,
2022,May,5/17/2022,C,SGL103 NORTH,SUMMER CONTROL,,3,TEAL200,N,WFM ,F,AD,34,9,25,1.4,,,,,,0,,,
2022,May,5/18/2022,C,SGL103 NORTH,SUMMER CONTROL,,11,TEAL103,Y,WFM ,,,,,,,,,,,,,,,
2022,May,5/18/2022,C,SGL103 NORTH,SUMMER CONTROL,,30,TEAL104,Y,WFM ,,,,,,,,,,,,,,,
2022,May,5/18/2022,C,SGL103 NORTH,FALL CONTROL,,20,TEAL129,Y,WFM ,,,,,,,,,,,,,,,
2022,May,5/18/2022,C,SGL103 NORTH,SUMMER CONTROL,,4,TEAL141,Y,WFM ,,,,,,,,,,,,,,,
2022,May,5/18/2022,C,SGL103 NORTH,FALL CONTROL,,24,TEAL145,Y,WFM ,,,,,,,,,,,,,,,
2022,May,5/18/2022,C,SGL103 NORTH,FALL CONTROL,,15,TEAL149,Y,WFM ,,,,,,,,,,,,,,,
2022,May,5/18/2022,C,SGL103 NORTH,FALL CONTROL,,6,TEAL156,Y,WFM ,,,,,,,,,,,,,,,
2022,May,5/18/2022,C,SGL103 NORTH,SPRING CONTROL,,1,TEAL16,N,WFM ,M,JUV,27.5,9,18.5,1.3,,,,,,9,,,
2022,May,5/18/2022,C,SGL103 NORTH,FALL CONTROL,,5,TEAL161,Y,WFM ,,,,,,,,,,,,,,,
2022,May,5/18/2022,C,SGL103 NORTH,SUMMER CONTROL,,5,TEAL163,Y,WFM ,,,,,,,,,,,,,,,
2022,May,5/18/2022,C,SGL103 NORTH,FALL CONTROL,,17,TEAL175,Y,WFM ,,,,,,,,,,,,,,,
2022,May,5/18/2022,C,SGL103 NORTH,SPRING CONTROL,,7,TEAL185,Y,WFM ,,,,,,,,,,,,,,,
2022,May,5/18/2022,C,SGL103 NORTH,SPRING CONTROL,,10,TEAL194,Y,WFM ,,,,,,,,,,,,,,,
2022,May,5/18/2022,C,SGL103 NORTH,SUMMER CONTROL,,2,TEAL32,N,WFM ,M,AD,48,22.5,25.5,1.1,,,,,,2,,,
2022,May,5/18/2022,C,SGL103 NORTH,FALL CONTROL,,27,TEAL35,N,WFM ,M,AD,45,26,19,1.2,,,,,,8,,,
2022,May,5/18/2022,C,SGL103 NORTH,SUMMER CONTROL,,28,TEAL51,N,WFM ,F,JUV,26,9,17,1.5,,,,,,1,,,
2022,May,5/18/2022,C,SGL103 NORTH,SPRING CONTROL,,8,TEAL53,N,WFM ,F,AD,42,23.5,18.5,1.3,,,,,,18,,,
2022,May,5/18/2022,C,SGL103 NORTH,SUMMER CONTROL,,6,TEAL63,N,WFM ,M,JUV,24,11,13,1.2,,,,,,2,,,
2022,May,5/18/2022,C,SGL103 NORTH,FALL CONTROL,,12,TEAL78,N,WFM ,F,JUV,30,11,19,1.2,,,,,,2,,,
2022,May,5/18/2022,C,SGL103 NORTH,SUMMER CONTROL,,1,TEAL79,N,WFM ,F,AD,36,13,23,1.5,,,,,,6,,,
2022,May,5/18/2022,C,SGL103 NORTH,SPRING CONTROL,,12,TEAL84,N,WFM ,M,AD,38,9,29,1.6,,,,,,19,,,
2022,May,5/18/2022,C,SGL103 NORTH,SUMMER CONTROL,,8,TEAL92,N,WFM ,F,AD,47,22,25,1.5,,,,,,5,,,
2022,May,5/18/2022,C,SGL103 NORTH,SPRING CONTROL,,19,TEAL94,N,WFM ,M,JUV,24,12,12,1.2,,,,,,12,,,
2022,May,5/19/2022,C,SGL103 NORTH,FALL CONTROL,,19,TEAL129,Y,WFM ,,,,,,,,,,,,,,,
2022,May,5/19/2022,C,SGL103 NORTH,FALL CONTROL,,28,TEAL145,Y,WFM ,,,,,,,,,,,,,,,
2022,May,5/19/2022,C,SGL103 NORTH,FALL CONTROL,,11,TEAL149,Y,WFM ,,,,,,,,,,,,,,,
2022,May,5/19/2022,C,SGL103 NORTH,SPRING CONTROL,,14,TEAL152,Y,WFM ,,,,,,,,,,,,,,,
2022,May,5/19/2022,C,SGL103 NORTH,FALL CONTROL,,7,TEAL156,Y,WFM ,,,,,,,,,,,,,,,
2022,May,5/19/2022,C,SGL103 NORTH,SPRING CONTROL,,30,TEAL159,Y,WFM ,,,,,,,,,,,,,,,
2022,May,5/19/2022,C,SGL103 NORTH,FALL CONTROL,,5,TEAL161,Y,WFM ,,,,,,,,,,,,,,,
2022,May,5/19/2022,C,SGL103 NORTH,FALL CONTROL,,6,TEAL174,Y,WFM ,,,,,,,,,,,,,,,
2022,May,5/19/2022,C,SGL103 NORTH,FALL CONTROL,,17,TEAL175,Y,WFM ,,,,,,,,,,,,,,,
2022,May,5/19/2022,C,SGL103 NORTH,SPRING CONTROL,,28,TEAL2 ,Y,WFM ,F,AD,32,11,21,1.7,,,,,,14,,,
2022,May,5/19/2022,C,SGL103 NORTH,FALL CONTROL,,29,TEAL23,N,WFM ,M,JUV,26,9,17,1.7,,,,,,3,,,
2022,May,5/19/2022,C,SGL103 NORTH,FALL CONTROL,,3,TEAL35,Y,WFM ,,,,,,,,,,,,,,,
2022,May,5/19/2022,C,SGL103 NORTH,SPRING CONTROL,,4,TEAL4,N,WFM ,M,AD,62,37,25,1.3,,,,,,21,,,
2022,May,5/19/2022,C,SGL103 NORTH,FALL CONTROL,,22,TEAL44,N,WFM ,F,JUV,36,20,16,1.6,,,,,,6,,,
2022,May,5/19/2022,C,SGL103 NORTH,SPRING CONTROL,,20,TEAL5,N,WFM ,F,AD,55,30,25,1.8,,,,,,1,,,
2022,May,5/19/2022,C,SGL103 NORTH,SPRING CONTROL,,25,TEAL50,N,WFM ,M,AD,50,22,28,1.3,,,,,,11,,,
2022,May,5/19/2022,C,SGL103 NORTH,SPRING CONTROL,,27,TEAL56,N,WFM ,F,JUV,56,29,27,1.2,,,,,,51,,,
2022,May,5/19/2022,C,SGL103 NORTH,SUMMER CONTROL,,14,TEAL65,N,WFM ,M,JUV,46,26.5,19.5,1.4,,,,,,2,,,
2022,May,5/19/2022,C,SGL103 NORTH,SUMMER CONTROL,,29,TEAL66,N,WFM ,F,AD,47.5,21.5,26,1.3,,,,,,1,,,
2022,May,5/19/2022,C,SGL103 NORTH,SPRING CONTROL,,1,TEAL68,N,WFM ,F,AD,80,54,26,1.4,,,,,,1,,,
2022,May,5/19/2022,C,SGL103 NORTH,FALL CONTROL,,13,TEAL78,Y,WFM ,,,,,,,,,,,,,,,
2022,May,5/19/2022,C,SGL103 NORTH,SPRING CONTROL,,19,TEAL8 ,N,WFM ,M,JUV,36,20,16,1.4,,,,,,16,,,
2022,May,5/19/2022,C,SGL103 NORTH,FALL CONTROL,,15,TEAL86,N,WFM ,M,JUV,47,30,17,1.5,,,,,,1,,,
2022,May,5/20/2022,C,SGL103 NORTH,FALL CONTROL,,18,TEAL129,Y,WFM ,,,,,,,,,,,,,,,
2022,May,5/20/2022,C,SGL103 NORTH,FALL CONTROL,,5,TEAL145,Y,WFM ,,,,,,,,,,,,,,,
2022,May,5/20/2022,C,SGL103 NORTH,FALL CONTROL,,6,TEAL161,Y,WFM ,,,,,,,,,,,,,,,
2022,May,5/20/2022,C,SGL103 NORTH,FALL CONTROL,,7,TEAL174,Y,WFM ,,,,,,,,,,,,,,,
2022,May,5/20/2022,C,SGL103 NORTH,FALL CONTROL,,12,TEAL175,Y,WFM ,,,,,,,,,,,,,,,
2022,May,5/20/2022,C,SGL103 NORTH,FALL CONTROL,,10,TEAL179,Y,WFM ,,,,,,,,,,,,,,,
2022,May,5/20/2022,C,SGL103 NORTH,FALL CONTROL,,28,TEAL19,N,WFM ,F,JUV,29,9,20,1.4,,,,,,0,,,
2022,May,5/20/2022,C,SGL103 NORTH,FALL CONTROL,,29,TEAL23,Y,WFM ,,,,,,,,,,,,,,,
2022,May,5/20/2022,C,SGL103 NORTH,FALL CONTROL,,23,TEAL35,Y,WFM ,,,,,,,,,,,,,,,
2022,May,5/20/2022,C,SGL103 NORTH,FALL CONTROL,,21,TEAL44,Y,WFM ,,,,,,,,,,,,,,,
2022,May,5/20/2022,C,SGL103 NORTH,FALL CONTROL,,13,TEAL86,Y,WFM ,,,,,,,,,,,,,,,
2022,May,5/20/2022,C,SGL103 NORTH,FALL CONTROL,,15,TEAL93,N,WFM ,M,JUV,53,35.5,17.5,1.3,,,,,,4,,,
2022,May,5/20/2022,C,SGL103 NORTH,FALL CONTROL,,11,TEAL97,N,WFM ,F,JUV,48,32.5,15.5,1.2,,,,,,5,,,
2022,May,5/17/2022,C,SGL103 SOUTH,FALL CONTROL,,26,3231,Y,WFM ,F,AD,46,14,32,1.4,,,,,,8,,,
2022,May,5/17/2022,C,SGL103 SOUTH,SPRING CONTROL,,10,3237,N,WFM ,F,AD,46,21,25,1.2,,,,,,4,,,
2022,May,5/17/2022,C,SGL103 SOUTH,FALL CONTROL,,28,3251,N,WFM ,F,AD,42,13,29,1.5,,,,,,1,,,
2022,May,5/17/2022,C,SGL103 SOUTH,FALL CONTROL,,22,3276,Y,WFM ,F,AD,42,15,27,1.4,,,,,,4,,,
2022,May,5/17/2022,C,SGL103 SOUTH,SPRING CONTROL,,7,3292,Y,WFM ,M,AD,42,9,33,1.4,,,,,,21,,,
2022,May,5/17/2022,C,SGL103 SOUTH,SUMMER CONTROL,,1,BLACK273,Y,WFM ,M,AD,40,15,25,1.3,,,,,,3,,,
2022,May,5/17/2022,C,SGL103 SOUTH,FALL CONTROL,,6,RED346,Y,WFM ,F,AD,40,12,28,1.3,,,,,,2,,,
2022,May,5/17/2022,C,SGL103 SOUTH,SPRING CONTROL,,29,TEAL1,N,WFM ,M,AD,34,9,25,1.1,,,,,,14,,,
2022,May,5/17/2022,C,SGL103 SOUTH,SUMMER CONTROL,,24,TEAL17,Y,WFM ,M,AD,37,12,25,1,,,,,,22,,,
2022,May,5/17/2022,C,SGL103 SOUTH,SUMMER CONTROL,,27,TEAL27,Y,WFM ,F,AD,38,11,27,1.4,,,,,,7,,,
2022,May,5/17/2022,C,SGL103 SOUTH,SPRING CONTROL,,5,TEAL31,N,WFM ,M,AD,35,9,26,1.4,,,,,,8,,,
2022,May,5/17/2022,C,SGL103 SOUTH,FALL CONTROL,,30,TEAL36,N,WFM ,M,AD,33,9,24,1.1,,,,,,10,,,
2022,May,5/17/2022,C,SGL103 SOUTH,SUMMER CONTROL,,14,TEAL40,N,WFM ,M,AD,41,20,21,1.4,,,,,,20,,,
2022,May,5/17/2022,C,SGL103 SOUTH,SPRING CONTROL,,19,TEAL45,Y,WFM ,F,AD,35,9,26,1,,,,,,6,,,
2022,May,5/17/2022,C,SGL103 SOUTH,SUMMER CONTROL,,18,TEAL46,N,WFM ,M,AD,38,9,29,1.4,,,,,,21,,,
2022,May,5/17/2022,C,SGL103 SOUTH,SUMMER CONTROL,,16,TEAL54,N,WFM ,F,AD,35,11,24,1.7,,,,,,24,,,
2022,May,5/17/2022,C,SGL103 SOUTH,FALL CONTROL,,12,TEAL57,N,WFM ,F,AD,39,15,24,1.5,,,,,,8,,,
2022,May,5/17/2022,C,SGL103 SOUTH,SPRING CONTROL,,16,TEAL60,N,WFM ,M,AD,47,8,39,1.4,,,,,,9,,,
2022,May,5/17/2022,C,SGL103 SOUTH,FALL CONTROL,,18,TEAL7,N,WFM ,M,AD,31,9,22,1.4,,,,,,28,,,
2022,May,5/17/2022,C,SGL103 SOUTH,FALL CONTROL,,17,TEAL73,N,WFM ,M,AD,44,26,18,2,,,,,,2,,,
2022,May,5/17/2022,C,SGL103 SOUTH,SPRING CONTROL,,11,TEAL74,N,WFM ,F,JUV,29,17,12,1.2,,,,,,7,,,
2022,May,5/17/2022,C,SGL103 SOUTH,FALL CONTROL,,10,TEAL87,N,WFM ,F,AD,51,9,42,,,,,,,1,,,
2022,May,5/17/2022,C,SGL103 SOUTH,SPRING CONTROL,,18,TEAL88,N,WFM ,M,AD,43,20,23,1.3,,,,,,9,,,
2022,May,5/17/2022,C,SGL103 SOUTH,SPRING CONTROL,,3,TEAL9,N,WFM ,F,AD,33,9,24,1.1,,,,,,0,,,
2022,May,5/17/2022,C,SGL103 SOUTH,SPRING CONTROL,,27,TEAL96,N,WFM ,F,AD,31,12,19,1.4,,,,,,4,,,
2022,May,5/17/2022,C,SGL103 SOUTH,SUMMER CONTROL,,30,TEAL98,N,WFM ,F,AD,34,7,27,1.6,,,,,,9,,,
2022,May,5/18/2022,C,SGL103 SOUTH,SPRING CONTROL,,6,3237,Y,WFM ,,,,,,,,,,,,,,,
2022,May,5/18/2022,C,SGL103 SOUTH,FALL CONTROL,,28,3251,Y,WFM ,,,,,,,,,,,,,,,
2022,May,5/18/2022,C,SGL103 SOUTH,FALL CONTROL,,23,3276,Y,WFM ,,,,,,,,,,,,,,,
2022,May,5/18/2022,C,SGL103 SOUTH,SPRING CONTROL,,3,3292,Y,WFM ,,,,,,,,,,,,,,,
2022,May,5/18/2022,C,SGL103 SOUTH,SUMMER CONTROL,,2,BLACK273,Y,WFM ,,,,,,,,,,,,,,,
2022,May,5/18/2022,C,SGL103 SOUTH,SPRING CONTROL,,25,N/A,N,WFM ,,,,,,,,,,,,,,,
2022,May,5/18/2022,C,SGL103 SOUTH,FALL CONTROL,,8,RED346,Y,WFM ,F,AD,32,8,24,1.7,,,,,,3,,,
2022,May,5/18/2022,C,SGL103 SOUTH,SPRING CONTROL,,20,TEAL1,Y,WFM ,,,,,,,,,,,,,,,
2022,May,5/18/2022,C,SGL103 SOUTH,SPRING CONTROL,,1,TEAL110,N,WFM ,F,JUV,22,8,14,2,,,,,,36,,,
2022,May,5/18/2022,C,SGL103 SOUTH,SPRING CONTROL,,9,TEAL133,N,WFM ,F,AD,44,14,30,1.4,,,,,,15,,,
2022,May,5/18/2022,C,SGL103 SOUTH,SUMMER CONTROL,,4,TEAL135,N,WFM ,F,AD,42.5,17,25.5,1.8,,,,,,41,,,
2022,May,5/18/2022,C,SGL103 SOUTH,SUMMER CONTROL,,9,TEAL136,N,WFM ,M,AD,42,21,21,1.3,,,,,,0,,,
2022,May,5/18/2022,C,SGL103 SOUTH,SUMMER CONTROL,,24,TEAL17,Y,WFM ,,,,,,,,,,,,,,,
2022,May,5/18/2022,C,SGL103 SOUTH,SUMMER CONTROL,,10,TEAL188,N,WFM ,F,AD,41,17,24,1.4,,,,,,19,,,
2022,May,5/18/2022,C,SGL103 SOUTH,SPRING CONTROL,,5,TEAL189,N,WFM ,F,AD,49,28,21,1.6,,,,,,19,,,
2022,May,5/18/2022,C,SGL103 SOUTH,SUMMER CONTROL,,3,TEAL190,N,WFM ,F,AD,51,25,26,1.5,,,,,,9,,,
2022,May,5/18/2022,C,SGL103 SOUTH,SPRING CONTROL,,16,TEAL196,N,WFM ,M,AD,45,18,27,1.5,,,,,,15,,,
2022,May,5/18/2022,C,SGL103 SOUTH,FALL CONTROL,,14,TEAL197,N,WFM ,M,AD,34,,,1.4,,,,,,7,,,
2022,May,5/18/2022,C,SGL103 SOUTH,SUMMER CONTROL,,25,TEAL27,Y,WFM ,,,,,,,,,,,,,,,
2022,May,5/18/2022,C,SGL103 SOUTH,SPRING CONTROL,,2,TEAL31,Y,WFM ,,,,,,,,,,,,,,,
2022,May,5/18/2022,C,SGL103 SOUTH,SUMMER CONTROL,,16,TEAL40,Y,WFM ,,,,,,,,,,,,,,,
2022,May,5/18/2022,C,SGL103 SOUTH,SPRING CONTROL,,13,TEAL45,Y,WFM ,,,,,,,,,,,,,,,
2022,May,5/18/2022,C,SGL103 SOUTH,SUMMER CONTROL,,17,TEAL46,Y,WFM ,,,,,,,,,,,,,,,
2022,May,5/18/2022,C,SGL103 SOUTH,SUMMER CONTROL,,13,TEAL54,Y,WFM ,,,,,,,,,,,,,,,
2022,May,5/18/2022,C,SGL103 SOUTH,FALL CONTROL,,17,TEAL57,Y,WFM ,,,,,,,,,,,,,,,
2022,May,5/18/2022,C,SGL103 SOUTH,SPRING CONTROL,,17,TEAL60,Y,WFM ,,,,,,,,,,,,,,,
2022,May,5/18/2022,C,SGL103 SOUTH,FALL CONTROL,,24,TEAL7,Y,WFM ,,,,,,,,,,,,,,,
2022,May,5/18/2022,C,SGL103 SOUTH,FALL CONTROL,,16,TEAL73,Y,WFM ,,,,,,,,,,,,,,,
2022,May,5/18/2022,C,SGL103 SOUTH,SPRING CONTROL,,19,TEAL88,Y,WFM ,,,,,,,,,,,,,,,
2022,May,5/18/2022,C,SGL103 SOUTH,SPRING CONTROL,,4,TEAL96,Y,WFM ,,,,,,,,,,,,,,,
2022,May,5/18/2022,C,SGL103 SOUTH,SPRING CONTROL,,29,TEAL96,Y,WFM ,,,,,,,,,,,,,,,
2022,May,5/19/2022,C,SGL103 SOUTH,FALL CONTROL,,18,3231,Y,WFM ,,,,,,,,,,,,,,,
2022,May,5/19/2022,C,SGL103 SOUTH,SPRING CONTROL,,11,3237,Y,WFM ,,,,,,,,,,,,,,,
2022,May,5/19/2022,C,SGL103 SOUTH,FALL CONTROL,,30,3251,Y,WFM ,,,,,,,,,,,,,,,
2022,May,5/19/2022,C,SGL103 SOUTH,FALL CONTROL,,21,3276,Y,WFM ,,,,,,,,,,,,,,,
2022,May,5/19/2022,C,SGL103 SOUTH,SPRING CONTROL,,6,3292,Y,WFM ,,,,,,,,,,,,,,,
2022,May,5/19/2022,C,SGL103 SOUTH,SUMMER CONTROL,,1,BLACK273,Y,WFM ,,,,,,,,,,,,,,,
2022,May,5/19/2022,C,SGL103 SOUTH,FALL CONTROL,,7,RED346,Y,WFM ,,,,,,,,,,,,,,,
2022,May,5/19/2022,C,SGL103 SOUTH,SPRING CONTROL,,22,TEAL1,Y,WFM ,,,,,,,,,,,,,,,
2022,May,5/19/2022,C,SGL103 SOUTH,SUMMER CONTROL,,22,TEAL101,N,WFM ,M,JUV,27,18,9,1.8,,,,,,16,,,
2022,May,5/19/2022,C,SGL103 SOUTH,FALL CONTROL,,24,TEAL121,N,WFM ,M,AD,43,21,22,1.4,,,,,,3,,,
2022,May,5/19/2022,C,SGL103 SOUTH,SPRING CONTROL,,9,TEAL133,Y,WFM ,,,,,,,,,,,,,,,
2022,May,5/19/2022,C,SGL103 SOUTH,SUMMER CONTROL,,29,TEAL134,N,WFM ,F,JUV,23,13,10,1.7,,,,,,0,,,
2022,May,5/19/2022,C,SGL103 SOUTH,SUMMER CONTROL,,6,TEAL135,Y,WFM ,,,,,,,,,,,,,,,
2022,May,5/19/2022,C,SGL103 SOUTH,SPRING CONTROL,,27,TEAL138,N,WFM ,F,AD,30,9,21,1.3,,,,,,0,,,
2022,May,5/19/2022,C,SGL103 SOUTH,SPRING CONTROL,,5,TEAL147,N,WFM ,M,AD,29,7,22,1.5,,,,,,17,,,
2022,May,5/19/2022,C,SGL103 SOUTH,SUMMER CONTROL,,30,TEAL155,N,WFM ,F,JUV,19,9,10,1.7,,,,,,3,,,
2022,May,5/19/2022,C,SGL103 SOUTH,FALL CONTROL,,8,TEAL157,N,WFM ,M,AD,34,9,25,1.3,,,,,,6,,,
2022,May,5/19/2022,C,SGL103 SOUTH,SPRING CONTROL,,23,TEAL164,N,WFM ,M,AD,45,21,24,1.6,,,,,,2,,,
2022,May,5/19/2022,C,SGL103 SOUTH,SPRING CONTROL,,24,TEAL167,N,WFM ,F,AD,40,17,23,1.6,,,,,,25,,,
2022,May,5/19/2022,C,SGL103 SOUTH,SUMMER CONTROL,,24,TEAL17,Y,WFM ,,,,,,,,,,,,,,,
2022,May,5/19/2022,C,SGL103 SOUTH,SUMMER CONTROL,,9,TEAL188,Y,WFM ,,,,,,,,,,,,,,,
2022,May,5/19/2022,C,SGL103 SOUTH,SPRING CONTROL,,4,TEAL189,Y,WFM ,,,,,,,,,,,,,,,
2022,May,5/19/2022,C,SGL103 SOUTH,SUMMER CONTROL,,10,TEAL192,N,WFM ,F,AD,44,15,29,1.3,,,,,,4,,,
2022,May,5/19/2022,C,SGL103 SOUTH,SPRING CONTROL,,12,TEAL196,Y,WFM ,,,,,,,,,,,,,,,
2022,May,5/19/2022,C,SGL103 SOUTH,FALL CONTROL,,13,TEAL197,Y,WFM ,,,,,,,,,,,,,,,
2022,May,5/19/2022,C,SGL103 SOUTH,SPRING CONTROL,,3,TEAL21,N,WFM ,,,,,,,,,,,,,,,
2022,May,5/19/2022,C,SGL103 SOUTH,SUMMER CONTROL,,25,TEAL27,Y,WFM ,,,,,,,,,,,,,,,
2022,May,5/19/2022,C,SGL103 SOUTH,SPRING CONTROL,,1,TEAL31,Y,WFM ,,,,,,,,,,,,,,,
2022,May,5/19/2022,C,SGL103 SOUTH,SUMMER CONTROL,,16,TEAL40,Y,WFM ,,,,,,,,,,,,,,,
2022,May,5/19/2022,C,SGL103 SOUTH,SPRING CONTROL,,17,TEAL45,Y,WFM ,,,,,,,,,,,,,,,
2022,May,5/19/2022,C,SGL103 SOUTH,SUMMER CONTROL,,20,TEAL46,Y,WFM ,,,,,,,,,,,,,,,
2022,May,5/19/2022,C,SGL103 SOUTH,SUMMER CONTROL,,14,TEAL54,Y,WFM ,,,,,,,,,,,,,,,
2022,May,5/19/2022,C,SGL103 SOUTH,FALL CONTROL,,16,TEAL57,Y,WFM ,,,,,,,,,,,,,,,
2022,May,5/19/2022,C,SGL103 SOUTH,SPRING CONTROL,,19,TEAL60,Y,WFM ,,,,,,,,,,,,,,,
2022,May,5/19/2022,C,SGL103 SOUTH,FALL CONTROL,,22,TEAL7,Y,WFM ,,,,,,,,,,,,,,,
2022,May,5/19/2022,C,SGL103 SOUTH,FALL CONTROL,,17,TEAL73,Y,WFM ,,,,,,,,,,,,,,,
2022,May,5/19/2022,C,SGL103 SOUTH,FALL CONTROL,,4,TEAL87,Y,WFM ,,,,,,,,,,,,,,,
2022,May,5/19/2022,C,SGL103 SOUTH,SPRING CONTROL,,20,TEAL88,Y,WFM ,,,,,,,,,,,,,,,
2022,May,5/20/2022,C,SGL103 SOUTH,SPRING CONTROL,,7,3237,Y,WFM ,,,,,,,,,,,,,,,
2022,May,5/20/2022,C,SGL103 SOUTH,FALL CONTROL,,23,3276,Y,WFM ,,,,,,,,,,,,,,,
2022,May,5/20/2022,C,SGL103 SOUTH,FALL CONTROL,,20,GREEN15,N,WFM ,M,AD,50,31,19,,,,,,,6,,,
2022,May,5/20/2022,C,SGL103 SOUTH,SPRING CONTROL,,27,GREEN24,N,WFM ,F,AD,36,8,28,1.5,,,,,,18,,,
2022,May,5/20/2022,C,SGL103 SOUTH,SPRING CONTROL,,13,GREEN26,N,WFM ,F,AD,42,16,26,1.5,,,,,,34,,,
2022,May,5/20/2022,C,SGL103 SOUTH,SPRING CONTROL,,4,GREEN27,N,WFM ,M,AD,44,27,17,1.4,,,,,,2,,,
2022,May,5/20/2022,C,SGL103 SOUTH,SUMMER CONTROL,,20,GREEN31,N,WFM ,F,JUV,30,14.5,15.5,1.3,,,,,,22,,,
2022,May,5/20/2022,C,SGL103 SOUTH,SUMMER CONTROL,,2,GREEN33,N,WFM ,M,AD,47,26,21,1.4,,,,,,20,,,
2022,May,5/20/2022,C,SGL103 SOUTH,SUMMER CONTROL,,26,GREEN4,N,WFM ,F,AD,36,9,27,1.5,,,,,,2,,,
2022,May,5/20/2022,C,SGL103 SOUTH,FALL CONTROL,,12,GREEN6,N,WFM ,F,AD,31,21,10,1.2,,,,,,30,,,
2022,May,5/20/2022,C,SGL103 SOUTH,SUMMER CONTROL,,30,GREEN8,N,WFM ,M,JUV,39,27,12,1.3,,,,,,0,,,
2022,May,5/20/2022,C,SGL103 SOUTH,FALL CONTROL,,6,RED346,Y,WFM ,,,,,,,,,,,,,,,
2022,May,5/20/2022,C,SGL103 SOUTH,SUMMER CONTROL,,22,TEAL101,Y,WFM ,,,,,,,,,,,,,,,
2022,May,5/20/2022,C,SGL103 SOUTH,SPRING CONTROL,,1,TEAL110,Y,WFM ,,,,,,,,,,,,,,,
2022,May,5/20/2022,C,SGL103 SOUTH,SPRING CONTROL,,28,TEAL114,N,WFM ,M,AD,32,11,21,1.3,,,,,,2,,,
2022,May,5/20/2022,C,SGL103 SOUTH,SUMMER CONTROL,,5,TEAL135,Y,WFM ,,,,,,,,,,,,,,,
2022,May,5/20/2022,C,SGL103 SOUTH,SPRING CONTROL,,29,TEAL138,Y,WFM ,,,,,,,,,,,,,,,
2022,May,5/20/2022,C,SGL103 SOUTH,SUMMER CONTROL,,6,TEAL138,Y,WFM ,,,,,,,,,,,,,,,
2022,May,5/20/2022,C,SGL103 SOUTH,FALL CONTROL,,3,TEAL157,Y,WFM ,,,,,,,,,,,,,,,
2022,May,5/20/2022,C,SGL103 SOUTH,FALL CONTROL,,15,TEAL166,N,WFM ,M,JUV,18,8,10,1,,,,,,1,,,
2022,May,5/20/2022,C,SGL103 SOUTH,SPRING CONTROL,,23,TEAL167,Y,WFM ,,,,,,,,,,,,,,,
2022,May,5/20/2022,C,SGL103 SOUTH,SUMMER CONTROL,,24,TEAL17,Y,WFM ,,,,,,,,,,,,,,,
2022,May,5/20/2022,C,SGL103 SOUTH,SUMMER CONTROL,,10,TEAL188,Y,WFM ,,,,,,,,,,,,,,,
2022,May,5/20/2022,C,SGL103 SOUTH,SPRING CONTROL,,5,TEAL189,Y,WFM ,,,,,,,,,,,,,,,
2022,May,5/20/2022,C,SGL103 SOUTH,SUMMER CONTROL,,3,TEAL190,Y,WFM ,,,,,,,,,,,,,,,
2022,May,5/20/2022,C,SGL103 SOUTH,SPRING CONTROL,,10,TEAL196,Y,WFM ,,,,,,,,,,,,,,,
2022,May,5/20/2022,C,SGL103 SOUTH,SPRING CONTROL,,2,TEAL21,Y,WFM ,,,,,,,,,,,,,,,
2022,May,5/20/2022,C,SGL103 SOUTH,SUMMER CONTROL,,25,TEAL27,Y,WFM ,,,,,,,,,,,,,,,
2022,May,5/20/2022,C,SGL103 SOUTH,SPRING CONTROL,,6,TEAL31,Y,WFM ,,,,,,,,,,,,,,,
2022,May,5/20/2022,C,SGL103 SOUTH,FALL CONTROL,,29,TEAL36,Y,WFM ,,,,,,,,,,,,,,,
2022,May,5/20/2022,C,SGL103 SOUTH,SUMMER CONTROL,,15,TEAL40,Y,WFM ,,,,,,,,,,,,,,,
2022,May,5/20/2022,C,SGL103 SOUTH,SPRING CONTROL,,14,TEAL45,Y,WFM ,,,,,,,,,,,,,,,
2022,May,5/20/2022,C,SGL103 SOUTH,SUMMER CONTROL,,16,TEAL46,Y,WFM ,,,,,,,,,,,,,,,
2022,May,5/20/2022,C,SGL103 SOUTH,SUMMER CONTROL,,11,TEAL54,Y,WFM ,,,,,,,,,,,,,,,
2022,May,5/20/2022,C,SGL103 SOUTH,FALL CONTROL,,13,TEAL57,Y,WFM ,,,,,,,,,,,,,,,
2022,May,5/20/2022,C,SGL103 SOUTH,SPRING CONTROL,,17,TEAL60,Y,WFM ,,,,,,,,,,,,,,,
2022,May,5/20/2022,C,SGL103 SOUTH,FALL CONTROL,,18,TEAL7,Y,WFM ,,,,,,,,,,,,,,,
2022,May,5/20/2022,C,SGL103 SOUTH,FALL CONTROL,,16,TEAL73,Y,WFM ,,,,,,,,,,,,,,,
2022,May,5/20/2022,C,SGL103 SOUTH,FALL CONTROL,,5,TEAL87,Y,WFM ,,,,,,,,,,,,,,,
2022,May,5/20/2022,C,SGL103 SOUTH,SPRING CONTROL,,21,TEAL88,Y,WFM ,,,,,,,,,,,,,,,
2022,May,5/20/2022,C,SGL103 SOUTH,SUMMER CONTROL,,28,TEAL98,Y,WFM ,,,,,,,,,,,,,,,
2022,May,5/31/2022,C,SGL176,SPRING CONTROL,,28,GREEN1,N,WFM ,M,AD,39,16,23,1.5,,,,,,6,,,
2022,May,5/31/2022,C,SGL176,SUMMER CONTROL,,8,GREEN11,N,WFM ,M,AD,45,18,27,1.4,,,,,,24,,,
2022,May,5/31/2022,C,SGL176,SPRING CONTROL,,2,GREEN2,N,WFM ,F,AD,41,18.5,22.5,1.2,,,,,,18,,,
2022,May,5/31/2022,C,SGL176,SPRING CONTROL,,25,GREEN30,N,WFM ,F,AD,46,20,26,1.2,,,,,,2,,,
2022,May,5/31/2022,C,SGL176,SPRING CONTROL,,7,GREEN32,N,WFM ,M,AD,30,17,13,1.2,,,,,,2,,,
2022,May,5/31/2022,C,SGL176,FALL CONTROL,,20,GREEN35,N,WFM ,M,AD,44,20,24,1.3,,,,,,7,,,
2022,May,5/31/2022,C,SGL176,SPRING CONTROL,,12,GREEN36,N,WFM ,M,AD,42,21,21,1.4,,,,,,21,,,
2022,May,5/31/2022,C,SGL176,FALL CONTROL,,29,GREEN38,N,WFM ,M,AD,34,10,24,1.6,,,,,,4,,,
2022,May,5/31/2022,C,SGL176,SPRING CONTROL,,13,GREEN45,N,WFM ,F,AD,47,18.5,28.5,1.5,,,,,,7,,,
2022,May,5/31/2022,C,SGL176,SPRING CONTROL,,3,GREEN47,Y,WFM ,M,AD,32,10,22,1.4,,,,,,0,,,
2022,May,5/31/2022,C,SGL176,SPRING CONTROL,,8,N/A (SEE NOTES),N,WFM ,F,AD,,,,,,,,,,18,,,
2022,May,5/31/2022,C,SGL33,SPRING CONTROL,,11,GREEN54,N,WFM ,M,AD,50,26,24,1.5,,,,,,46,,,
2022,May,5/31/2022,C,SGL33,SUMMER CONTROL,,27,GREEN57,N,WFM ,M,AD,50,30,20,1.2,,,,,,9,,,
2022,May,5/31/2022,C,SGL33,SPRING CONTROL,,2,GREEN65,N,WFM ,M,AD,36,11,25,1.5,,,,,,1,,,
2022,May,5/31/2022,C,SGL33,SPRING CONTROL,,4,GREEN70,N,WFM ,M,AD,46,20,26,1.6,,,,,,2,,,
2022,May,5/31/2022,C,SGL33,SPRING CONTROL,,24,GREEN74,N,WFM ,F,AD,38,10,28,1.8,,,,,,7,,,
2022,May,5/31/2022,C,SGL33,SPRING CONTROL,,14,GREEN83,Y,WFM ,F,AD,45,19,26,1.6,,,,,,4,,,
2022,May,5/31/2022,C,SGL33,SPRING CONTROL,,30,GREEN84,N,WFM ,F,AD,40,16,24,1.7,,,,,,0,,,
2022,May,5/31/2022,C,SGL33,SPRING CONTROL,,26,GREEN88,N,WFM ,M,JUV,32,13,19,1.5,,,,,,22,,,
2022,May,5/31/2022,C,SGL33,SPRING CONTROL,,3,GREEN90,N,WFM ,F,AD,37,24,13,1.3,,,,,,3,,,
2022,May,5/31/2022,C,SGL33,SUMMER CONTROL,,19,GREEN92,N,WFM ,M,JUV,47,28,19,1.5,,,,,,1,,,
2022,May,5/31/2022,C,SGL33,SUMMER CONTROL,,20,GREEN93,N,WFM ,M,AD,46,25,21,1.4,,,,,,2,,,
2022,October,10/14/2022,C,SGL103 SOUTH,SPRING CONTROL,,2,GREEN133,Y,WFM ,,,,,,,,,,,,,,,
2022,October,10/14/2022,C,SGL103 SOUTH,SPRING CONTROL,,12,N/A,N,WFM ,,,,,,,,,,,,,,,
2022,October,10/14/2022,C,SGL103 SOUTH,SPRING CONTROL,,18,TEAL74,Y,WFM ,,,,,,,,,,,,,,,
2022,October,10/15/2022,C,SGL103 SOUTH,SPRING CONTROL,,2,TEAL196,Y,WFM ,,,,,,,,,,,,,,,
2022,October,10/3/2022,C,SGL176,SPRING CONTROL,,2,GREY19,N,WFM ,M,JUV,28,10,18,1.2,,,,,,7,,,
2022,October,10/3/2022,C,SGL176,SPRING CONTROL,,23,GREY45,N,WFM ,F,AD,29,10,19,1.9,,,,,,16,,,
2022,October,10/4/2022,C,SGL176,SPRING CONTROL,,5,GREY12,N,WFM ,F,AD,30,10,20,1.4,,,,,,3,,,
2022,October,10/4/2022,C,SGL176,FALL CONTROL,,27,GREY3,N,WFM ,F,AD,31,9,22,1.4,,,,,,1,,,
2022,October,10/4/2022,C,SGL176,SUMMER CONTROL,,5,GREY30,N,WFM ,F,AD,24,9,15,1.4,,,,,,1,,,
2022,October,10/4/2022,C,SGL176,SUMMER CONTROL,,20,GREY34,N,WFM ,M,JUV,38,24,14,1.2,,,,,,13,,,
2022,October,10/4/2022,C,SGL176,SUMMER CONTROL,,10,GREY54,N,WFM ,F,AD,39,13,26,1.5,,,,,,8,,,
2022,October,10/4/2022,C,SGL176,SUMMER CONTROL,,28,GREY94,N,WFM ,M,AD,32,12,20,1.6,,,,,,2,,,
2022,October,10/4/2022,C,SGL176,SPRING CONTROL,,4,RED311,Y,WFM ,M,AD,37,16,21,1.6,,,,,,0,,,
2022,October,10/7/2022,C,SGL176,FALL CONTROL,,29,GREY3,Y,WFM ,,,,,,,,,,,,,,,
2022,October,10/7/2022,C,SGL176,SUMMER CONTROL,,1,GREY59,N,WFM ,F,AD,33,10,23,1.4,,,,,,3,,,
2022,October,10/7/2022,C,SGL176,FALL CONTROL,,13,GREY75,N,WFM ,F,AD,32,10,22,1.7,,,,,,1,,,
2022,October,10/7/2022,C,SGL176,SUMMER CONTROL,,9,N/A,N,WFM ,,,,,,,,,,,,,,,
2022,October,10/11/2022,C,SGL176,FALL CONTROL,,8,BLACK152,N,WFM ,M,AD,32,10,22,1.8,,,,,,0,,,
2022,October,10/11/2022,C,SGL176,FALL CONTROL,,11,BLACK184,N,WFM ,F,JUV,20,10,10,1.1,,,,,,0,,,
2022,October,10/11/2022,C,SGL176,SUMMER CONTROL,,11,BLACK197,N,WFM ,F,JUV,20,14,6,1.2,,,,,,0,,,
2022,October,10/11/2022,C,SGL176,SPRING CONTROL,,17,BLACK199,N,WFM ,M,AD,32,10,22,1.7,,,,,,3,,,
2022,October,10/11/2022,C,SGL176,FALL CONTROL,,21,BLACK201,N,WFM ,F,AD,32,10,22,1.3,,,,,,0,,,
2022,October,10/11/2022,C,SGL176,FALL CONTROL,,16,GREY3,Y,WFM ,,,,,,,,,,,,,,,
2022,October,10/11/2022,C,SGL176,SUMMER CONTROL,,6,GREY54,Y,WFM ,,,,,,,,,,,,,,,
2022,October,10/11/2022,C,SGL176,SPRING CONTROL,,6,RED311,Y,WFM ,,,,,,,,,,,,,,,
2022,October,10/17/2022,C,SGL33,SPRING CONTROL,,2,BLACK180,N,WFM ,M,JUV,34.5,15,19.5,1.2,,,,,,10,,,
2022,October,10/17/2022,C,SGL33,SPRING CONTROL,,29,GREEN84,Y,WFM ,F,AD,41.5,16,25.5,1.4,,,,,,0,,,
2022,October,10/17/2022,C,SGL33,SUMMER CONTROL,,5,GREY10,N,WFM ,F,AD,50,26,24,1.4,,,,,,2,,,
2022,October,10/17/2022,C,SGL33,SUMMER CONTROL,,14,GREY17,N,WFM ,M,JUV,29.5,14,15.5,1.2,,,,,,0,,,
2022,October,10/17/2022,C,SGL33,SUMMER CONTROL,,13,GREY31,N,WFM ,M,AD,50,27,23,1.2,,,,,,0,,,
2022,October,10/18/2022,C,SGL33,SPRING CONTROL,,28,GREEN84,Y,WFM ,F,AD,45,24,21,1.1,,,,,,0,,,
2022,October,10/18/2022,C,SGL33,SPRING CONTROL,,2,GREEN90,Y,WFM ,F,AD,31,9,22,1.6,,,,,,0,,,
2022,October,10/18/2022,C,SGL33,SUMMER CONTROL,,4,GREY10,Y,WFM ,,,,,,,,,,,,,,,
2022,October,10/18/2022,C,SGL33,SUMMER CONTROL,,14,GREY17,Y,WFM ,,,,,,,,,,,,,,,
2022,October,10/18/2022,C,SGL33,SPRING CONTROL,,26,GREY22,N,WFM ,M,JUV,29,18,11,1.5,,,,,,0,,,
2022,October,10/18/2022,C,SGL33,SUMMER CONTROL,,7,GREY31,Y,WFM ,,,,,,,,,,,,,,,
2022,October,10/18/2022,C,SGL33,SPRING CONTROL,,8,GREY37,N,WFM ,M,JUV,29,15,14,1.4,,,,,,0,,,
2022,October,10/18/2022,C,SGL33,SUMMER CONTROL,,15,GREY49,N,WFM ,F,AD,38,23,15,1.3,,,,,,0,,,
2022,October,10/18/2022,C,SGL33,SPRING CONTROL,,25,RED19,Y,WFM ,F,AD,35,9,26,1.6,,,,,,0,,,
2022,October,10/25/2022,C,SGL33,SPRING CONTROL,,4,GREY22,Y,WFM ,,,,,,,,,,,,,,,
2022,October,10/25/2022,C,SGL33,SPRING CONTROL,,18,GREY37,Y,WFM ,,,,,,,,,,,,,,,
2022,October,10/25/2022,C,SGL33,FALL CONTROL,,10,GREY65,N,WFM ,F,AD,36,14,22,1.1,,,,,,1,,,
2022,October,10/25/2022,C,SGL33,SUMMER CONTROL,,27,GREY81,N,WFM ,F,JUV,22,13,9,1.4,,,,,,1,,,
2022,October,10/27/2022,C,SGL33,SPRING CONTROL,,2,GREEN90,Y,WFM ,,,,,,,,,,,,,,,
2022,October,10/27/2022,C,SGL33,SPRING CONTROL,,8,GREY60,N,WFM ,F,AD,39,17,22,1.8,,,,,,0,,,
2022,October,10/27/2022,C,SGL33,SPRING CONTROL,,26,GREY66,N,WFM ,F,AD,40,24,16,1.3,,,,,,0,,,
2022,October,10/27/2022,C,SGL33,SPRING CONTROL,,12,GREY79,N,WFM ,,,,,,,,,,,,,,,
2022,October,10/27/2022,C,SGL33,SPRING CONTROL,,23,GREY92,N,WFM ,M,AD,32,12,20,1.4,,,,,,1,,,
2022,September,9/27/2022,C,SGL103 NORTH,SPRING CONTROL,,6,GREEN146,N,WFM ,M,AD,38,19,19,1.4,,,,,,4,,,
2022,September,9/27/2022,C,SGL103 NORTH,FALL CONTROL,,29,GREEN155,N,WFM ,F,AD,45,11,34,1.5,,,,,,9,,,
2022,September,9/27/2022,C,SGL103 NORTH,FALL CONTROL,,3,GREEN167,N,WFM ,F,JUV,20,11,9,1.4,,,,,,10,,,
2022,September,9/27/2022,C,SGL103 NORTH,FALL CONTROL,,19,GREEN197,N,WFM ,F,AD,40,11,29,1.6,,,,,,15,,,
2022,September,9/27/2022,C,SGL103 NORTH,SUMMER CONTROL,,20,GREY100,N,WFM ,F,AD,27,10,17,2.0,,,,,,4,,,
2022,September,9/27/2022,C,SGL103 NORTH,SUMMER CONTROL,,8,GREY158,Y,WFM ,F,AD,34,10,24,1.5,,,,,,8,,,
2022,September,9/27/2022,C,SGL103 NORTH,SPRING CONTROL,,26,GREY179,N,WFM ,F,AD,41,16,25,1.5,,,,,,12,,,
2022,September,9/27/2022,C,SGL103 NORTH,SUMMER CONTROL,,25,GREY195,Y,WFM ,M,AD,34,10,24,1.3,,,,,,12,,,
2022,September,9/27/2022,C,SGL103 NORTH,SUMMER CONTROL,,12,GREY213,Y,WFM ,M,AD,31,10,21,,,,,,,29,,,
2022,September,9/27/2022,C,SGL103 NORTH,SPRING CONTROL,,17,GREY225,Y,WFM ,F,AD,31,11,20,1.4,,,,,,18,,,
2022,September,9/27/2022,C,SGL103 NORTH,FALL CONTROL,,25,GREY241,Y,WFM ,F,AD,39,11,28,1.4,,,,,,12,,,
2022,September,9/27/2022,C,SGL103 NORTH,SUMMER CONTROL,,30,GREY71,N,WFM ,M,AD,35,10,25,1.5,,,,,,0,,,
2022,September,9/27/2022,C,SGL103 NORTH,SPRING CONTROL,,14,GREY84,N,WFM ,F,AD,45,10,35,1.4,,,,,,6,,,
2022,September,9/27/2022,C,SGL103 NORTH,SPRING CONTROL,,29,GREY88,N,WFM ,M,AD,38,10,28,1.6,,,,,,13,,,
2022,September,9/27/2022,C,SGL103 NORTH,SUMMER CONTROL,,14,GREY93,N,WFM ,M,AD,35,17,18,1.5,,,,,,2,3,,
2022,September,9/27/2022,C,SGL103 NORTH,SUMMER CONTROL,,16,GREY95,N,WFM ,M,AD,31,10,21,1.5,,,,,,9,,,
2022,September,9/27/2022,C,SGL103 NORTH,SUMMER CONTROL,,2,TEAL63,Y,WFM ,F,AD,,,,,,,,,,4,,,
2022,September,9/27/2022,C,SGL103 NORTH,FALL CONTROL,,16,TEAL78,Y,WFM ,F,AD,49,11,38,1.6,,,,,,2,,,
2022,September,9/28/2022,C,SGL103 NORTH,SUMMER CONTROL,,13,GREEN165,N,WFM ,M,AD,31,10,21,1.4,,,,,,3,,,
2022,September,9/28/2022,C,SGL103 NORTH,SPRING CONTROL,,17,GREY192,Y,WFM ,M,AD,34,10,24,1.4,,,,,,21,,,
2022,September,9/28/2022,C,SGL103 NORTH,SUMMER CONTROL,,29,GREY220,Y,WFM ,,,,,,,,,,,,,,,
2022,September,9/28/2022,C,SGL103 NORTH,SPRING CONTROL,,7,N/A,N,WFM ,,,,,,,,,,,,,,,
2022,September,9/28/2022,C,SGL103 NORTH,SUMMER CONTROL,,3,RED353,Y,WFM ,M,AD,43,12,31,1.4,,,,,,16,,,
2022,September,9/27/2022,C,SGL103 SOUTH,FALL CONTROL,,14,GREEN115,N,WFM ,M,AD,29,10,19,1.7,,,,,,3,,,
2022,September,9/27/2022,C,SGL103 SOUTH,FALL CONTROL,,17,GREEN121,N,WFM ,M,AD,31,10,21,1.9,,,,,,2,,,
2022,September,9/27/2022,C,SGL103 SOUTH,FALL CONTROL,,24,GREEN129,N,WFM ,F,AD,31,10,21,1.6,,,,,,0,,,
2022,September,9/27/2022,C,SGL103 SOUTH,FALL CONTROL,,25,GREEN132,N,WFM ,M,AD,30,13,17,1.3,,,,,,0,,,
2022,September,9/27/2022,C,SGL103 SOUTH,SPRING CONTROL,,1,GREEN133,N,WFM ,F,AD,38,16,22,1.6,,,,,,2,,,
2022,September,9/27/2022,C,SGL103 SOUTH,FALL CONTROL,,22,GREEN137,N,WFM ,M,AD,35,11,24,1.3,,,,,,2,,,
2022,September,9/27/2022,C,SGL103 SOUTH,FALL CONTROL,,30,GREEN44,Y,WFM ,F,AD,51,31,20,1.3,,,,,,0,,,
2022,September,9/27/2022,C,SGL103 SOUTH,FALL CONTROL,,26,GREY149,N,WFM ,M,AD,32,10,22,1.4,,,,,,3,,,
2022,September,9/27/2022,C,SGL103 SOUTH,SUMMER CONTROL,,6,GREY266,Y,WFM ,M,AD,45,23,22,1.3,,,,,,6,2,1,
2022,September,9/27/2022,C,SGL103 SOUTH,FALL CONTROL,,20,GREY5,N,WFM ,F,AD,52,31.5,20.5,1.2,,,,,,3,,,
2022,September,9/27/2022,C,SGL103 SOUTH,FALL CONTROL,,10,RED346,Y,WFM ,F,AD,36,10,26,1.4,,,,,,6,1,,
2022,September,9/27/2022,C,SGL103 SOUTH,SUMMER CONTROL,,2,RED360,Y,WFM ,M,AD,40,18,22,1.7,,,,,,10,,,
2022,September,9/27/2022,C,SGL103 SOUTH,FALL CONTROL,,18,RED428,Y,WFM ,F,AD,42,19,23,1.4,,,,,,2,,,
2022,September,9/27/2022,C,SGL103 SOUTH,FALL CONTROL,,28,RED441,Y,WFM ,,,,,,,,,,,,,,,
2022,September,9/27/2022,C,SGL103 SOUTH,FALL CONTROL,,8,RED494,Y,WFM ,M,AD,29,11,18,1.3,,,,,,10,,,
2022,September,9/27/2022,C,SGL103 SOUTH,SUMMER CONTROL,,24,TEAL17,Y,WFM ,M,AD,54,30,24,1.4,,,,,,13,,,
2022,September,9/27/2022,C,SGL103 SOUTH,SPRING CONTROL,,12,TEAL196,Y,WFM ,M,AD,59,35,24,1.4,,,,,,12,,,
2022,September,9/27/2022,C,SGL103 SOUTH,SPRING CONTROL,,17,TEAL74,Y,WFM ,F,AD,52,30,22,1.2,,,,,,4,,,
2022,September,9/28/2022,C,SGL103 SOUTH,FALL CONTROL,,17,GREEN121,Y,WFM ,,,,,,,,,,,,,,,
2022,September,9/28/2022,C,SGL103 SOUTH,FALL CONTROL,,25,GREEN129,Y,WFM ,,,,,,,,,,,,,,,
2022,September,9/28/2022,C,SGL103 SOUTH,FALL CONTROL,,19,GREEN137,Y,WFM ,,,,,,,,,,,,,,,
2022,September,9/28/2022,C,SGL103 SOUTH,FALL CONTROL,,7,GREEN174,N,WFM ,F,AD,31,10,21,1.5,,,,,,20,,,
2022,September,9/28/2022,C,SGL103 SOUTH,FALL CONTROL,,11,GREY112,Y,WFM ,,,,,,,,,,,,,,,
2022,September,9/29/2022,C,SGL103 SOUTH,FALL CONTROL,,9,GREEN174,Y,WFM ,,,,,,,,,,,,,,,
2022,September,9/29/2022,C,SGL103 SOUTH,FALL CONTROL,,19,GREEN177,Y,WFM ,,,,,,,,,,,,,,,
2022,September,9/29/2022,C,SGL103 SOUTH,SUMMER CONTROL,,5,N/A,N,WFM ,,,,,,,,,,,,,,,
2023,July,7/12/2023,C,ADL,C,,19,DARKBLUE305,N,WFM ,M,AD,39,10,29,1.3,,,,,,1,,,
2023,July,7/12/2023,C,ADL,C,,6,DARKBLUE362,N,WFM ,M,AD,39,19,20,1.4,,,,,,3,,,
2023,July,7/13/2023,C,ADL,C,,18,DARKBLUE420,N,WFM ,M,AD,34,10,24,1.6,,,,,,1,,,
2023,July,7/13/2023,C,ADL,C,,20,DARKBLUE443,N,WFM ,M,AD,38,23,15,1.4,,,,,,2,,,
2023,July,7/14/2023,C,ADL,C,,9,DARKBLUE362,Y,WFM ,,,,,,,,,,,,,,,
2023,July,7/7/2023,C,SGL103 NORTH,C,,11,DARKBLUE315,N,WFM ,M,JUV,25,9,16,1.3,,,,,,6,,,
2023,July,7/7/2023,C,SGL103 NORTH,C,,5,DARKBLUE348,N,WFM ,M,AD,37,10,27,1.2,,,,,,12,,,
2023,July,7/7/2023,C,SGL103 NORTH,C,,10,GREEN340,Y,WFM ,F,AD,42,18,24,1.6,,,,,,10,,,
2023,July,7/7/2023,C,SGL103 NORTH,C,,6,TEAL135,N,WFM ,F,AD,48,19,29,1.5,,,,,,9,,,
2023,July,7/8/2023,C,SGL103 NORTH,C,,8,GREEN340,Y,WFM ,,,,,,,,,,,,,,,
2023,July,7/6/2023,C,SGL103 SOUTH,C,,5,DARKBLUE306,N,WFM ,M,AD,45,17,28,1.5,,,,,,9,,,
2023,July,7/6/2023,C,SGL103 SOUTH,C,,1,DARKBLUE310,N,WFM ,M,AD,45,17,28,1.3,,,,,,1,,,
2023,July,7/6/2023,C,SGL103 SOUTH,C,,8,DARKBLUE338,N,WFM ,M,AD,40,8,32,1.5,,,,,,9,,,
2023,July,7/7/2023,C,SGL103 SOUTH,C,,5,DARKBLUE306,Y,WFM ,,,,,,,,,,,,,,,
2023,July,7/7/2023,C,SGL103 SOUTH,C,,6,DARKBLUE321,N,WFM ,F,AD,32,10,22,1.4,,,,,,0,,,
2023,July,7/7/2023,C,SGL103 SOUTH,C,,1,DARKBLUE343,N,WFM ,F,AD,47,31,16,,,,,,,2,,,
2023,July,7/7/2023,C,SGL103 SOUTH,C,,8,DARKBLUE346,N,WFM ,F,AD,48,32,16,1.6,,,,,,7,,,
2023,July,7/7/2023,C,SGL103 SOUTH,C,,3,DARKBLUE357,N,WFM ,F,AD,35,16,19,1.3,,,,,,8,,,
2023,July,7/8/2023,C,SGL103 SOUTH,C,,5,DARKBLUE306,Y,WFM ,,,,,,,,,,,,,,,
2023,July,7/8/2023,C,SGL103 SOUTH,C,,8,DARKBLUE317,N,WFM ,F,AD,30,10,20,1.5,,,,,,3,1,,
2023,July,7/8/2023,C,SGL103 SOUTH,C,,8,DARKBLUE338,Y,WFM ,,,,,,,,,,,,,,,
2023,July,7/8/2023,C,SGL103 SOUTH,C,,10,DARKBLUE400,N,WFM ,M,AD,31,10,21,1.6,,,,,,3,1,,
2023,July,7/12/2023,C,SGL33,C,,3,DARKBLUE323,N,WFM ,F,AD,31,10,21,1.4,,,,,,0,,,
2023,July,7/12/2023,C,SGL33,C,,12,DARKBLUE353,N,WFM ,M,AD,56,30,26,1.5,,,,,,1,,,
2023,July,7/12/2023,C,SGL33,C,,10,DARKBLUE358,N,WFM ,F,AD,40,13,27,1.6,,,,,,0,,,
2023,July,7/12/2023,C,SGL33,C,,14,DARKBLUE361,N,WFM ,M,AD,70,49,21,1.6,,,,,,3,,,
2023,July,7/12/2023,C,SGL33,C,,4,DARKBLUE371,N,WFM ,M,AD,50,30,20,1.5,,,,,,1,,,
2023,July,7/12/2023,C,SGL33,C,,7,DARKBLUE384,N,WFM ,F,AD,36,19,17,1.3,,,,,,2,,,
2023,July,7/12/2023,C,SGL33,C,,1,DARKBLUE388,N,WFM ,F,AD,39,22,17,1.3,,,,,,0,,,
2023,July,7/12/2023,C,SGL33,C,,19,DARKBLUE389,N,WFM ,F,AD,43,16,27,1.5,,,,,,21,,,
2023,July,7/12/2023,C,SGL33,C,,13,DARKBLUE407,N,WFM ,F,AD,32,15,17,1.5,,,,,,4,,,
2023,July,7/13/2023,C,SGL33,C,,12,DARKBLUE358,Y,WFM ,,,,,,,,,,,,,,,
2023,July,7/13/2023,C,SGL33,C,,19,DARKBLUE389,Y,WFM ,,,,,,,,,,,,,,,
2023,July,7/13/2023,C,SGL33,C,,16,DARKBLUE428,N,WFM ,F,AD,52,32,20,1.6,,,,,,2,,,
2023,July,7/14/2023,C,SGL33,C,,17,DARKBLUE361,Y,WFM ,,,,,,,,,,,,,,,
2023,July,7/14/2023,C,SGL33,C,,7,DARKBLUE384,Y,WFM ,,,,,,,,,,,,,,,
2023,July,7/14/2023,C,SGL33,C,,2,DARKBLUE388,Y,WFM ,,,,,,,,,,,,,,,
2023,July,7/14/2023,C,SGL33,C,,20,DARKBLUE389,Y,WFM ,,,,,,,,,,,,,,,
2023,July,7/14/2023,C,SGL33,C,,13,DARKBLUE431,N,WFM ,M,AD,35,13,22,1.5,,,,,,1,,,
2023,July,7/14/2023,C,SGL33,C,,5,DARKBLUE432,N,WFM ,M,JUV,26,10,16,1.4,,,,,,0,,,
2023,July,7/14/2023,C,SGL33,C,,3,DARKBLUE473,N,WFM ,M,AD,48,32,16,1.8,,,,,,0,,,
2023,June,6/7/2023,C,ADL,C,,2,GREEN350,N,WFM ,F,AD,42,17,25,1.7,,,,,,0,,,
2023,June,6/8/2023,C,ADL,C,,5,GREEN350,Y,WFM ,,,,,,,,,,,,,,,
2023,June,6/8/2023,C,ADL,C,,2,GREEN352,N,WFM ,M,AD,49,29,20,1.3,,,,,,1,,,
2023,June,6/8/2023,C,ADL,C,,17,GREEN379,N,WFM ,M,JUV,33,17,16,1.1,,,,,,2,,,
2023,June,6/9/2023,C,ADL,C,,19,GREEN379,Y,WFM ,,,,,,,,,,,,,,,
2023,June,6/1/2023,C,SGL103 NORTH,C,,7,TEAL135,Y,WFM ,F,AD,38,10,28,1.4,,,,,,5,,,
2023,June,6/2/2023,C,SGL103 NORTH,C,,12,GREEN325,N,WFM ,M,JUV,,,,1.5,,,,,,9,,,
2023,June,6/2/2023,C,SGL103 NORTH,C,,9,GREEN340,N,WFM ,F,AD,49,25,24,1.5,,,,,,46,,,
2023,June,6/2/2023,C,SGL103 NORTH,C,,2,GREEN345,Y,WFM ,,,,,,,,,,,,,,,
2023,June,6/7/2023,C,SGL33,C,,14,GREEN306,N,WFM ,M,AD,29,10,19,1.3,,,,,,12,,,
2023,June,6/7/2023,C,SGL33,C,,10,GREEN316,N,WFM ,F,AD,66,39,27,1.5,,,,,,1,,,
2023,June,6/7/2023,C,SGL33,C,,8,GREEN322,N,WFM ,M,JUV,45,30,15,1.4,,,,,,2,,,
2023,June,6/7/2023,C,SGL33,C,,6,GREEN330,N,WFM ,F,JUV,37,21,16,1.0,,,,,,2,,,
2023,June,6/7/2023,C,SGL33,C,,19,GREEN339,N,WFM ,F,JUV,46,33,13,1.4,,,,,,7,,,
2023,June,6/8/2023,C,SGL33,C,,8,GREEN316,Y,WFM ,,,,,,,,,,,,,,,
2023,June,6/8/2023,C,SGL33,C,,7,GREEN322,Y,WFM ,,,,,,,,,,,,,,,
2023,June,6/8/2023,C,SGL33,C,,11,GREEN334,N,WFM ,M,JUV,34,17,17,1.3,,,,,,6,,,
2023,June,6/8/2023,C,SGL33,C,,17,GREEN339,Y,WFM ,,,,,,,,,,,,,,,
2023,June,6/9/2023,C,SGL33,C,,16,GREEN306,Y,WFM ,,,,,,,,,,,,,,,
2023,June,6/9/2023,C,SGL33,C,,6,GREEN330,Y,WFM ,,,,,,,,,,,,,,,
2023,June,6/9/2023,C,SGL33,C,,12,GREEN334,Y,WFM ,,,,,,,,,,,,,,,
2023,May,5/31/2023,C,SGL103 NORTH,C,,4,GREEN345,N,WFM ,M,AD,41,17,24,1.8,,,,,,6,,,
2024,August,8/1/2024,C,SGL103,1,B,5,RED105,N,WFM ,F,SUBADULT,50,25,25,1.3,,,7.8,,,1,,,
2024,August,8/1/2024,C,SGL103,8,B,7,RED123,N,WFM ,M,AD,38,11,27,1.3,,,8.1,,,1,,,
2024,August,8/1/2024,C,SGL103,3,A,9,RED127,N,WFM ,M,AD,47,21,26,1.4,,,7.9,,,1,,1,
2024,August,8/1/2024,C,SGL103,5,A,3,RED128,Y,WFM ,M,AD,75,50,25,1.3,,,7.8,,,2,,,
2024,August,8/1/2024,C,SGL103,6,A,1,RED130,N,WFM ,M,SUBADULT,44,23,21,1.2,,,7.8,,,0,,,
2024,August,8/1/2024,C,SGL103,3,B,5,RED134,N,WFM ,M,JUV,26,10,16,1,,,8,,,2,,,
2024,August,8/1/2024,C,SGL103,4,B,4,RED15,N,WFM ,M,AD,34,11,23,1.5,,,7,,,3,,,
2024,August,8/1/2024,C,SGL103,4,B,4,RED2,N,WFM ,M,JUV,25,11,14,1.25,,,6.5,,,2,,,
2024,August,8/1/2024,C,SGL103,8,B,1,RED79,N,WFM ,F,AD,55,23,32,1.6,,,7.8,,,0,,,
2024,August,8/1/2024,C,SGL103,3,B,7,RED95,N,WFM ,M,AD,60,35,25,1.7,,,9,,,11,,,
2024,August,8/1/2024,C,SGL103,4,A,9,RED99,N,WFM ,F,AD,46,25,21,1.5,,,8.6,,,4,,,
2024,August,8/1/2024,C,SGL103,3,B,8,TEAL361,N,WFM ,F,AD,31,12,19,1.9,,,9.9,,,4,,,
2024,August,8/1/2024,C,SGL103,4,B,1,TEAL364,N,WFM ,M,AD,47,21,26,1.5,,,9.3,,,1,,,
2024,August,8/1/2024,C,SGL103,5,A,2,TEAL386,N,WFM ,F,AD,42,14,28,1.9,,,9.8,,,13,,,
2024,August,8/1/2024,C,SGL103,3,A,10,TEAL412,N,WFM ,M,AD,36,11,25,1.8,,,9.3,,,13,,,
2024,August,8/1/2024,C,SGL103,3,A,5,TEAL420,N,WFM ,F,AD,33,11,22,1.5,,,7.6,,,0,,,
2024,August,8/2/2024,C,SGL103,4,A,8,BLACK134,N,WFM ,F,AD,76,51,25,1.6,,,8,,,2,,,
2024,August,8/2/2024,C,SGL103,7,A,1,BLACK158,Y,WFM ,,,,,0,,,,,,,,,,
2024,August,8/2/2024,C,SGL103,7,B,6,GREEN296,Y,WFM ,,,,,0,,,,,,,,,,
2024,August,8/2/2024,C,SGL103,4,B,3,RED344,Y,WFM ,,,,,0,,,,,,,,,,
2024,August,8/2/2024,C,SGL103,5,B,6,RED363,N,WFM ,F,AD,51,27,24,1.2,,,7.7,,,2,,,
2024,August,8/2/2024,C,SGL103,2,B,6,RED365,Y,WFM ,,,,,0,,,,,,,0,,,
2024,August,8/2/2024,C,SGL103,7,A,2,RED368,N,WFM ,,AD,52,,52,1.6,,,10.2,,,7,,,
2024,August,8/2/2024,C,SGL103,6,A,2,RED372,N,WFM ,M,JUV,58,38,20,1.5,,,8.7,,,2,,,
2024,August,8/2/2024,C,SGL103,7,A,2,RED379,N,WFM ,F,AD,45,21,24,,,,,,,0,,,
2024,August,8/2/2024,C,SGL103,3,B,10,RED406,N,WFM ,F,JUV,32,28,4,1.6,,,6.5,,,11,,,
2024,August,8/2/2024,C,SGL103,3,B,8,RED421,N,WFM ,M,AD,34,12,22,1.7,,,8.5,,,1,,,
2024,August,8/2/2024,C,SGL103,4,A,2,RED429,N,WFM ,M,AD,58,23,35,1.8,,,6.9,,,0,,,
2024,August,8/2/2024,C,SGL103,2,B,4,RED6,N,WFM ,M,AD,34,9,25,1.25,,,8,,,4,,,
2024,August,8/2/2024,C,SGL103,8,A,10,TEAL368,N,WFM ,F,AD,39,,39,1.5,,,8.3,,,0,,,
2024,August,8/2/2024,C,SGL103,8,A,4,TEAL390,N,WFM ,F,AD,45,30,15,1.5,,,7.7,,,1,,,
2024,August,8/2/2024,C,SGL103,2,B,1,TEAL456,N,WFM ,F,AD,34,11,23,1.6,,,8.4,,,2,,,
2024,August,8/2/2024,C,SGL103,3,A,10,TEAL481,N,WFM ,F,AD,36,11,25,1.6,,,8.3,,,0,,,
2024,August,8/2/2024,C,SGL103,3,B,6,TEAL491,N,WFM ,M,AD,30,11,19,1.6,,,9.1,,,2,,,
2024,August,8/2/2024,C,SGL103,3,B,10,,N,WFM ,,,,,0,,,,,,,,,,
2024,August,8/6/2024,C,SH,6,B,4,RED117,N,WFM ,F,AD,36,20,16,1.6,,,8.9,,,1,1,0,
2024,August,8/6/2024,C,SH,6,B,9,RED142,N,WFM ,M,JUV,33,13,20,1.5,,,8.6,,,5,,0,
2024,August,8/6/2024,C,SH,6,B,6,RED145,N,WFM ,M,AD,30,15,15,1.5,,,9.1,,,10,,,
2024,August,8/6/2024,C,SH,5,B,1,RED319,N,WFM ,F,AD,46,25,21,1.6,,,7.9,,,5,,0,
2024,August,8/6/2024,C,SH,7,A,2,RED93,N,WFM ,M,AD,43,16,27,1.4,,,8.2,,,2,,,
2024,August,8/6/2024,C,SH,6,A,3,TEAL404,N,WFM ,M,AD,39,15,24,1.5,,,8.9,,,18,,0,
2024,August,8/6/2024,C,SH,6,A,2,TEAL446,N,WFM ,M,AD,32,15,17,1.4,,,7.1,,,12,,0,
2024,August,8/6/2024,C,SH,1,B,5,TEAL484,Y,WFM ,F,AD,34,9,25,1.3,,,9.5,,,5,,0,
2024,August,8/8/2024,C,SH,6,A,9,RED331,N,WFM ,M,JUV,45,31,14,1.2,,,6.7,,,6,,0,
2024,August,8/8/2024,C,SH,5,B,1,RED358,N,WFM ,M,AD,32,11,21,1.8,,,8.4,,,11,,0,
2024,August,8/8/2024,C,SH,7,A,9,RED377,N,WFM ,M,AD,34,11,23,1.6,,,8.4,,,36,,0,
2024,August,8/8/2024,C,SH,5,B,7,RED380,N,WFM ,M,AD,31,18,13,1.4,,,8.3,,,14,,0,
2024,August,8/8/2024,C,SH,5,B,6,TEAL381,N,WFM ,F,AD,45,20,25,1.4,,,8.5,,,0,,0,
2024,August,8/8/2024,C,SH,4,B,10,TEAL400,N,WFM ,M,SUBADULT,30,10,20,1.5,,,8,,,3,,0,
2024,August,8/8/2024,C,SH,4,A,6,TEAL434,N,WFM ,F,JUV,35,17,18,1.5,,,7.5,,,1,,0,
2024,August,8/13/2024,C,SH,5,B,7,RED301,N,WFM ,M,AD,38,11,27,1.6,,,9,,,7,,0,
2024,August,8/13/2024,C,SH,5,A,5,RED317,N,WFM ,,,,,0,,,,,,,,,0,
2024,August,8/13/2024,C,SH,4,A,3,RED326,N,WFM ,M,AD,71,48,23,1.4,,,8,,,7,,,
2024,August,8/13/2024,C,SH,2,A,1,RED328,N,WFM ,F,AD,44,28,16,1.3,,,7.5,,,0,,0,
2024,August,8/13/2024,C,SH,2,B,7,RED347,N,WFM ,M,AD,35,11,24,1.5,,,8.4,,,1,,,
2024,August,8/13/2024,C,SH,2,A,9,RED61,N,WFM ,M,AD,33,10,23,1.1,,,9.1,,,2,,0,
2024,August,8/13/2024,C,SH,4,B,8,RED68,N,WFM ,M,AD,37,17,20,1.2,,,7.3,,,4,,0,
2024,August,8/13/2024,C,SH,7,B,5,TEAL442,N,WFM ,M,AD,36,16,20,1.5,,,8.6,,,2,,,
2024,July,7/30/2024,C,SGL103,6,A,4,BLACK22,N,WFM ,M,AD,39,13,26,1.6,,,8.3,,,8,,,
2024,July,7/30/2024,C,SGL103,4,A,1,BLACK54,Y,WFM ,F,JUV,37,23,14,1.2,,,6.3,,,1,,,
2024,July,7/30/2024,C,SGL103,5,B,1,GREEN373,N,WFM ,M,AD,35,9,26,1.5,,,7.7,,,3,,1,
2024,July,7/30/2024,C,SGL103,3,B,10,GREEN506,Y,WFM ,M,AD,46,12,34,1.9,,,10.1,,,4,,,
2024,July,7/30/2024,C,SGL103,4,B,4,RED100,N,WFM ,F,JUV,25,11,14,1,,,7.3,,,2,,1,
2024,July,7/30/2024,C,SGL103,1,A,5,RED103,N,WFM ,M,AD,40,12,28,1.2,,,8.2,,,2,,0,
2024,July,7/30/2024,C,SGL103,1,B,2,RED107,N,WFM ,F,SUBADULT,42,20,22,1.3,,,8,,,1,,0,
2024,July,7/30/2024,C,SGL103,4,A,7,RED108,N,WFM ,F,AD,55,29,26,1.3,,,8.4,,,3,,,
2024,July,7/30/2024,C,SGL103,8,B,8,RED116,N,WFM ,F,SUBADULT,58,19,39,1.4,,,7.4,,,4,,0,
2024,July,7/30/2024,C,SGL103,4,B,7,RED125,N,WFM ,F,AD,49,22,27,1.6,,,8.4,,,3,1,1 BOTFLY,
2024,July,7/30/2024,C,SGL103,1,B,1,RED141,N,WFM ,F,SUBADULT,37,23,14,1.4,,,6,,,1,,0,
2024,July,7/30/2024,C,SGL103,3,A,9,RED150,N,WFM ,M,AD,35,11,24,1.4,,,9.2,,,3,,,
2024,July,7/30/2024,C,SGL103,4,B,5,RED16,Y,WFM ,F,AD,50,,50,1.5,,,7.5,,,4,,,
2024,July,7/30/2024,C,SGL103,7,B,1,RED56,N,WFM ,M,SUBADULT,35,12,23,1.4,,,7.5,,,1,,BOTFLY,
2024,July,7/30/2024,C,SGL103,5,B,7,RED85,N,WFM ,M,AD,40,15,25,1.4,,,8.4,,,0,,0,
2024,July,7/30/2024,C,SGL103,3,B,5,TEAL425,N,WFM ,M,AD,37,11,26,1.9,,,8.8,,,4,,1BOTFLY,
2024,July,7/30/2024,C,SGL103,4,B,9,TEAL450,N,WFM ,M,AD,36,11,25,1.4,,,9.3,,,5,,,
2024,July,7/30/2024,C,SGL103,2,A,5,TEAL480*,N,WFM ,M,AD,40,16,24,1.4,,,8.6,,,3,,0,
2024,July,7/31/2024,C,SGL103,4,B,7,RED138,N,WFM ,M,SUBADULT,38,15,23,1.1,,,8.1,,,0,,0,
2024,July,7/31/2024,C,SGL103,5,A,4,RED354,N,WFM ,M,AD,42,13,29,1.4,,,8.3,,,4,,1BOTFLY,
2024,July,7/31/2024,C,SGL103,3,A,8,RED359,N,WFM ,M,JUV,29,12,17,1,,,7.8,,,3,,0,
2024,July,7/31/2024,C,SGL103,2,B,6,RED365,N,WFM ,F,JUV,39,15,24,1.3,,,7.7,,,0,,1 BOTFLY,
2024,July,7/31/2024,C,SGL103,2,B,6,RED365,N,WFM ,F,JUV,39,35,4,1.3,,,7.7,,,0,,1,
2024,July,7/31/2024,C,SGL103,5,A,6,RED375,N,WFM ,F,JUV,36,14,22,1.3,,,7.5,,,1,,,
2024,July,7/31/2024,C,SGL103,4,A,8,TEAL419*,N,WFM ,F,JUV,48,29,19,1.7,,,7.2,,,3,,0,
2024,July,7/31/2024,C,SGL103,4,B,1,TEAL496,N,WFM ,F,AD,37,14,23,1.8,,,7.8,,,3,,1BOTFLY,
2024,July,7/23/2024,C,SGL33,3,A,7,GREEN160,Y,WFM ,F,SUBADULT,53,32,21,1.5,,,7.4,,,1,,0,
2024,July,7/23/2024,C,SGL33,9,A,8,RED144,N,WFM ,F,AD,32,10,22,1.6,,,7.4,,,5,,0,
2024,July,7/23/2024,C,SGL33,3,B,4,TEAL302,N,WFM ,M,AD,33,11,22,1.6,,,9.1,,,4,,0,
2024,July,7/23/2024,C,SGL33,9,A,5,TEAL317,N,WFM ,F,AD,28,11,17,1.4,,,8.9,,,5,,0,
2024,July,7/23/2024,C,SGL33,3,B,2,TEAL321,N,WFM ,F,JUV,27,12,15,1.7,,,8.3,,,5,,0,
2024,July,7/23/2024,C,SGL33,9,B,10,TEAL327,N,WFM ,M,AD,60,33,27,1.9,,,9.1,,,3,,0,
2024,July,7/23/2024,C,SGL33,9,B,9,TEAL328,N,WFM ,M,AD,41,21,20,1.6,,,7.7,,,3,,0,
2024,July,7/23/2024,C,SGL33,8,B,4,TEAL369,N,WFM ,F,AD,36,21,15,1.6,,,9.9,,,0,,0,
2024,July,7/23/2024,C,SGL33,2,B,5,TEAL424,N,WFM ,M,AD,34,12,22,1.4,,,7.3,,,2,,0,
2024,July,7/23/2024,C,SGL33,2,A,4,TEAL429,N,WFM ,F,AD,34,13,21,1.7,,,8,,,3,,1,
2024,July,7/23/2024,C,SGL33,7,B,10,TEAL455,N,WFM ,M,SUBADULT,68,50,18,1.4,,,7.1,,,0,,0,
2024,July,7/23/2024,C,SGL33,1,A,8,TEAL467,N,WFM ,M,SUBADULT,81,60,21,1.4,,,7.3,,,3,,0,
2024,July,7/23/2024,C,SGL33,9,B,2,TEAL471,N,WFM ,M,AD,52,26,26,1.5,,,8.9,,,1,,0,
2024,July,7/24/2024,C,SGL33,5,A,4,RED19,N,WFM ,M,SUBADULT,50,25,25,1.5,,,7.5,,,11,,0,
2024,July,7/24/2024,C,SGL33,6,A,7,RED27,N,WFM ,F,AD,49,32,17,1.5,,,8.5,,,3,,0,
2024,July,7/24/2024,C,SGL33,5,B,7,RED4,N,WFM ,M,AD,59,34,25,1.6,,,8.7,,,3,,0,
2024,July,7/24/2024,C,SGL33,9,B,3,RED43,N,WFM ,F,JUV,44,23,21,1.5,,,7.2,,,3,,0,
2024,July,7/24/2024,C,SGL33,1,B,4,RED74,N,WFM ,F,AD,29,9,20,1.3,,,9,,,2,,0,
2024,July,7/24/2024,C,SGL33,2,B,9,RED9,N,WFM ,F,AD,31,12,19,1.3,,,8,,,0,,0,
2024,July,7/24/2024,C,SGL33,7,B,8,RED92,N,WFM ,M,AD,42,17,25,1.4,,,8.3,,,4,,0,
2024,July,7/24/2024,C,SGL33,9,B,5,TEAL313,N,WFM ,F,JUV,32,12,20,1.4,,,8.1,,,0,,0,
2024,July,7/24/2024,C,SGL33,6,A,2,TEAL322,N,WFM ,M,JUV,31,11,20,1.4,,,7.2,,,5,,0,
2024,July,7/24/2024,C,SGL33,2,B,10,TEAL323,N,WFM ,F,AD,25,11,14,1.5,,,8.1,,,0,,0,
2024,July,7/24/2024,C,SGL33,2,A,5,TEAL334,N,WFM ,F,AD,31,11,20,1.4,,,7.1,,,1,,0,
2024,July,7/24/2024,C,SGL33,6,B,7,TEAL338,N,WFM ,M,AD,40,18,22,1.7,,,8.1,,,1,,0,
2024,July,7/24/2024,C,SGL33,7,B,2,TEAL355,N,WFM ,M,AD,81,59,22,1.2,,,8.2,,,2,,1,
2024,July,7/24/2024,C,SGL33,5,A,3,TEAL362,N,WFM ,M,SUBADULT,32,11,21,1.5,,,7.2,,,1,,0,
2024,July,7/24/2024,C,SGL33,2,B,1,TEAL465,N,WFM ,M,AD,91,73,18,1.9,,,8.6,,,2,,0,
2024,July,7/25/2024,C,SGL33,5,A,6,TEAL304,N,WFM ,M,AD,38,17,21,1.4,,,7.4,,,2,,1,
2024,July,7/25/2024,C,SGL33,6,A,10,TEAL318,N,WFM ,M,AD,37,14,23,1.4,,,7.6,,,1,,0,
2024,July,7/25/2024,C,SGL33,9,A,1,TEAL324,N,WFM ,F,AD,65,46,19,1.4,,,7.3,,,4,,0,
2024,July,7/25/2024,C,SGL33,9,A,9,TEAL375,N,WFM ,F,AD,32,11,21,1.4,,,7.5,,,1,,0,
2024,July,7/25/2024,C,SGL33,8,A,5,TEAL378,N,WFM ,M,AD,36,11,25,1.6,,,8.3,,,1,,0,
2024,July,7/25/2024,C,SGL33,2,A,2,TEAL399,N,WFM ,F,JUV,26,11,15,1.4,,,7.5,,,1,,0,
2024,July,7/25/2024,C,SGL33,3,B,4,TEAL402,N,WFM ,M,AD,34,15,19,1.4,,,7.2,,,3,,0,
2024,July,7/25/2024,C,SGL33,8,A,9,TEAL441,N,WFM ,M,AD,55,34,21,1.5,,,7.6,,,7,,0,
2024,July,7/25/2024,C,SGL33,3,B,1,TEAL447,N,WFM ,F,AD,35,19,16,1.3,,,7.1,,,1,,0,
2024,July,7/25/2024,C,SGL33,2,B,6,TEAL464*,N,WFM ,M,AD,53,31,22,1.3,,,9.4,,,1,,0,
2024,July,7/25/2024,C,SGL33,6,A,1,TEAL469,N,WFM ,M,AD,55,29,26,1.5,,,9.5,,,2,,0,
2024,July,7/25/2024,C,SGL33,5,A,1,TEAL470,N,WFM ,F,SUBADULT,65,47,18,1.7,,,7.7,,,2,,0,
2024,July,7/26/2024,C,SGL33,5,A,8,RED104,N,WFM ,M,AD,69,46,23,1.2,,,7.4,,,2,,0,
2024,July,7/26/2024,C,SGL33,9,B,9,RED131,N,WFM ,M,AD,49,14,35,1.3,,,9.1,,,4,,0,
2024,July,7/26/2024,C,SGL33,5,A,10,RED146,N,WFM ,M,JUV,56,39,17,1.5,,,6.6,,,5,,0,
2024,July,7/26/2024,C,SGL33,6,B,10,TEAL314,N,WFM ,F,AD,54,33,21,1.3,,,8.6,,,1,,0,
2024,July,7/26/2024,C,SGL33,9,B,4,TEAL340,N,WFM ,F,AD,34,14,20,1.4,,,8.5,,,2,,0,
2024,July,7/26/2024,C,SGL33,2,B,9,TEAL347,N,WFM ,M,SUBADULT,27,10,17,1.3,,,8.2,,,1,,0,
2024,July,7/26/2024,C,SGL33,3,A,1,TEAL379,N,WFM ,M,AD,40,14,26,1.3,,,8.3,,,1,,0,
2024,July,7/26/2024,C,SGL33,8,B,10,TEAL385,N,WFM ,M,AD,57,35,22,1.6,,,7.5,,,3,,0,
2024,July,7/2/2024,C,SH,4,A,3,RED18,N,WFM ,F,AD,38,20,18,1.5,,,8.0,,,1,,0,
2024,July,7/2/2024,C,SH,5,A,7,RED29,N,WFM ,M,AD,52,28,24,1.4,,,8.2,,,4,,0,
2024,July,7/2/2024,C,SH,1,B,4,RED34,N,WFM ,M,SUBADULT,36,21,15,1.3,,,7.8,,,1,,0,
2024,July,7/2/2024,C,SH,6,A,8,RED49,N,WFM ,M,JUV,31,18,13,1.3,,,7.0,,,0,,0,
2024,July,7/2/2024,C,SH,7,B,8,RED51,N,WFM ,M,AD,45,19,26,1.5,,,8.4,,,7,,0,
2024,July,7/2/2024,C,SH,5,A,4,RED53,N,WFM ,M,AD,43,22,21,1.6,,,8.1,,,1,,0,
2024,July,7/2/2024,C,SH,7,B,3,RED58,N,WFM ,F,AD,34,15,19,1.4,,,7.5,,,0,,0,
2024,July,7/2/2024,C,SH,7,B,9,RED81,N,WFM ,F,AD,40,19,21,1.6,,,8.4,,,0,,0,
2024,July,7/2/2024,C,SH,6,A,9,RED94,N,WFM ,M,AD,31,11,20,1.6,,,7.8,,,2,,0,
2024,July,7/2/2024,C,SH,5,B,6,RED97,N,WFM ,F,AD,42,26,16,1.5,,,9.6,,,0,,0,
2024,July,7/2/2024,C,SH,5,B,8,TEAL337,N,WFM ,F,AD,35,24,11,1.4,,,8.0,,,0,,0,
2024,July,7/2/2024,C,SH,1,A,10,TEAL342,N,WFM ,F,AD,34,12,22,1.8,,,7.0,,,0,,0,
2024,July,7/2/2024,C,SH,3,B,7,TEAL398,N,WFM ,M,AD,47,24,23,1.5,,,9.7,,,2,,0,
2024,July,7/2/2024,C,SH,4,B,2,TEAL407,N,WFM ,M,AD,53,33,20,1.5,,,9.5,,,3,,0,
2024,July,7/2/2024,C,SH,4,A,9,TEAL414,N,WFM ,F,AD,39,24,15,1.5,,,8.4,,,0,,0,
2024,July,7/2/2024,C,SH,4,A,7,TEAL421,N,WFM ,M,AD,43,22,21,1.6,,,9.7,,,0,,0,
2024,July,7/2/2024,C,SH,4,B,5,TEAL440,N,WFM ,F,SUBADULT,40,26,14,1.4,,,7.2,,,1,,0,
2024,July,7/2/2024,C,SH,5,B,3,TEAL451,N,WFM ,M,AD,29,10,19,1.5,,,7.0,,,2,,0,
2024,July,7/2/2024,C,SH,7,B,1,TEAL457,N,WFM ,M,AD,33,10,23,1.5,,,7.2,,,0,,0,
2024,July,7/2/2024,C,SH,1,A,1,TEAL458,N,WFM ,M,JUV,34,16,18,1.3,,,7.5,,,0,,0,
2024,July,7/2/2024,C,SH,4,A,10,TEAL474,N,WFM ,F,AD,42,22,20,1.4,,,7.6,,,1,,0,
2024,July,7/2/2024,C,SH,7,B,4,TEAL480,N,WFM ,M,AD,30,10,20,1.5,,,7.5,,,3,,0,
2024,July,7/2/2024,C,SH,7,B,10,TEAL489,N,WFM ,M,AD,34,11,23,1.4,,,8.2,,,0,,0,
2024,July,7/2/2024,C,SH,6,B,10,TEAL493,N,WFM ,M,AD,32,10,22,1.5,,,8.0,,,5,,0,
2024,July,7/3/2024,C,SH,5,A,10,RED110,N,WFM ,M,AD,29,10,19,1.4,,,6.0,,,1,,0,
2024,July,7/3/2024,C,SH,7,A,1,RED17,N,WFM ,F,AD,39,21,18,1.3,,,7.3,,,0,,0,
2024,July,7/3/2024,C,SH,6,A,3,RED20,N,WFM ,M,AD,34,17,17,1.6,,,8.6,,,2,,0,
2024,July,7/3/2024,C,SH,6,A,7,RED21,N,WFM ,M,AD,40,11,29,1.5,,,9.8,,,1,,,
2024,July,7/3/2024,C,SH,6,A,8,RED22,N,WFM ,F,AD,40,16,24,1.0,,,7.0,,,0,,0,
2024,July,7/3/2024,C,SH,5,B,3,RED25,N,WFM ,M,AD,23,40,-17,1.4,,,7.6,,,2,,0,
2024,July,7/3/2024,C,SH,7,A,10,RED35,N,WFM ,M,AD,35,17,18,1.4,,,8.9,,,0,,0,
2024,July,7/3/2024,C,SH,4,A,10,RED5,N,WFM ,M,AD,33,13,20,1.4,,,6.8,,,8,,0,
2024,July,7/3/2024,C,SH,5,A,4,RED55,N,WFM ,M,AD,34,16,18,1.6,,,8.4,,,2,,0,
2024,July,7/3/2024,C,SH,1,B,6,RED64,N,WFM ,M,AD,44,22,22,2.1,,,9.3,,,4,,0,
2024,July,7/3/2024,C,SH,6,B,10,RED75,N,WFM ,F,AD,39,20,19,1.7,,,8.3,,,3,,0,
2024,July,7/3/2024,C,SH,4,B,4,RED78,N,WFM ,M,AD,31,13,18,1.7,,,8.7,,,2,,0,
2024,July,7/3/2024,C,SH,5,A,7,RED96,N,WFM ,M,AD,41,18,23,1.7,,,8.2,,,1,,0,
2024,July,7/3/2024,C,SH,5,B,8,TEAL307,N,WFM ,M,AD,26,9,17,1.4,,,7.2,,,4,,0,
2024,July,7/3/2024,C,SH,3,A,2,TEAL336,N,WFM ,F,AD,45,29,16,1.6,,,8.2,,,2,,0,
2024,July,7/3/2024,C,SH,7,B,2,TEAL388,N,WFM ,M,JUV,28,14,14,1.4,,,6.8,,,2,,0,
2024,July,7/3/2024,C,SH,4,A,5,TEAL410,N,WFM ,F,AD,36,15,21,1.4,,,10.1,,,0,,0,
2024,July,7/3/2024,C,SH,1,B,9,TEAL436,N,WFM ,M,AD,48,28,20,1.3,,,9.8,,,1,,0,
2024,July,7/3/2024,C,SH,4,B,1,TEAL448,N,WFM ,F,SUBADULT,35,20,15,1.5,,,8.1,,,0,,0,
2024,July,7/3/2024,C,SH,1,B,7,TEAL454,N,WFM ,M,AD,46,22,24,1.1,,,9.1,,,1,,0,
2024,July,7/3/2024,C,SH,6,A,5,TEAL477,N,WFM ,F,AD,35,20,15,1.1,,,7.2,,,2,,0,
2024,July,7/3/2024,C,SH,6,B,2,TEAL487,N,WFM ,F,AD,35,18,17,1.5,,,8.7,,,2,,0,
2024,June,6/11/2024,C,SGL103,4,B,3,BLACK154,N,WFM ,F,AD,45,22,23,1.0,,,8.0,,,0,,0,
2024,June,6/11/2024,C,SGL103,5,A,1,BLACK161,N,WFM ,F,AD,39,15,24,1.4,,,9.1,,,1,,0,
2024,June,6/11/2024,C,SGL103,1,B,9,BLACK169,N,WFM ,M,AD,41,16,25,1.3,,,8.0,,,2,,0,
2024,June,6/11/2024,C,SGL103,3,B,6,BLACK179,N,WFM ,M,AD,46,21,25,1.5,,,9.1,,,3,,0,
2024,June,6/11/2024,C,SGL103,4,B,6,BLACK184,N,WFM ,M,AD,43,11,32,1.3,,,9.0,,,0,,0,
2024,June,6/11/2024,C,SGL103,2,A,5,BLACK188,N,WFM ,M,AD,45,11,34,1.7,,,7.9,,,2,,0,
2024,June,6/11/2024,C,SGL103,4,B,4,BLACK190,N,WFM ,F,SUBADULT,44,22,22,1.4,,,9.0,,,0,,0,
2024,June,6/11/2024,C,SGL103,2,B,10,BLACK194,N,WFM ,F,AD,33,10,23,1.5,,,8.5,,,0,,0,
2024,June,6/11/2024,C,SGL103,5,A,6,BLACK20,N,WFM ,M,AD,65,30,35,1.5,,,8.0,,,2,,0,
2024,June,6/11/2024,C,SGL103,8,A,6,BLACK200,N,WFM ,F,AD,44,19,25,1.5,,,7.1,,,4,,0,
2024,June,6/11/2024,C,SGL103,3,B,10,BLACK212,N,WFM ,M,AD,42,14,28,1.5,,,8.5,,,2,,0,
2024,June,6/11/2024,C,SGL103,6,A,3,BLACK220,N,WFM ,M,AD,36,14,22,1.5,,,9.0,,,0,,0,
2024,June,6/11/2024,C,SGL103,3,B,3,BLACK236,N,WFM ,F,AD,33,15,18,1.3,,,9.4,,,0,,0,
2024,June,6/11/2024,C,SGL103,7,A,6,BLACK244,N,WFM ,M,JUV,40,25,15,0.8,,,7.0,,,3,,0,
2024,June,6/11/2024,C,SGL103,2,A,10,BLACK30,N,WFM ,M,AD,48,30,18,0.8,,,8.0,,,1,,0,
2024,June,6/11/2024,C,SGL103,1,A,9,BLACK325,N,WFM ,M,SUBADULT,31,14,17,1.5,,,8.5,,,11,,0,
2024,June,6/11/2024,C,SGL103,5,A,2,BLACK327,N,WFM ,M,JUV,40,27,13,1.4,,,7.0,,,3,,0,
2024,June,6/11/2024,C,SGL103,4,A,4,BLACK333,N,WFM ,M,SUBADULT,44,26,18,1.5,,,7.0,,,1,,0,
2024,June,6/11/2024,C,SGL103,5,B,3,BLACK359,N,WFM ,M,AD,49,22,27,1.8,,,8.0,,,1,,0,
2024,June,6/11/2024,C,SGL103,1,B,3,BLACK37,N,WFM ,M,AD,69,48,21,1.4,,,7.0,,,18,,,
2024,June,6/11/2024,C,SGL103,6,A,1,BLACK375,N,WFM ,F,AD,63,41,22,1.2,,,8.2,,,0,,0,
2024,June,6/11/2024,C,SGL103,4,B,10,BLACK378,N,WFM ,F,JUV,22,11,11,1.2,,,7.5,,,2,,0,
2024,June,6/11/2024,C,SGL103,3,A,4,BLACK385,N,WFM ,M,AD,43,21,22,1.5,,,9.5,,,2,,0,
2024,June,6/11/2024,C,SGL103,6,A,6,BLACK400,N,WFM ,F,SUBADULT,31,16,15,1.5,,,7.5,,,3,,0,
2024,June,6/11/2024,C,SGL103,2,B,6,BLACK403*,N,WFM ,F,AD,37,12,25,1.8,,,7.4,,,1,,0,
2024,June,6/11/2024,C,SGL103,4,A,1,BLACK406,N,WFM ,F,AD,48,22,26,1.6,,,10.1,,,2,,0,
2024,June,6/11/2024,C,SGL103,2,B,3,BLACK412*,N,WFM ,F,AD,45,24,21,1.6,,,10.0,,,1,,0,
2024,June,6/11/2024,C,SGL103,3,A,3,BLACK414*,N,WFM ,M,AD,38,15,23,1.4,,,7.5,,,4,,0,
2024,June,6/11/2024,C,SGL103,5,B,4,BLACK435*,N,WFM ,F,AD,49,23,26,1.6,,,10.0,,,1,,0,
2024,June,6/11/2024,C,SGL103,5,A,8,BLACK44 ,N,WFM ,F,AD,50,27,23,1.4,,,9.2,,,0,,0,
2024,June,6/11/2024,C,SGL103,1,A,2,BLACK441,N,WFM ,F,AD,41,15,26,1.9,,,7.7,,,3,,0,
2024,June,6/11/2024,C,SGL103,1,A,6,BLACK5,N,WFM ,F,AD,41,15,26,1.3,,,8.0,,,0,,0,
2024,June,6/11/2024,C,SGL103,2,A,8,BLACK53,N,WFM ,F,AD,37,15,22,1.4,,,8.5,,,6,,0,
2024,June,6/11/2024,C,SGL103,4,B,2,BLACK54,N,WFM ,F,JUV,24,10,14,1.9,,,7.2,,,2,,0,
2024,June,6/11/2024,C,SGL103,4,A,9,BLACK69,N,WFM ,M,AD,54,23,31,1.4,,,8.7,,,4,,0,
2024,June,6/11/2024,C,SGL103,2,B,1,BLACK74,N,WFM ,M,AD,64,43,21,1.7,,,9.4,,,0,,0,
2024,June,6/11/2024,C,SGL103,4,B,2,BLACK75,N,WFM ,F,SUBADULT,58,44,14,1.8,,,7.5,,,0,,0,
2024,June,6/11/2024,C,SGL103,4,A,4,BLACK77,N,WFM ,M,JUV,37,23,14,1.6,,,6.4,,,0,,0,
2024,June,6/11/2024,C,SGL103,8,B,9,BLACK87,N,WFM ,M,AD,53,25,28,1.7,,,10.4,,,11,,0,
2024,June,6/11/2024,C,SGL103,4,B,7,BLACK90,N,WFM ,F,AD,78,52,26,1.7,,,7.8,,,1,,0,
2024,June,6/11/2024,C,SGL103,4,A,2,BLACK91,N,WFM ,M,AD,52,27,25,1.5,,,9.5,,,0,,0,
2024,June,6/11/2024,C,SGL103,1,A,7,BLACK92,N,WFM ,F,AD,40,10,30,1.5,,,7.0,,,2,,0,
2024,June,6/11/2024,C,SGL103,3,A,10,GREEN495,N,WFM ,F,AD,35,13,22,1.6,,,9.0,,,3,,0,
2024,June,6/11/2024,C,SGL103,9,A,1,,N,WFM ,M,AD,40,,,,,,,,,NA,,0,
2024,June,6/12/2024,C,SGL103,9,A,2,BLACK111,N,WFM ,F,AD,58,31,27,1.3,,,7.5,,,3,,0,
2024,June,6/12/2024,C,SGL103,4,A,10,BLACK145,N,WFM ,F,AD,54,25,29,1.5,,,9.0,,,9,,0,
2024,June,6/12/2024,C,SGL103,7,B,2,BLACK155,N,WFM ,F,AD,45,20,25,1.5,,,9.3,,,0,,0,
2024,June,6/12/2024,C,SGL103,4,B,6,BLACK176,N,WFM ,F,AD,36,15,21,1.5,,,8.5,,,0,,0,
2024,June,6/12/2024,C,SGL103,5,B,9,BLACK18,N,WFM ,M,SUBADULT,35,20,15,1.2,,,8.0,,,0,,0,
2024,June,6/12/2024,C,SGL103,9,B,3,BLACK180,N,WFM ,M,AD,52,26,26,1.4,,,9.4,,,0,,0,
2024,June,6/12/2024,C,SGL103,4,A,3,BLACK181*,N,WFM ,F,JUV,35,21,14,1.4,,,7.6,,,2,,0,
2024,June,6/12/2024,C,SGL103,6,B,5,BLACK183,N,WFM ,F,AD,81,54,27,1.6,,,8.7,,,3,,0,
2024,June,6/12/2024,C,SGL103,2,A,10,BLACK260,N,WFM ,M,AD,37,15,22,1.4,,,8.3,,,0,,0,
2024,June,6/12/2024,C,SGL103,3,A,4,BLACK39,N,WFM ,F,AD,35,15,20,1.2,,,9.0,,,3,,0,
2024,June,6/12/2024,C,SGL103,3,A,8,BLACK45,N,WFM ,F,AD,51,29,22,1.3,,,8.0,,,0,,0,
2024,June,6/12/2024,C,SGL103,2,A,7,BLACK63,N,WFM ,M,AD,48,25,23,1.2,,,7.2,,,2,,0,
2024,June,6/12/2024,C,SGL103,3,A,3,BLACK7,N,WFM ,M,AD,36,15,21,1.4,,,8.0,,,0,,0,
2024,June,6/12/2024,C,SGL103,4,B,8,BLACK81,N,WFM ,F,AD,57,27,30,1.1,,,7.6,,,0,,0,
2024,June,6/12/2024,C,SGL103,9,A,3,BLACK83,N,WFM ,F,SUBADULT,46,29,17,1.2,,,8.5,,,1,,0,
2024,June,6/12/2024,C,SGL103,6,A,9,BLACK88,N,WFM ,F,SUBADULT,36,21,15,0.9,,,6.5,,,11,,0,
2024,June,6/12/2024,C,SGL103,7,B,5,GREEN232,N,WFM ,M,AD,40,12,28,1.5,,,9.1,,,2,,0,
2024,June,6/12/2024,C,SGL103,9,A,1,GREEN248,N,WFM ,M,JUV,44,34,10,1.5,,,7.4,,,3,,0,
2024,June,6/12/2024,C,SGL103,6,B,8,GREEN249,N,WFM ,M,AD,43,17,26,1.4,,,9.0,,,1,,0,
2024,June,6/12/2024,C,SGL103,5,A,9,GREEN251,N,WFM ,M,AD,45,21,24,1.7,,,9.2,,,2,,0,
2024,June,6/12/2024,C,SGL103,4,B,6,GREEN252,N,WFM ,F,JUV,37,28,9,1.3,,,6.5,,,0,,0,
2024,June,6/12/2024,C,SGL103,3,B,10,GREEN280,N,WFM ,F,SUBADULT,32,11,21,1.5,,,8.0,,,6,,0,
2024,June,6/12/2024,C,SGL103,7,A,9,GREEN286,N,WFM ,M,AD,36,11,25,1.9,,,9.0,,,1,,0,
2024,June,6/12/2024,C,SGL103,5,B,9,GREEN294,N,WFM ,M,SUBADULT,40,27,13,1.4,,,7.3,,,2,,0,
2024,June,6/12/2024,C,SGL103,5,B,8,GREEN300,N,WFM ,M,AD,44,22,22,1.5,,,9.5,,,1,,0,
2024,June,6/12/2024,C,SGL103,1,B,9,GREEN327,N,WFM ,M,JUV,39,25,14,1.3,,,6.7,,,2,,0,
2024,June,6/12/2024,C,SGL103,4,A,1,GREEN365,N,WFM ,M,AD,52,27,25,1.5,,,8.5,,,1,,0,
2024,June,6/12/2024,C,SGL103,5,A,10,GREEN371,N,WFM ,F,AD,62,35,27,1.8,,,9.8,,,1,,1 FLEA,
2024,June,6/12/2024,C,SGL103,5,B,9,GREEN373,N,WFM ,M,SUBADULT,36,21,15,1.2,,,7.0,,,2,,0,
2024,June,6/12/2024,C,SGL103,8,B,5,GREEN391,N,WFM ,F,AD,52,22,30,1.4,,,9.5,,,1,,0,
2024,June,6/12/2024,C,SGL103,7,B,1,GREEN394,N,WFM ,F,JUV,38,18,20,1.5,,,8.9,,,3,,0,
2024,June,6/12/2024,C,SGL103,4,A,8,,N,WFM ,F,JUV,37,,,,,,,,,NA,,0,
2024,June,6/13/2024,C,SGL103,6,B,10,BLACK107,N,WFM ,F,AD,49,23,26,1.4,,,9.0,,,1,,0,
2024,June,6/13/2024,C,SGL103,4,A,3,GREEN236,N,WFM ,F,SUBADULT,37,21,16,1.4,,,8.5,,,3,,0,
2024,June,6/13/2024,C,SGL103,6,B,9,GREEN240,N,WFM ,F,AD,46,25,21,1.4,,,9.6,,,1,,0,
2024,June,6/13/2024,C,SGL103,8,B,10,GREEN243,N,WFM ,F,JUV,32,11,21,1.2,,,6.3,,,3,,0,
2024,June,6/13/2024,C,SGL103,3,B,2,GREEN262,N,WFM ,F,AD,41,16,25,1.4,,,9.2,,,1,,0,
2024,June,6/13/2024,C,SGL103,8,A,2,GREEN265,N,WFM ,M,AD,49,29,20,1.3,,,9.0,,,5,,0,
2024,June,6/13/2024,C,SGL103,8,B,2,GREEN269,N,WFM ,F,AD,60,35,25,1.5,,,9.9,,,9,,1 FLEA,
2024,June,6/13/2024,C,SGL103,8,B,1,GREEN283,N,WFM ,F,AD,61,37,24,1.3,,,7.5,,,0,,0,
2024,June,6/13/2024,C,SGL103,8,A,4,GREEN291,N,WFM ,M,AD,51,30,21,1.2,,,8.1,,,14,,0,
2024,June,6/13/2024,C,SGL103,1,A,8,GREEN351,N,WFM ,M,AD,47,22,25,1.4,,,8.1,,,7,,0,
2024,June,6/13/2024,C,SGL103,3,A,6,GREEN370,N,WFM ,M,AD,47,21,26,1.5,,,9.3,,,2,,0,
2024,June,6/13/2024,C,SGL103,2,B,6,GREEN459,N,WFM ,M,AD,33,14,19,1.6,,,9.0,,,1,,0,
2024,June,6/13/2024,C,SGL103,2,B,7,GREEN473,N,WFM ,F,AD,47,12,35,1.4,,,9.3,,,0,,0,
2024,June,6/13/2024,C,SGL103,4,A,5,GREEN475,N,WFM ,F,SUBADULT,32,11,21,1.3,,,8.7,,,2,,0,
2024,June,6/14/2024,C,SGL103,4,B,3,BLACK213,N,WFM ,F,JUV,20,11,9,1.7,,,6.6,,,2,,0,
2024,June,6/14/2024,C,SGL103,2,B,7,BLACK225,N,WFM ,F,AD,32,11,21,1.8,,,9.4,,,3,,0,
2024,June,6/14/2024,C,SGL103,2,B,8,BLACK239,N,WFM ,F,AD,38,25,13,1.6,,,8.1,,,2,,0,
2024,June,6/14/2024,C,SGL103,5,B,1,BLACK255,N,WFM ,M,SUBADULT,35,9,26,1.5,,,7.5,,,3,,0,
2024,June,6/14/2024,C,SGL103,8,B,10,GREEN237,N,WFM ,M,AD,35,11,24,1.7,,,10.1,,,0,,0,
2024,June,6/14/2024,C,SGL103,6,B,10,GREEN263,N,WFM ,M,AD,36,15,21,1.7,,,9.2,,,0,,0,
2024,June,6/14/2024,C,SGL103,3,B,1,GREEN275,N,WFM ,F,AD,55,33,22,1.4,,,9.5,,,1,,0,
2024,June,6/14/2024,C,SGL103,8,B,7,GREEN470,N,WFM ,F,AD,42,20,22,1.2,,,9.0,,,5,,0,
2024,June,6/14/2024,C,SGL103,4,A,8,GREEN477,N,WFM ,M,JUV,25,11,14,1.4,,,7.0,,,0,,0,
2024,June,6/14/2024,C,SGL103,2,B,4,GREEN478,N,WFM ,M,AD,39,18,21,1.4,,,8.0,,,1,,0,
2024,June,6/14/2024,C,SGL103,3,B,5,GREEN483,N,WFM ,M,AD,42,17,25,1.5,,,9.0,,,2,,0,
2024,June,6/14/2024,C,SGL103,4,B,9,GREEN486,N,WFM ,F,AD,37,9,28,1.5,,,9.3,,,5,,0,
2024,June,6/14/2024,C,SGL103,4,B,2,GREEN494,N,WFM ,M,JUV,23,11,12,1.2,,,7.0,,,6,,0,
2024,June,6/14/2024,C,SGL103,4,A,8,GREEN497,N,WFM ,M,JUV,27,12,15,1.6,,,8.5,,,1,,0,
2024,June,6/14/2024,C,SGL103,3,B,9,GREEN500,N,WFM ,M,AD,52,13,39,1.2,,,8.9,,,0,,0,
2024,June,6/4/2024,C,SGL33,8,A,1,BLACK458,N,WFM ,F,AD,35,14,21,1.4,,,8.9,,,0,,0,
2024,June,6/4/2024,C,SGL33,8,A,5,BLACK466,N,WFM ,F,AD,37,17,20,1.4,,,9.5,,,4,,0,
2024,June,6/4/2024,C,SGL33,8,A,8,BLACK471,N,WFM ,M,AD,49,28,21,1.7,,,9.0,,,0,,0,
2024,June,6/4/2024,C,SGL33,9,A,9,BLACK486,N,WFM ,F,AD,57,33,24,1.5,,,9.5,,,0,,0,
2024,June,6/4/2024,C,SGL33,9,B,5,BLACK488,N,WFM ,F,JUV,37,17,20,1.3,,,8.7,,,0,,0,
2024,June,6/4/2024,C,SGL33,8,A,3,BLACK499,N,WFM ,M,AD,45,25,20,1.4,,,7.5,,,0,,0,
2024,June,6/4/2024,C,SGL33,9,B,7,GREEN355,N,WFM ,M,AD,48,26,22,1.4,,,8.5,,,4,,0,
2024,June,6/4/2024,C,SGL33,2,B,10,GREEN404,N,WFM ,M,JUV,37,22,15,1.5,,,7.5,,,4,,0,
2024,June,6/4/2024,C,SGL33,6,A,4,GREEN413,N,WFM ,F,AD,54,,,,,,,,,4,,0,
2024,June,6/4/2024,C,SGL33,1,B,6,GREEN414,N,WFM ,F,AD,78,60,18,1.4,,,9.0,,,5,,0,
2024,June,6/4/2024,C,SGL33,3,A,5,GREEN415,N,WFM ,M,AD,36,13,23,1.5,,,9.0,,,6,,0,
2024,June,6/4/2024,C,SGL33,1,B,5,GREEN422,N,WFM ,F,AD,38,10,28,1.5,,,8.0,,,4,,0,
2024,June,6/4/2024,C,SGL33,7,A,5,GREEN425,N,WFM ,F,AD,28,10,18,1.2,,,7.5,,,5,,0,
2024,June,6/4/2024,C,SGL33,7,A,4,GREEN427,N,WFM ,F,JUV,59,39,20,1.3,,,8.5,,,3,,0,
2024,June,6/4/2024,C,SGL33,5,B,4,GREEN435,N,WFM ,F,AD,77,50,27,1.7,,,9.5,,,4,,0,
2024,June,6/4/2024,C,SGL33,7,A,10,GREEN437,N,WFM ,M,AD,61,42,19,1.7,,,10.0,,,7,,0,
2024,June,6/4/2024,C,SGL33,1,B,1,GREEN446,N,WFM ,M,AD,33,10,23,1.8,,,9.5,,,2,,0,
2024,June,6/5/2024,C,SGL33,3,B,4,BLACK422,N,WFM ,M,AD,41,10,31,1.3,,,9.1,,,4,,1,
2024,June,6/5/2024,C,SGL33,6,A,9,BLACK426,N,WFM ,M,AD,35,10,25,1.2,,,8.0,,,0,,0,
2024,June,6/5/2024,C,SGL33,7,B,7,BLACK437,N,WFM ,M,AD,64,44,20,1.7,,,7.7,,,2,,0,
2024,June,6/5/2024,C,SGL33,2,A,10,BLACK449,N,WFM ,M,SUBADULT,52,34,18,1.7,,,8.5,,,2,,0,
2024,June,6/5/2024,C,SGL33,9,B,7,BLACK452,N,WFM ,F,AD,,,,1.0,,,10.5,,,0,,0,
2024,June,6/5/2024,C,SGL33,2,A,8,BLACK455,N,WFM ,F,AD,43,11,32,1.4,,,9.0,,,2,,0,
2024,June,6/5/2024,C,SGL33,7,A,6,BLACK464,N,WFM ,M,JUV,72,58,14,1.3,,,6.8,,,4,,0,
2024,June,6/5/2024,C,SGL33,7,B,6,BLACK476,N,WFM ,F,AD,48,32,16,1.1,,,8.2,,,0,,0,
2024,June,6/5/2024,C,SGL33,7,B,1,BLACK479,N,WFM ,M,AD,52,10,42,1.3,,,9.8,,,4,,0,
2024,June,6/5/2024,C,SGL33,7,A,2,BLACK489,N,WFM ,F,JUV,65,52,13,1.5,,,8.5,,,5,,0,
2024,June,6/5/2024,C,SGL33,5,A,3,BLACK490,N,WFM ,M,JUV,32,10,22,1.2,,,8.1,,,3,,0,
2024,June,6/5/2024,C,SGL33,7,B,4,BLACK493,N,WFM ,F,AD,51,31,20,1.0,,,8.1,,,4,,0,
2024,June,6/5/2024,C,SGL33,3,B,5,BLACK495,N,WFM ,M,JUV,39,10,29,1.2,,,8.3,,,2,,0,
2024,June,6/5/2024,C,SGL33,7,A,10,BLACK497,N,WFM ,M,AD,70,46,24,1.3,,,7.9,,,15,,0,
2024,June,6/5/2024,C,SGL33,1,B,9,BLACK498,N,WFM ,M,AD,49,25,24,1.7,,,9.5,,,4,,0,
2024,June,6/5/2024,C,SGL33,7,A,9,BLACK500,N,WFM ,F,AD,94,50,44,1.5,,,8.4,,,3,,0,
2024,June,6/5/2024,C,SGL33,1,A,9,GREEN354,N,WFM ,M,AD,54,29,25,1.3,,,8.5,,,1,,0,
2024,June,6/5/2024,C,SGL33,9,B,3,GREEN356,N,WFM ,M,AD,43,19,24,1.5,,,7.8,,,2,,0,
2024,June,6/5/2024,C,SGL33,6,A,5,GREEN361,N,WFM ,F,SUBADULT,29,12,17,1.4,,,8.0,,,5,,0,
2024,June,6/5/2024,C,SGL33,2,B,7,GREEN389,N,WFM ,M,AD,57,32,25,1.6,,,9.2,,,4,,0,
2024,June,6/5/2024,C,SGL33,1,A,7,GREEN392,N,WFM ,M,JUV,45,34,11,1.1,,,6.5,,,2,,0,
2024,June,6/5/2024,C,SGL33,1,A,1,GREEN397,N,WFM ,F,JUV,51,36,15,1.5,,,7.5,,,3,,0,
2024,June,6/5/2024,C,SGL33,1,B,8,GREEN398,N,WFM ,F,AD,52,30,22,1.6,,,8.8,,,1,,0,
2024,June,6/5/2024,C,SGL33,6,A,6,GREEN399,N,WFM ,M,SUBADULT,68,53,15,1.5,,,8.6,,,33,,0,
2024,June,6/5/2024,C,SGL33,8,B,4,GREEN410,N,WFM ,F,AD,65,37,28,1.5,,,9.0,,,0,,0,
2024,June,6/5/2024,C,SGL33,7,B,10,GREEN423,N,WFM ,F,AD,47,10,37,1.7,,,8.4,,,11,,0,
2024,June,6/5/2024,C,SGL33,9,A,4,GREEN430,N,WFM ,M,AD,71,47,24,1.7,,,8.2,,,3,,0,
2024,June,6/5/2024,C,SGL33,1,B,1,GREEN440,N,WFM ,M,AD,45,24,21,1.3,,,8.3,,,1,,0,
2024,June,6/5/2024,C,SGL33,1,B,10,,N,WFM ,M,AD,46,10,36,,,,,,,NA,,0,
2024,June,6/5/2024,C,SGL33,7,A,4,,N,WFM ,NA,,,,,,,,,,,NA,,0,
2024,June,6/6/2024,C,SGL33,6,A,4,BLACK475,N,WFM ,F,AD,37,20,17,1.4,,,6.4,,,1,,0,
2024,June,6/6/2024,C,SGL33,6,A,5,GREEN159,N,WFM ,M,JUV,47,36,11,1.5,,,6.1,,,1,,0,
2024,June,6/6/2024,C,SGL33,1,B,8,GREEN161,N,WFM ,M,AD,72,40,32,1.4,,,9.0,,,11,,0,
2024,June,6/6/2024,C,SGL33,2,B,2,GREEN176,N,WFM ,F,AD,59,34,25,1.4,,,7.9,,,2,,0,
2024,June,6/6/2024,C,SGL33,8,A,10,GREEN403,N,WFM ,F,AD,32,12,20,1.4,,,9.3,,,6,,0,
2024,June,6/6/2024,C,SGL33,8,A,1,GREEN418,N,WFM ,F,AD,45,17,28,1.4,,,9.4,,,4,,EGGS IN EAR,
2024,June,6/7/2024,C,SGL33,1,B,5,BLACK418,N,WFM ,M,AD,41,17,24,1.4,,,9.5,,,7,,0,
2024,June,6/7/2024,C,SGL33,3,A,10,GREEN140,N,WFM ,F,SUBADULT,44,31,13,1.4,,,7.9,,,2,,0,
2024,June,6/7/2024,C,SGL33,5,A,6,GREEN172,N,WFM ,F,AD,61,42,19,1.6,,,7.9,,,4,,0,
2024,June,6/7/2024,C,SGL33,8,A,1,GREEN374,N,WFM ,M,AD,41,16,25,1.4,,,9.0,,,0,,0,
2024,June,6/7/2024,C,SGL33,1,B,4,GREEN388,N,WFM ,M,AD,37,11,26,1.2,,,8.0,,,2,,0,
2024,June,6/7/2024,C,SGL33,9,B,9,GREEN461,N,WFM ,M,AD,43,19,24,1.5,,,8.5,,,1,,0,
2024,June,6/7/2024,C,SGL33,6,A,6,GREEN485,N,WFM ,F,AD,58,30,28,1.5,,,9.0,,,12,,0,
2024,June,6/7/2024,C,SGL33,6,A,3,GREEN499,N,WFM ,M,AD,47,32,15,1.2,,,8.0,,,12,,0,
2025,August,8/5/2025,C,SGL33,10,A,2,BK183,N,WFM ,M,AD,61,35,26,1.3,,,8.2,2,0,,0,0,
2025,August,8/5/2025,C,SGL33,4,B,7,BK198,N,WFM ,F,AD,67,48,19,1.2,,,8.7,6,0,,0,0,
2025,August,8/5/2025,C,SGL33,10,A,6,BK401,N,WFM ,M,AD,56,32,24,1.2,,,8,0,0,,0,0,
2025,August,8/5/2025,C,SGL33,10,A,7,BK401,Y,WFM ,,,,,0,,,,,,,,,,
2025,August,8/5/2025,C,SGL33,10,B,10,BK408,N,WFM ,M,AD,55,30,25,1,,,8,6,0,,0,0,
2025,August,8/5/2025,C,SGL33,10,A,10,BK415,N,WFM ,F,AD,56,39,17,1.1,,,8.1,1,0,,0,0,
2025,August,8/5/2025,C,SGL33,4,B,6,BK442,N,WFM ,M,AD,43,30,13,1.2,,,8.5,0,0,,0,0,
2025,August,8/5/2025,C,SGL33,4,A,9,BK467,N,WFM ,M,AD,40,21,19,1.5,,,9.1,5,0,,0,0,
2025,August,8/5/2025,C,SGL33,10,B,11,BK492,N,WFM ,F,AD,46,23,23,1.5,,,8.6,22,0,,0,0,
2025,August,8/5/2025,C,SGL33,7,A,6,R390,Y,WFM ,,,,,0,,,,,,,,,,
2025,August,8/5/2025,C,SGL33,7,A,5,R454,Y,WFM ,M,AD,39,17,22,1.4,,,9.3,7,0,,0,0,
2025,August,8/6/2025,C,SGL33,10,B,4,BK176,N,WFM ,F,AD,55,34,21,1.5,,,7.3,2,0,,0,0,
2025,August,8/6/2025,C,SGL33,4,B,10,BK197,N,WFM ,F,AD,48,30,18,1.1,,,8.5,3,0,,0,0,
2025,August,8/6/2025,C,SGL33,10,A,6,BK377,N,WFM ,M,AD,45,33,12,1.5,,,8,0,0,,0,0,
2025,August,8/6/2025,C,SGL33,10,A,3,BK448,N,WFM ,M,AD,61,37,24,1,,,9,0,1,,0,0,
2025,August,8/6/2025,C,SGL33,7,A,3,NO TAG #,N,WFM ,M,AD,33,10,23,1.7,,,9.5,2,0,,0,0,
2025,August,8/6/2025,C,SGL33,10,B,3,R408,N,WFM ,F,AD,29,9,20,1.3,,,8.2,4,0,,0,0,
2025,August,8/6/2025,C,SGL33,7,A,11,R454,Y,WFM ,M,AD,44,21,23,1.6,,,9.4,3,0,,0,0,
2025,August,8/7/2025,C,SGL33,10,A,2,BK176,Y,WFM ,,,,,,,,,,,,,,,
2025,August,8/7/2025,C,SGL33,4,B,7,BK197,Y,WFM ,,,,,,,,,,,,,,,
2025,August,8/7/2025,C,SGL33,4,B,6,BK198,Y,WFM ,,,,,,,,,,,,,,,
2025,August,8/7/2025,C,SGL33,1,B,5,BK371,N,WFM ,M,AD,27,11,16,1.1,,,7.5,1,0,,0,0,
2025,August,8/7/2025,C,SGL33,10,B,9,BK374,N,WFM ,F,AD,42,27,15,1.2,,,8,5,0,,0,0,
2025,August,8/7/2025,C,SGL33,10,A,11,BK388,N,WFM ,M,AD,61,27,34,1.25,,,8,7,0,,0,0,
2025,August,8/7/2025,C,SGL33,10,A,7,BK401,Y,WFM ,,,,,,,,,,,,,,,
2025,August,8/7/2025,C,SGL33,4,B,5,BK442,Y,WFM ,,,,,,,,,,,,,,,
2025,August,8/7/2025,C,SGL33,4,B,10,BK467,Y,WFM ,,,,,,,,,,,,,,,
2025,August,8/7/2025,C,SGL33,10,B,11,BK492,Y,WFM ,,,,,,,,,,,,,,,
2025,August,8/7/2025,C,SGL33,10,A,5,R408,Y,WFM ,,,,,,,,,,,,,,,
2025,August,8/7/2025,C,SGL33,7,B,11,R454,Y,WFM ,,,,,,,,,,,,,,,
2025,August,8/6/2025,C,SGL33,10,B,2,BK183,Y,,,,,,,,,,,,,,,,
2025,August,8/6/2025,C,SGL33,4,B,3,BK198,Y,,,,,,,,,,,,,,,,
2025,August,8/6/2025,C,SGL33,10,B,5,BK401,Y,,,,,,,,,,,,,,,,
2025,August,8/6/2025,C,SGL33,10,B,10,BK408,Y,,,,,,,,,,,,,,,,
2025,August,8/6/2025,C,SGL33,10,A,10,BK415,Y,,,,,,,,,,,,,,,,
2025,August,8/6/2025,C,SGL33,4,A,3,BK442,Y,,,,,,,,,,,,,,,,
2025,August,8/6/2025,C,SGL33,4,B,5,BK467,Y,,,,,,,,,,,,,,,,
2025,August,8/7/2025,C,SGL33,4,B,7,BK197,Y,,,,,,,,,,,,,,,,
2025,August,8/7/2025,C,SGL33,4,B,5,BK442,Y,,,,,,,,,,,,,,,,
2025,July,7/29/2025,C,SGL103,1,LA,3,BK169,N,WFM ,F,AD,36,18,18,1.8,,,9.5,4,0,,0,0,
2025,July,7/29/2025,C,SGL103,1,LA,6,BK184,N,WFM ,F,AD,35,19,16,1.7,,,9.5,5,0,,0,0,
2025,July,7/29/2025,C,SGL103,7,B,2,ESCAPED,N,WFM ,,,,,,,,,,,,,,,
2025,July,7/30/2025,C,SGL103,1,A,10,BK184,Y,WFM ,,,,,,,,,,,,,,,
2025,July,7/30/2025,C,SGL103,7,B,2,BK195,N,WFM ,M,AD,38,10,28,1.75,,,9,4,1,,0,0,
2025,July,7/30/2025,C,SGL103,1,LA,6,BK316,N,WFM ,M,AD,60,44,16,1,,,7,0,0,,0,0,
2025,July,7/30/2025,C,SGL103,4,A,2,BK472,N,WFM ,F,AD,43,19,24,1.7,,,8.9,0,0,,0,10,
2025,July,7/30/2025,C,SGL103,4,A,11,R345,N,WFM ,M,AD,35,14,21,1.6,,,9.3,3,0,,0,1,
2025,July,7/31/2025,C,SGL103,1,A,2,BK188,N,WFM ,M,AD,28,16,12,0.9,,,8,0,0,,0,1,
2025,July,7/31/2025,C,SGL103,1,A,10,BK303,N,WFM ,M,AD,67,45,22,1.1,,,8.5,1,0,,0,0,
2025,July,7/31/2025,C,SGL103,1,B,2,BK316,Y,WFM ,,,,,,,,,,,,,,,
2025,July,7/31/2025,C,SGL103,4,A,8,BK483,N,WFM ,M,AD,68,42,26,1.5,,,8,1,2,,0,0,
2025,July,7/31/2025,C,SGL103,1,LB,10,BK500,N,WFM ,M,AD,38,19,19,1.6,,,8.3,0,0,,0,0,
2025,July,7/31/2025,C,SGL103,4,A,11,R345,Y,WFM ,,,,,,,,,,,,,,,
2025,July,7/22/2025,C,SGL176,1,B,3,BK163,N,WFM ,M,AD,61,37,24,1.4,,,9.4,5,0,,0,0,
2025,July,7/22/2025,C,SGL176,4,B,6,BK166,N,WFM ,F,AD,28,11,17,1.5,,,8.3,3,0,,0,0,
2025,July,7/22/2025,C,SGL176,1,B,7,BK173,N,WFM ,M,AD,59,35,24,1.6,,,9.3,6,0,,0,0,
2025,July,7/22/2025,C,SGL176,1,A,6,BK179,N,WFM ,M,AD,57,35,22,1.3,,,8.3,5,0,,0,0,
2025,July,7/22/2025,C,SGL176,1,A,2,BK321,N,WFM ,M,AD,61,44,17,1.5,,,8.5,3,0,,0,0,
2025,July,7/22/2025,C,SGL176,1,A,11,BK407,N,WFM ,M,JUV,36,26,10,0.75,,,5,0,0,,0,0,
2025,July,7/22/2025,C,SGL176,7,A,2,BK423,N,WFM ,M,AD,45,26,19,1.4,,,9,0,0,,0,0,
2025,July,7/22/2025,C,SGL176,1,B,2,BK425,N,WFM ,M,AD,46,28,18,1,,,10,0,0,,0,0,
2025,July,7/22/2025,C,SGL176,7,B,9,BK438,N,WFM ,M,AD,30,14,16,1,,,6,0,0,,0,0,
2025,July,7/22/2025,C,SGL176,4,B,2,BK471,N,WFM ,F,AD,52,38,14,1.5,,,9,0,0,,0,0,
2025,July,7/22/2025,C,SGL176,1,A,9,R303,Y,WFM ,F,AD,57,39,18,1.6,,,8.9,0,0,,0,0,
2025,July,7/22/2025,C,SGL176,7,B,3,R402,Y,WFM ,M,AD,71,47,24,1.8,,,9.2,2,0,,0,0,
2025,July,7/22/2025,C,SGL176,1,A,3,R447,Y,WFM ,M,AD,47,27,20,1.5,,,8.5,0,0,,0,0,
2025,July,7/22/2025,C,SGL176,1,A,5,R46,Y,WFM ,F,AD,45,25,20,1.3,,,9.4,0,0,,0,0,
2025,July,7/22/2025,C,SGL176,7,B,3,R462,Y,WFM ,M,AD,,,,,,,,,,,,,
2025,July,7/23/2025,C,SGL176,1,A,4,BK179,Y,WFM ,M,AD,,,,,,,,,,,,,
2025,July,7/23/2025,C,SGL176,4,B,8,BK308,N,WFM ,M,AD,59,39,20,1.3,,,8.5,0,0,,0,0,
2025,July,7/23/2025,C,SGL176,1,A,3,BK425,Y,WFM ,,,,,,,,,,,,,,,
2025,July,7/23/2025,C,SGL176,4,A,11,BK428,N,WFM ,M,AD,61,42,19,0.8,,,6.5,0,0,,0,0,
2025,July,7/23/2025,C,SGL176,7,LB,7,BK438,Y,WFM ,,,,,,,,,,,,,,,
2025,July,7/23/2025,C,SGL176,4,A,2,BK471,Y,WFM ,,,,,,,,,,,,,,,
2025,July,7/23/2025,C,SGL176,1,A,5,BK499,N,WFM ,F,AD,46,33,13,1.7,,,9.5,3,0,,0,0,
2025,July,7/23/2025,C,SGL176,4,A,4,R175,Y,WFM ,F,AD,57,38,19,1.5,,,10,1,0,,0,0,
2025,July,7/23/2025,C,SGL176,1,A,8,R303,Y,WFM ,,,,,,,,,,,,,,,
2025,July,7/23/2025,C,SGL176,7,B,6,R402,Y,WFM ,,,,,,,,,,,,,,,
2025,July,7/23/2025,C,SGL176,1,A,2,R447,Y,WFM ,,,,,,,,,,,,,,,
2025,July,7/23/2025,C,SGL176,1,A,2,R447,Y,WFM ,,,,,,,,,,,,,,,
2025,July,7/24/2025,C,SGL176,1,B,2,BK163,Y,WFM ,,,,,,,,,,,,,,,
2025,July,7/24/2025,C,SGL176,4,A,9,BK177,N,WFM ,M,AD,41,18,23,1.25,,,9,0,0,,0,0,
2025,July,7/24/2025,C,SGL176,1,A,9,BK353,N,WFM ,M,AD,30,10,20,1.5,,,9.4,1,0,,0,0,
2025,July,7/24/2025,C,SGL176,1,B,3,BK425,Y,WFM ,,,,,,,,,,,,,,,
2025,July,7/24/2025,C,SGL176,7,LB,7,BK438,Y,WFM ,,,,,,,,,,,,,,,
2025,July,7/24/2025,C,SGL176,7,A,2,BK463,N,WFM ,F,AD,30,16,14,1.4,,,7.5,2,0,,0,0,
2025,July,7/24/2025,C,SGL176,4,A,10,BK497,N,WFM ,F,AD,41,23,18,1.6,,,8.2,2,0,,0,0,
2025,July,7/24/2025,C,SGL176,4,B,3,R175,Y,WFM ,,,,,,,,,,,,,,,
2025,July,7/24/2025,C,SGL176,1,A,10,R303,Y,WFM ,,,,,,,,,,,,,,,
2025,July,7/24/2025,C,SGL176,7,B,4,R402,Y,WFM ,,,,,,,,,,,,,,,
2025,July,7/24/2025,C,SGL176,1,A,4,R46,Y,WFM ,,,,,,,,,,,,,,,
2025,June,6/12/2025,C,SGL176,1,B,7,R173,N,WFM ,F,AD,36,19,17,1.6,,,8.3,0,0,,0,0,
2025,June,6/12/2025,C,SGL176,1,A,11,R303,Y,WFM ,,,,,,,,,,,,,,,
2025,June,6/12/2025,C,SGL176,7,B,10,R385,Y,WFM ,,,,,,,,,,,,,,,
2025,June,6/12/2025,C,SGL176,1,B,3,R447,N,WFM ,F,AD,30,30,0,1.4,,,8.6,0,0,,0,0,
2025,June,6/12/2025,C,SGL176,1,A,9,R463,N,WFM ,M,AD,69,50,19,0.8,,,8.5,0,0,,0,0,
2025,June,6/3/2025,C,SGL33,4,A,2,R151,N,WFM ,F,AD,32,10,22,1.5,,,8,1,2,,0,0,
2025,June,6/3/2025,C,SGL33,4,A,2,R151,Y,WFM ,F,AD,,,,,,,,,,,,,
2025,June,6/3/2025,C,SGL33,7,A,5,R454,N,WFM ,M,AD,65,43,22,1.2,,,8.5,0,0,,0,0,
2025,June,6/4/2025,C,SGL33,10,B,3,R408,N,WFM ,F,AD,55,39,16,1.1,,,7,0,0,,0,0,
2025,June,6/4/2025,C,SGL33,1,B,8,R424,N,WFM ,F,AD,64,38,26,1.4,,,8.5,1,2,,0,0,
2025,June,6/5/2025,C,SGL33,4,B,2,R151,Y,WFM ,,,,,,,,,,,,,,,
2025,June,6/5/2025,C,SGL33,1,A,7,R200,N,WFM ,F,AD,60,10,50,1.3,,,8,4,0,,1,0,
2025,June,6/5/2025,C,SGL33,10,B,2,R408,Y,WFM ,,,,,,,,,,,,,,,
2025,June,6/5/2025,C,SGL33,1,A,4,R481,N,WFM ,M,JUV,22,9,13,1.1,,,6.4,0,1,,0,0,
2025,June,6/5/2025,C,SGL33,1,B,9,R488,N,WFM ,M,AD,58,37,21,1.3,,,8.5,0,0,,0,0,
2025,May,5/28/2025,C,SGL103,1,B,11,R306,N,WFM ,M,AD,98,68,30,1.25,,,7.5,0,0,,0,0,
2025,May,5/28/2025,C,SGL103,1,B,4,R343,N,WFM ,M,JUV,50,21,29,1.5,,,6,0,0,,0,0,
2025,May,5/28/2025,C,SGL103,4,A,9,R345,N,WFM ,M,AD,64,50,14,2.4,,,8.5,0,0,,0,0,
2025,May,5/28/2025,C,SGL103,4,A,7,R373,N,WFM ,M,JUV,48,34,14,1.2,,,6.8,0,0,,0,0,
2025,May,5/28/2025,C,SGL103,1,A,10,R437,N,WFM ,M,AD,67,44,23,1.1,,,8.2,1,0,,0,0,
2025,May,5/29/2025,C,SGL103,4,B,8,R345,Y,WFM ,,,,,,,,,,,,,,,
2025,May,5/29/2025,C,SGL103,4,A,9,R414,N,WFM ,F,AD,47,25,22,2,,,7,0,0,,0,0,
2025,May,5/30/2025,C,SGL103,4,A,10,R345,Y,WFM ,,,,,,,,,,,,,,,
2025,May,5/30/2025,C,SGL103,1,A,9,R383,N,WFM ,F,AD,88,71,17,1.3,,,6.5,0,0,,0,0,
2025,May,5/30/2025,C,SGL103,7,A,2,R67,N,WFM ,F,AD,64,39,25,1.3,,,7.5,0,3,,0,0,
2025,May,5/20/2025,C,SGL176,1,A,11,R303,N,WFM ,M,JUV,49,35,14,1.25,,,7.5,0,0,,0,0,
2025,May,5/20/2025,C,SGL176,1,B,11,R324,N,WFM ,F,AD,60,45,15,1.75,,,8.5,1,0,,0,0,
2025,May,5/20/2025,C,SGL176,1,A,5,R46,N,WFM ,F,AD,45,24,21,1.9,,,8.4,0,0,,0,0,
2025,May,5/21/2025,C,SGL176,4,B,5,R175,N,WFM ,F,AD,33,9,24,1.4,,,8.2,0,1,,0,0,
2025,May,5/21/2025,C,SGL176,7,A,7,R402,N,WFM ,M,AD,31,10,21,1.4,,,8.9,2,1,,0,0,
2025,May,5/21/2025,C,SGL176,1,A,6,R46,Y,WFM ,,AD,50,10,40,,,,,,,,,,
2025,May,5/23/2025,C,SGL176,4,A,2,R175,Y,WFM ,,,,,,,,,,,,,,,
2025,May,5/23/2025,C,SGL176,7,B,2,R183,N,WFM ,F,AD,63,33,30,1.8,,,8.3,1,3,,0,0,
2025,May,5/23/2025,C,SGL176,7,B,9,R385,N,WFM ,F,AD,48,21,27,1.3,,,7.7,0,1,,0,0,
2019,August,8/6/19,C,SGL103,B,C3,9,BLACK112,Y,RBV,M,AD,,,,,,,,,,0,,,
2019,August,8/6/19,C,SGL103,B,C2,5,BLACK113,N,RBV,M,AD,,,15,1.5,1.8,,8,,,1,,,
2019,August,8/6/19,C,SGL103,B,C2,9,BLACK117,Y,RBV,M,AD,,,,,,,,,,0,,,
2019,August,8/6/19,C,SGL103,B,C3,3,BLACK127,N,RBV,M,AD,,,18,0.9,1.7,,8,,,0,,,
2019,August,8/6/19,C,SGL103,B,C3,6,BLACK134,Y,RBV,M,AD,,,,,,,,,,0,,,
2019,August,8/6/19,C,SGL103,C,C2,1,BLACK451,Y,RBV,M,AD,,,,,,,,,,0,,,
2019,August,8/6/19,C,SGL103,C,C2,4,BLACK484,Y,RBV,F,AD,,,,,,,,,,1,,,
2019,August,8/6/19,C,SGL103,C,C3,5,BLACK492,Y,RBV,M,AD,,,,,,,,,,0,,,
2019,August,8/6/19,C,SGL103,C,C3,5,BLACK493,Y,RBV,M,AD,,,,,,,,,,3,,,
2019,August,8/6/19,C,SGL103,C,C3,10,BLACK496,Y,RBV,,AD,,,,,,,,,,0,,,
2019,August,8/13/19,C,SGL103,B,C1,2,BLACK110,Y,RBV,M,AD,,,,,,,,,,0,,,
2019,August,8/13/19,C,SGL103,B,C3,9,BLACK117,Y,RBV,M,AD,,,,,,,,,,,,,
2019,August,8/13/19,C,SGL103,B,C3,4,BLACK127,Y,RBV,M,AD,,,,,,,,,,0,,,
2019,August,8/13/19,C,SGL103,B,C3,6,BLACK134,Y,RBV,M,AD,,,,,,,,,,0,,,
2019,August,8/13/19,C,SGL103,B,C2,1,BLACK139,Y,RBV,F,AD,,,,,,,,,,0,,,
2019,August,8/13/19,C,SGL103,B,C1,7,BLACK146,N,RBV,M,AD,,,33,1.5,1.9,,10,,,0,,,
2019,August,8/13/19,C,SGL103,B,C2,8,BLACK178,Y,RBV,M,AD,,,,,,,,,,0,,,
2019,August,8/13/19,C,SGL103,B,C2,6,BLACK186,N,RBV,M,AD,,,31,1.5,1.5,,10.8,,,0,,,
2019,August,8/13/19,C,SGL103,C,C1,9,BLACK451,Y,RBV,M,AD,,,,,,,,,,0,,,
2019,August,8/13/19,C,SGL103,C,CE,16,BLACK462,N,RBV,M,AD,,,24,1,1.8,,7.5,,,0,,,
2019,August,8/13/19,C,SGL103,C,CE,24,BLACK473,N,RBV,F,AD,,,19,1.3,1.9,,8.9,,,0,,,
2019,August,8/13/19,C,SGL103,C,C2,9,BLACK475,Y,RBV,F,AD,,,,,,,,,,0,,,
2019,August,8/13/19,C,SGL103,C,C2,3,BLACK484,Y,RBV,F,AD,,,,,,,,,,0,,,
2019,August,8/13/19,C,SGL103,C,C1,5,BLACK487,Y,RBV,F,,,,,,,,,,,1,,,
2019,August,8/13/19,C,SGL103,C,C3,3,BLACK492,Y,RBV,M,AD,,,,,,,,,,1,,,
2019,August,8/13/19,C,SGL103,C,C3,9,BLACK496,Y,RBV,,AD,,,,,,,,,,2,,,
2019,August,8/13/19,C,SGL103,C,C1,6,BLACK499,Y,RBV,M,AD,,,,,,,,,,1,,,
2019,August,8/20/19,C,SGL103,B,C3,9,BLACK112,Y,RBV,M,AD,,,,,,,,,,0,,,
2019,August,8/20/19,C,SGL103,B,C2,7,BLACK113,Y,RBV,M,AD,,,,,,,,,,0,,,
2019,August,8/20/19,C,SGL103,B,C3,7,BLACK127,Y,RBV,M,AD,,,,,,,,,,0,,,
2019,August,8/20/19,C,SGL103,B,C1,9,BLACK131,N,RBV,F,AD,,,21,1.2,1.7,,9,,,0,,,
2019,August,8/20/19,C,SGL103,B,C3,10,BLACK134,Y,RBV,M,AD,,,,,,,,,,0,,,
2019,August,8/20/19,C,SGL103,B,C2,6,BLACK141,Y,RBV,F,AD,,,,,,,,,,0,,,
2019,August,8/20/19,C,SGL103,B,C1,7,BLACK178,Y,RBV,M,AD,,,,,,,,,,0,,,
2019,August,8/20/19,C,SGL103,B,C3,5,BLACK186,Y,RBV,M,AD,,,,,,,,,,0,,,
2019,August,8/20/19,C,SGL103,C,C1,3,BLACK426,N,RBV,F,AD,,,21,0.9,1.7,,9.3,,,0,,,
2019,August,8/20/19,C,SGL103,C,C1,8,BLACK433,N,RBV,M,AD,,,24,1.5,1.8,,11,,,0,,,
2019,August,8/20/19,C,SGL103,C,C3,3,BLACK440,N,RBV,F,AD,,,24,1.1,1.9,,10.2,,,0,,,
2019,August,8/20/19,C,SGL103,C,C3,10,BLACK442,N,RBV,F,AD,,,26,1.5,2,,9,,,0,,,
2019,August,8/20/19,C,SGL103,C,CE,24,BLACK473,Y,RBV,F,AD,,,,,,,,,,0,,,
2019,August,8/20/19,C,SGL103,C,C3,4,BLACK475,Y,RBV,F,AD,,,,,,,,,,0,,,
2019,August,8/20/19,C,SGL103,C,C2,6,BLACK492,Y,RBV,M,AD,,,,,,,,,,0,,,
2019,August,8/20/19,C,SGL103,C,C2,3,BLACK493,Y,RBV,M,AD,,,,,,,,,,0,,,
2019,August,8/20/19,C,SGL103,C,CE,11,RED415,Y,RBV,,AD,,,,,,,,,,0,,,
2019,August,8/29/19,C,SGL103,B,C,1,BLACK110,Y,RBV,M,AD,,,,,,,,,,0,,,
2019,August,8/29/19,C,SGL103,B,C3,8,BLACK112,Y,RBV,M,AD,,,,,,,,,,2,,,
2019,August,8/29/19,C,SGL103,B,C2,6,BLACK113,Y,RBV,M,AD,,,,,,,,,,0,,,
2019,August,8/29/19,C,SGL103,B,C1,8,BLACK131,Y,RBV,F,AD,,,,,,,,,,0,,,
2019,August,8/29/19,C,SGL103,B,C3,4,BLACK134,Y,RBV,M,AD,,,,,,,,,,1,,,
2019,August,8/29/19,C,SGL103,B,C3,7,BLACK141,Y,RBV,F,AD,,,,,,,,,,1,,,
2019,August,8/29/19,C,SGL103,B,C3,9,BLACK172,N,RBV,M,AD,,,31,1,2,,9,,,0,,,
2019,August,8/29/19,C,SGL103,B,C2,9,BLACK178,Y,RBV,M,AD,,,,,,,,,,0,,,
2019,August,8/29/19,C,SGL103,B,C3,5,BLACK186,Y,RBV,M,AD,,,,,,,,,,0,,,
2019,August,8/29/19,C,SGL103,C,C2,5,BLACK404,Y,RBV,F,,,,,,,,,,,1,,,
2019,August,8/29/19,C,SGL103,C,C2,9,BLACK418,N,RBV,F,AD,,,27,1.4,1.5,,10.4,,,0,,,
2019,August,8/29/19,C,SGL103,C,C1,3,BLACK426,Y,RBV,F,AD,,,,,,,,,,1,,,
2019,August,8/29/19,C,SGL103,C,C1,10,BLACK455,N,RBV,M,AD,,,26,1.2,2,,9,,,0,,,
2019,August,8/29/19,C,SGL103,C,C3,5,BLACK475,Y,RBV,F,AD,,,,,,,,,,2,,,
2019,August,8/29/19,C,SGL103,C,CE,19,BLACK484,Y,RBV,F,AD,,,,,,,,,,0,,,
2019,August,8/29/19,C,SGL103,C,C1,5,BLACK487,Y,RBV,F,,,,,,,,,,,1,,,
2019,August,8/29/19,C,SGL103,C,C3,8,BLACK489,N,RBV,F,AD,,,,,,,,,,0,,,
2019,August,8/29/19,C,SGL103,C,C3,3,BLACK492,Y,RBV,M,AD,,,,,,,,,,1,,,
2019,August,8/29/19,C,SGL103,C,C3,9,BLACK496,Y,RBV,,AD,,,,,,,,,,1,,,
2019,July,7/3/19,C,SGL103,B,C2,1,BLACK168,N,RBV,M,AD,,,31,1,2,,8.8,,,1,,,
2019,July,7/3/19,C,SGL103,C,CE,14,BLACK450,N,RBV,F,AD,,,19,1,1.5,,8.5,,,0,,,
2019,July,7/3/19,C,SGL103,C,C1,10,BLACK451,N,RBV,M,AD,,,34,0.9,1.9,,9,,,1,,,
2019,July,7/3/19,C,SGL103,C,C3,5,BLACK452,Y,RBV,F,AD,,,,,,,,,,0,,,
2019,July,7/3/19,C,SGL103,C,C2,10,BLACK475,Y,RBV,F,AD,,,,,,,,,,1,,,
2019,July,7/3/19,C,SGL103,C,C2,7,BLACK482,Y,RBV,F,JUV,,,,,,,,,,1,,,
2019,July,7/3/19,C,SGL103,C,C2,3,BLACK484,Y,RBV,F,AD,,,,,,,,,,0,,,
2019,July,7/3/19,C,SGL103,C,C1,6,BLACK487,N,RBV,F,JUV,,,14,1,1.8,,6.5,,,0,,,
2019,July,7/9/19,C,SGL103,B,C1,3,BLACK110,N,RBV,M,AD,,,22,1,1.8,,7.5,,,0,,,
2019,July,7/9/19,C,SGL103,B,C3,7,BLACK117,N,RBV,M,AD,,,26,1,1.8,,9.5,,,0,,,
2019,July,7/9/19,C,SGL103,B,C3,6,BLACK141,N,RBV,F,AD,,,19,1,1.7,,8.5,,,0,,,
2019,July,7/9/19,C,SGL103,C,CE,16,BLACK439,Y,RBV,M,AD,,,,,,,,,,0,,,
2019,July,7/9/19,C,SGL103,C,CE,14,BLACK451,Y,RBV,M,AD,,,,,,,,,,3,,,
2019,July,7/9/19,C,SGL103,C,C3,6,BLACK475,Y,RBV,F,AD,,,,,,,,,,2,,,
2019,July,7/9/19,C,SGL103,C,C1,6,BLACK480,Y,RBV,M,JUV,,,,,,,,,,0,,,
2019,July,7/9/19,C,SGL103,C,C3,3,BLACK485,N,RBV,M,JUV,,,14,1,1.7,,8.5,,,,,,
2019,July,7/9/19,C,SGL103,C,C2,9,BLACK493,N,RBV,M,AD,,,30,1.1,1.8,,10.5,,,,,,
2019,July,7/9/19,C,SGL103,C,C1,10,BLACK497,N,RBV,M,AD,,,28,0.75,2.5,,10,,,1,,,
2019,July,7/9/19,C,SGL103,C,C1,7,BLACK499,Y,RBV,M,AD,,,,,,,,,,0,,,
2019,July,7/9/19,C,SGL103,C,CE,7,,N,RBV,M,AD,,,,1.1,1.6,,9,,,0,,,
2019,July,7/16/19,C,SGL103,B,C1,2,BLACK110,Y,RBV,M,AD,,,,,,,,,,0,,,
2019,July,7/16/19,C,SGL103,B,C3,8,BLACK112,N,RBV,M,JUV,,,20,1,1.5,,7.5,,,1,,,
2019,July,7/16/19,C,SGL103,B,C3,4,BLACK115,N,RBV,M,,,,16,1.2,2,,9,,,0,,,
2019,July,7/16/19,C,SGL103,B,C3,6,BLACK141,Y,RBV,F,AD,,,,,,,,,,1,,,
2019,July,7/16/19,C,SGL103,C,CE,14,BLACK439,Y,RBV,M,AD,,,,,,,,,,0,,,
2019,July,7/16/19,C,SGL103,C,C2,2,BLACK451,Y,RBV,M,AD,,,,,,,,,,0,,,
2019,July,7/16/19,C,SGL103,C,C3,1,BLACK464,N,RBV,M,JUV,,,26,0.9,1.6,,7,,,,,,
2019,July,7/16/19,C,SGL103,C,C3,7,BLACK466,N,RBV,M,JUV,,,18,0.8,1.8,,7.5,,,,,,
2019,July,7/16/19,C,SGL103,C,C3,10,BLACK477,N,RBV,M,AD,,,28,0.75,1.75,,8.5,,,0,,,
2019,July,7/16/19,C,SGL103,C,C2,1,BLACK484,Y,RBV,F,AD,,,,,,,,,,,,,
2019,July,7/16/19,C,SGL103,C,C1,5,BLACK487,Y,RBV,F,JUV,,,,,,,,,,,,,
2019,July,7/16/19,C,SGL103,C,C2,10,BLACK490,N,RBV,F,AD,,,28,1,1.8,,10.5,,,0,,,
2019,July,7/16/19,C,SGL103,C,CE,18,BLACK493,Y,RBV,M,AD,,,,,,,,,,1,,,
2019,July,7/16/19,C,SGL103,C,C1,6,BLACK499,Y,RBV,M,AD,,,,,,,,,,1,,,
2019,July,7/16/19,C,SGL103,C,CE,14,RED464,Y,RBV,M,AD,,,,,,,,,,0,,,
2019,July,7/25/19,C,SGL103,B,C1,1,BLACK110,Y,RBV,M,AD,,,,,,,,,,,,,
2019,July,7/25/19,C,SGL103,B,C3,10,BLACK112,Y,RBV,M,AD,,,,,,,,,,1,,,
2019,July,7/25/19,C,SGL103,B,C2,9,BLACK117,Y,RBV,M,AD,,,,,,,,,,0,,,
2019,July,7/25/19,C,SGL103,B,C2,1,BLACK123,N,RBV,F,JUV,,,12.5,0.9,1.6,,6.5,,,0,,,
2019,July,7/25/19,C,SGL103,B,C3,7,BLACK141,Y,RBV,F,AD,,,,,,,,,,0,,,
2019,July,7/25/19,C,SGL103,C,C1,9,BLACK451,Y,RBV,M,AD,,,,,,,,,,,,,
2019,July,7/25/19,C,SGL103,C,C3,1,BLACK463,Y,RBV,,AD,,,,,,,,,,1,,,
2019,July,7/25/19,C,SGL103,C,C3,3,BLACK464,Y,RBV,M,AD,,,,,,,,,,2,,,
2019,July,7/25/19,C,SGL103,C,CE,16,BLACK468,N,RBV,M,AD,,,17,1.1,1.7,,9,,,1,,,
2019,July,7/25/19,C,SGL103,C,C3,6,BLACK475,Y,RBV,F,AD,,,,,,,,,,0,,,
2019,July,7/25/19,C,SGL103,C,CE,15,BLACK486,N,RBV,F,AD,,,32,1,2,,8,,,7,,,
2019,July,7/25/19,C,SGL103,C,C2,5,BLACK492,N,RBV,M,AD,,,24,1.1,1.5,,9,,,1,,,
2019,July,7/25/19,C,SGL103,C,C3,7,BLACK496,Y,RBV,,AD,,,,,,,,,,0,,,
2019,July,7/25/19,C,SGL103,C,C1,5,RED499,Y,RBV,,AD,,,,,,,,,,0,,,
2019,July,7/30/19,C,SGL103,B,C3,9,BLACK112,Y,RBV,M,AD,,,,,,,,,,1,,,
2019,July,7/30/19,C,SGL103,B,C3,8,BLACK117,Y,RBV,M,AD,,,,,,,,,,1,,,
2019,July,7/30/19,C,SGL103,B,C3,6,BLACK134,N,RBV,M,AD,,,20,0.7,1.7,,8,,,0,,,
2019,July,7/30/19,C,SGL103,B,C2,3,BLACK139,N,RBV,F,AD,,,17,0.8,1.8,,7.3,,,0,,,
2019,July,7/30/19,C,SGL103,B,C3,7,BLACK141,Y,RBV,F,AD,,,,,,,,,,0,,,
2019,July,7/30/19,C,SGL103,B,C1,7,BLACK178,N,RBV,M,AD,,,22,1,2,,9,,,0,,,
2019,July,7/30/19,C,SGL103,B,C3,5,BLACK187,N,RBV,F,AD,,,17,0.8,1.7,,7,,,0,,,
2019,July,7/30/19,C,SGL103,C,CE,20,BLACK193,Y,RBV,,AD,,,,,,,,,,1,,,
2019,July,7/30/19,C,SGL103,C,C2,5,BLACK404,N,RBV,F,JUV,,,17,0.6,1.5,,6.5,,,0,,,
2019,July,7/30/19,C,SGL103,C,C2,9,BLACK426,N,RBV,M,JUV,,,17,1,1.75,,8,,,1,,,
2019,July,7/30/19,C,SGL103,C,C1,9,BLACK451,Y,RBV,M,AD,,,,,,,,,,2,,,
2019,July,7/30/19,C,SGL103,C,C3,3,BLACK464,Y,RBV,M,AD,,,,,,,,,,2,,,
2019,July,7/30/19,C,SGL103,C,C2,10,BLACK475,Y,RBV,F,AD,,,,,,,,,,0,,,
2019,July,7/30/19,C,SGL103,C,C2,1,BLACK484,Y,RBV,F,AD,,,,,,,,,,1,,,
2019,July,7/30/19,C,SGL103,C,C3,10,BLACK496,Y,RBV,,AD,,,,,,,,,,0,,,
2019,July,7/30/19,C,SGL103,C,CE,16,BLACK498,Y,RBV,,,,,,,,,,,,0,,,
2019,July,7/30/19,C,SGL103,C,C1,5,BLACK499,Y,RBV,M,AD,,,,,,,,,,0,,,
2019,July,7/30/19,C,SGL103,C,C2,8,RED421,N,RBV,F,AD,,,35,1.5,2,,9,,,1,,,
2019,June,6/12/19,C,SGL103,B,C1,4,BLACK197,N,RBV,F,AD,,,21,1.2,1.5,,8.1,,,0,,,
2019,June,6/12/19,C,SGL103,C,C1,9,BLACK405,N,RBV,F,AD,,,26,1,2,,8.5,,,0,,,
2019,June,6/12/19,C,SGL103,C,C1,5,BLACK454,N,RBV,F,AD,,,35,1,1.5,,11,,,0,,,
2019,June,6/12/19,C,SGL103,C,C3,5,RED420,Y,RBV,F,AD,,,,,,,,,,2,,,
2019,June,6/20/19,C,SGL103,A,C2,9,BLACK263,N,RBV,F,AD,,,20,1,1.7,,8.9,,,0,,,
2019,June,6/20/19,C,SGL103,C,C3,4,BLACK452,N,RBV,F,AD,,,27,1.4,1.5,,8.5,,,0,,,
2019,June,6/20/19,C,SGL103,C,C1,10,BLACK453,N,RBV,F,AD,,,32,1.2,1.8,,10.6,,,1,,,
2019,June,6/20/19,C,SGL103,C,C3,6,BLACK475,N,RBV,F,AD,,,35,1.4,3,,9.8,,,0,,,
2019,June,6/20/19,C,SGL103,C,C1,4,,N,RBV,,JUV,,,,1,1.5,,5,,,1,,,
2019,June,6/26/19,C,SGL103,B,C2,1,BLACK126,N,RBV,M,AD,,,31,0.9,1.7,,9.5,,,0,,,
2019,June,6/26/19,C,SGL103,C,C2,2,BLACK438,N,RBV,F,AD,,,31,1.5,2,,11,,,0,,,
2019,June,6/26/19,C,SGL103,C,CE,15,BLACK439,N,RBV,M,JUV,,,20,1.3,1.8,,8,,,0,,,
2019,June,6/26/19,C,SGL103,C,C1,2,BLACK443,N,RBV,M,AD,,,28,,,,,,,0,,,
2019,June,6/26/19,C,SGL103,C,CE,20,BLACK446,N,RBV,M,AD,,,31,1.5,1.5,,9.5,,,1,,,
2019,June,6/26/19,C,SGL103,C,C1,6,BLACK449,N,RBV,,JUV,,,21,0.8,1.4,,6.5,,,0,,,
2019,June,6/26/19,C,SGL103,C,C2,10,BLACK475,Y,RBV,F,AD,,,,,,,,,,0,,,
2019,June,6/26/19,C,SGL103,C,C1,4,BLACK480,N,RBV,M,JUV,,,13,1.2,1.7,,7.3,,,0,,,
2019,June,6/26/19,C,SGL103,C,C2,6,BLACK482,N,RBV,F,JUV,,,23,1,1.6,,7.5,,,0,,,
2019,June,6/26/19,C,SGL103,C,CE,22,BLACK484,N,RBV,F,AD,,,32,1.3,1.8,,8.3,,,0,,,
2019,June,6/26/19,C,SGL103,C,C1,7,BLACK499,N,RBV,M,JUV,,,18,1.1,1.7,,7.5,,,0,,,
2019,June,6/26/19,C,SGL103,C,C3,8,BLACK500,N,RBV,M,AD,,,33,1.1,2,,9.4,,,0,,,
2019,May,5/21/19,C,SGL103,C,C1,8,,N,RBV,,JUV,,,11,0.9,1.4,,4.5,,,1,,,
2022,July,7/20/2022,C,SGL33,SPRING CONTROL,,8,N/A,N,RBV,,,,,,,,,,,,,,,
2022,October,10/18/2022,C,SGL33,SPRING CONTROL,,20,N/A,N,RBV,,,,,,,,,,,,,,,
2023,July,7/12/2023,C,SGL33,C,,5,N/A,N,RBV,,,,,,,,,,,,,,,
2023,July,7/14/2023,C,SGL33,C,,14,N/A,N,RBV,,,,,,,,,,,,,,,
2023,July,7/14/2023,C,SGL33,C,,18,N/A,N,RBV,,,,,,,,,,,,,,,
2023,June,6/8/2023,C,SGL33,C,,6,N/A,N,RBV,,,,,,,,,,,,,,,
2023,June,6/8/2023,C,SGL33,C,,14,N/A,N,RBV,,,,,,,,,,,,,,,
2023,June,6/9/2023,C,SGL33,C,,10,N/A,N,RBV,,,,,,,,,,,,,,,
2023,June,6/9/2023,C,SGL33,C,,14,N/A,N,RBV,,,,,,,,,,,,,,,
2024,August,8/1/2024,C,SGL103,3,A,7,RED47,N,RBV,M,SUBADULT,31,9,22,1,,,7.5,,,0,,0,
2024,August,8/1/2024,C,SGL103,2,,7,RED72,N,RBV,F,JUV,35,19,16,1,,,7.5,,,1,,,
2024,August,8/2/2024,C,SGL103,4,B,4,RED439,N,RBV,F,AD,55,35,20,1.3,,,7.4,,,0,,,
2024,July,7/30/2024,C,SGL103,2,B,1,RED136,N,RBV,F,AD,53,24,29,1.3,,,10.1,,,0,,0,
2024,July,7/30/2024,C,SGL103,3,B,7,RED149,N,RBV,M,AD,53,25,28,0.9,,,9.3,,,0,,0,
2024,July,7/30/2024,C,SGL103,2,A,9,TEAL423,N,RBV,F,AD,29,11,18,1,,,10.3,,,0,,0,
2024,July,7/31/2024,C,SGL103,3,B,9,TEAL391,N,RBV,F,AD,69,45,24,1.4,,,8.4,,,0,,0,
2024,July,7/31/2024,C,SGL103,3,B,2,TEAL392,N,RBV,M,AD,59,32,27,1.3,,,8.7,,,1,,0,
2024,July,7/23/2024,C,SGL33,7,B,2,RED45,N,RBV,M,AD,38,18,20,1.2,,,8.9,,,0,,0,
2024,July,7/23/2024,C,SGL33,3,B,8,TEAL325,N,RBV,F,SUBADULT,64,37,27,1.4,,,7.8,,,0,,0,
2024,July,7/23/2024,C,SGL33,8,A,3,TEAL405,N,RBV,F,AD,37,18,19,1.2,,,8.3,,,0,,0,
2024,July,7/23/2024,C,SGL33,8,A,1,TEAL478,N,RBV,F,AD,80,61,19,1.4,,,8.9,,,0,,0,
2024,July,7/23/2024,C,SGL33,3,A,8,TEAL495,N,RBV,M,AD,43,25,18,1.6,,,8.2,,,0,,0,
2024,July,7/24/2024,C,SGL33,6,B,3,TEAL413,N,RBV,M,AD,37.5,11,26.5,1.5,,,9.4,,,0,,0,
2024,July,7/24/2024,C,SGL33,9,A,7,TEAL416,N,RBV,M,AD,52,16,36,1.5,,,10.1,,,0,,0,
2024,July,7/24/2024,C,SGL33,5,A,6,TEAL430,N,RBV,F,AD,33,13,20,1.3,,,8.1,,,0,,0,
2024,July,7/24/2024,C,SGL33,5,A,5,TEAL432,N,RBV,M,AD,75,42,33,1.3,,,9.9,,,1,,0,
2024,July,7/24/2024,C,SGL33,4,A,6,TEAL449,N,RBV,M,AD,49,23,26,2,,,9.2,,,0,,0,
2024,July,7/25/2024,C,SGL33,3,A,6,RED133,N,RBV,F,SUBADULT,68,53,15,1.6,,,7.9,,,0,,0,
2024,July,7/25/2024,C,SGL33,9,A,2,RED143,Y,RBV,F,AD,49,13,36,1.5,,,9.6,,,0,,0,
2024,July,7/26/2024,C,SGL33,7,B,4,TEAL453,N,RBV,F,AD,61,42,19,1.4,,,7.6,,,0,,0,
2024,July,7/26/2024,C,SGL33,9,B,6,TEAL483,N,RBV,M,AD,45,11,34,1.6,,,9.7,,,2,,0,
2024,June,6/12/2024,C,SGL103,3,B,2,BLACK128,N,RBV,M,AD,37,11,26,1.0,,,9.0,,,1,,0,
2024,June,6/12/2024,C,SGL103,4,B,10,BLACK173,N,RBV,F,AD,36,10,26,1.2,,,10.9,,,2,,0,
2024,June,6/13/2024,C,SGL103,4,A,10,BLACK85,N,RBV,F,AD,40,10,30,1.3,,,11.0,,,0,,0,
2024,June,6/13/2024,C,SGL103,1,B,9,GREEN456,N,RBV,F,AD,45,12,33,1.2,,,10.2,,,0,,0,
2024,June,6/13/2024,C,SGL103,3,B,3,GREEN468,N,RBV,F,AD,30,15,15,0.9,,,10.1,,,0,,0,
2024,June,6/14/2024,C,SGL103,3,B,8,BLACK218,N,RBV,M,AD,54,30,24,1.4,,,9.6,,,6,,0,
2024,June,6/14/2024,C,SGL103,2,B,10,BLACK278,N,RBV,M,AD,37,13,24,1.2,,,10.2,,,1,,0,
2024,June,6/14/2024,C,SGL103,1,B,10,GREEN463,N,RBV,M,AD,50,22,28,1.5,,,8.2,,,0,,0,
2024,June,6/14/2024,C,SGL103,1,B,8,,N,RBV,M,JUV,24,11,13,0.9,,,6.2,,,0,,0,
2024,June,6/4/2024,C,SGL33,7,B,5,BLACK456,N,RBV,M,JUV,33,19,14,0.9,,,7.2,,,1,,0,
2024,June,6/6/2024,C,SGL33,8,B,1,BLACK403,N,RBV,F,JUV,42,34,8,0.6,,,8.0,,,0,,0,
2024,June,6/6/2024,C,SGL33,7,B,8,BLACK414,N,RBV,F,AD,43,11,32,1.1,,,10.4,,,0,,EGGS IN EAR,
2024,June,6/6/2024,C,SGL33,1,B,9,BLACK427,N,RBV,F,AD,40,15,25,1.1,,,10.0,,,0,,0,
2024,June,6/6/2024,C,SGL33,4,B,1,BLACK444,N,RBV,M,JUV,44,12,32,1.1,,,9.1,,,0,,0,
2024,June,6/7/2024,C,SGL33,7,B,3,GREEN163,N,RBV,F,AD,54,26,28,1.4,,,10.6,,,4,,0,
2024,June,6/7/2024,C,SGL33,1,B,10,GREEN168,N,RBV,F,AD,51,24,27,1.6,,,9.4,,,0,,0,
2024,June,6/7/2024,C,SGL33,9,B,8,GREEN185,N,RBV,M,AD,49,12,37,1.4,,,9.7,,,4,,0,
2024,June,6/7/2024,C,SGL33,9,A,10,,N,RBV,M,AD,38,10,28,1.3,,,9.1,,,2,,0,
2025,August,8/5/2025,C,SGL33,7,A,6,R390,Y,RBV,F,AD,51,26,25,0.9,,,10.2,0,0,,0,EAR MITES,
2025,August,8/6/2025,C,SGL33,7,B,2,R367,Y,RBV,M,AD,41,19,22,1.4,,,9.4,1,0,,0,0,
2025,June,6/3/2025,C,SGL33,7,A,10,R390,N,RBV,F,AD,14,50,-36,1.4,,,11.4,0,0,,0,0,
2025,June,6/3/2025,C,SGL33,7,A,6,R390,Y,RBV,M,,,,,,,,,,,,,,
2025,June,6/3/2025,C,SGL33,7,A,3,R449,N,RBV,M,JUV,23,11,12,1,,,7.2,0,0,,0,0,
2025,June,6/4/2025,C,SGL33,7,LA,6,R378,N,RBV,M,AD,47,19,28,1.2,,,10.3,0,0,,0,0,
2025,June,6/4/2025,C,SGL33,7,B,7,R378,Y,RBV,,,,,,,,,,,,,,,
2025,June,6/5/2025,C,SGL33,7,LA,3,R356,N,RBV,M,AD,49,17,32,1.3,,,10.3,0,0,,0,,
2025,June,6/5/2025,C,SGL33,7,B,10,R364,N,RBV,M,JUV,37,20,17,1.2,,,8.2,0,0,,0,,
2025,June,6/5/2025,C,SGL33,7,B,3,R367,N,RBV,F,JUV,36,22,14,1.2,,,7.8,0,0,,0,,
2025,June,6/5/2025,C,SGL33,7,B,6,R384,N,RBV,F,JUV,30,17,13,1.2,,,8.8,0,0,,0,EAR MITES,
2025,June,6/5/2025,C,SGL33,7,A,5,R386,N,RBV,M,JUV,45,31,14,1.1,,,7.9,0,0,,0,1,
2021,August,8/6/2021,C,SGL176,SUMMER CONTROL,,24,N/A,N,MV,,,,,,,,,,,,,,,
2021,May,5/19/2021,C,SGL103 NORTH,SPRING CONTROL,,25,N/A,N,MV,,,,,,,,,,,,,,,
2021,May,5/26/2021,C,SGL176,SUMMER CONTROL,,23,N/A,N,MV,,,,,,,,,,,,,,,
2021,May,5/26/2021,C,SGL176,SUMMER CONTROL,,30,N/A,N,MV,,,,,,,,,,,,,,,
2021,May,5/28/2021,C,SGL33,SUMMER CONTROL,,20,N/A,N,MV,,,,,,,,,,,,,,,
2021,October,10/1/2021,C,SGL176,SUMMER CONTROL,,27,N/A,N,MV,,,,,,,,,,,,,,,
2021,October,10/1/2021,C,SGL33,FALL CONTROL,,1,N/A,N,MV,,,,,,,,,,,,,,,
2021,October,10/1/2021,C,SGL33,FALL CONTROL,,13,N/A,N,MV,,,,,,,,,,,,,,,
2021,September,9/30/2021,C,SGL176,SPRING CONTROL,,28,N/A,N,MV,,,,,,,,,,,,,,,
2021,September,9/30/2021,C,SGL176,SPRING CONTROL,,30,N/A,N,MV,,,,,,,,,,,,,,,
2021,September,9/30/2021,C,SGL176,SUMMER CONTROL,,30,N/A,N,MV,,,,,,,,,,,,,,,
2021,September,9/29/2021,C,SGL33,FALL CONTROL,,1,N/A,N,MV,,,,,,,,,,,,,,,
2021,September,9/30/2021,C,SGL33,FALL CONTROL,,1,N/A,N,MV,,,,,,,,,,,,,,,
2022,July,7/20/2022,C,SGL33,SPRING CONTROL,,4,N/A,N,MV,,,,,,,,,,,,,,,
2022,July,7/22/2022,C,SGL33,SPRING CONTROL,,9,N/A,N,MV,,,,,,,,,,,,,,,
2022,June,6/3/2022,C,SGL33,SPRING CONTROL,,14,N/A,N,MV,,,,,,,,,,,,,,,
2022,June,6/5/2022,C,SGL33,FALL CONTROL,,10,N/A,N,MV,,,,,,,,,,,,,,,
2022,June,6/6/2022,C,SGL33,FALL CONTROL,,13,N/A,N,MV,,,,,,,,,,,,,,,
2022,October,10/17/2022,C,SGL33,FALL CONTROL,,28,N/A,N,MV,,,,,,,,,,,,,,,
2024,June,6/14/2024,C,SGL103,3,A,4,BLACK279,N,MV,F,AD,59,15,44,,,,,,,0,,0,
2024,June,6/14/2024,C,SGL103,3,A,2,GREEN455,N,MV,F,AD,68,21,47,1.1,,,10.8,,,0,,0,
2024,June,6/6/2024,C,SGL33,5,A,6,,N,MV,,,,,,,,,,,,,,,
2024,June,6/7/2024,C,SGL33,5,B,6,GREEN153,N,MV,M,AD,82,40,42,1.2,,,12.2,,,3,,0,
2019,August,8/6/19,C,SGL103,A,C3,1,BLACK205,Y,CHP,F,AD,,,,,,,,,,10,,,
2019,August,8/6/19,C,SGL103,A,C1,5,BLACK243,N,CHP,,AD,,,,,,,,,,4,,,
2019,August,8/13/19,C,SGL103,A,CE,21,BLACK241,N,CHP,,AD,,,,,,,,,,3,,,
2019,August,8/13/19,C,SGL103,A,C2,5,BLACK243,Y,CHP,,AD,,,,,,,,,,7,,,
2019,August,8/13/19,C,SGL103,C,C3,4,BLACK409,Y,CHP,M,AD,,,,,,,,,,5,,,
2019,August,8/20/19,C,SGL103,A,CE,19,BLACK241,Y,CHP,,AD,,,,,,,,,,6,,,
2019,August,8/20/19,C,SGL103,C,C2,8,BLACK409,Y,CHP,M,AD,,,,,,,,,,10,,,
2019,August,8/29/19,C,SGL103,A,C2,3,BLACK281,Y,CHP,,,,,,,,,,,,2,,,
2019,August,8/29/19,C,SGL103,C,C1,4,BLACK409,Y,CHP,M,AD,,,,,,,,,,2,,,
2019,July,7/3/19,C,SGL103,C,C1,8,BLACK479,Y,CHP,M,AD,,,,,,,,,,6,,,
2019,July,7/9/19,C,SGL103,C,C2,7,BLACK479,Y,CHP,M,AD,,,,,,,,,,5,,,
2019,July,7/16/19,C,SGL103,C,C2,9,BLACK494,N,CHP,F,AD,,,88,,,,,,,0,,,
2019,July,7/2019,C,SGL103,A,C2,1,BLACK205,N,CHP,F,AD,,,,,,,,,,0,,,
2019,July,7/30/19,C,SGL103,C,C2,8,BLACK409,N,CHP,M,AD,,,,,,,,,,5,,,
2019,June,6/26/19,C,SGL103,A,C2,6,BLACK266,N,CHP,M,AD,,,59,1.5,3,,12.2,,,3,,,
2019,June,6/26/19,C,SGL103,C,C2,8,BLACK479,N,CHP,M,AD,,,75,,,,,,,3,,,
2022,August,8/2/2022,C,SGL103 NORTH,SPRING CONTROL,,6,N/A,N,CHP,,,,,,,,,,,,,,,
2022,October,10/3/2022,C,SGL176,SUMMER CONTROL,,29,N/A,N,CHP,,,,,,,,,,,,,,,
2022,October,10/7/2022,C,SGL176,SUMMER CONTROL,,17,N/A,N,CHP,,,,,,,,,,,,,,,
2022,October,10/7/2022,C,SGL176,SUMMER CONTROL,,25,N/A,N,CHP,,,,,,,,,,,,,,,
2022,October,10/7/2022,C,SGL176,SUMMER CONTROL,,26,N/A,N,CHP,,,,,,,,,,,,,,,
2025,August,8/6/2025,C,SGL33,10,A,9,BK464,N,CHP,F,AD,98,10,88,1.5,,,15,3,0,,0,0,
2025,July,7/29/2025,C,SGL103,4,A,7,R70,Y,CHP,F,AD,,,,,,,,2,0,,0,0,
2025,July,7/22/2025,C,SGL176,1,B,10,BK482,N,CHP,M,AD,83,9,74,1.5,,,16,3,0,,0,4,
2025,July,7/24/2025,C,SGL176,7,B,11,BK486,N,CHP,F,AD,90,13,77,1.4,,,16.3,2,3,,0,0,
2025,June,6/12/2025,C,SGL103,4,A,8,R158,N,CHP,F,AD,80,11,69,1.5,,,13,0,4,,0,0,
2025,June,6/12/2025,C,SGL103,4,A,9,R196,N,CHP,F,AD,,,,,,,,1,0,,0,0,
2025,June,6/12/2025,C,SGL103,4,A,5,R70,Y,CHP,,,,,,,,,,,,,,,
2025,May,5/29/2025,C,SGL103,4,A,4,R70,N,CHP,F,AD,86,9,77,1.75,,,15,0,3,,0,0,
2025,May,5/30/2025,C,SGL103,4,A,2,R70,Y,CHP,,,,,,,,,,,,,,,
2021,July,7/22/2021,C,SGL103 NORTH,FALL CONTROL,,28,N/A,N,NST,,,,,,,,,,,,,,,
2021,October,10/20/2021,C,SGL103 NORTH,FALL CONTROL,,15,N/A,N,NST,,,,,,,,,,,,,,,
2021,October,10/21/2021,C,SGL103 NORTH,SUMMER CONTROL,,16,N/A,N,NST,,,,,,,,,,,,,,,
2021,October,10/21/2021,C,SGL103 NORTH,SUMMER CONTROL,,24,N/A,N,NST,,,,,,,,,,,,,,,
2021,October,10/1/2021,C,SGL33,FALL CONTROL,,5,N/A,N,NST,,,,,,,,,,,,,,,
2021,October,10/1/2021,C,SGL33,FALL CONTROL,,14,N/A,N,NST,,,,,,,,,,,,,,,
2021,September,9/28/2021,C,SGL33,FALL CONTROL,,17,N/A,N,NST,,,,,,,,,,,,,,,
2021,September,9/29/2021,C,SGL33,FALL CONTROL,,13,N/A,N,NST,,,,,,,,,,,,,,,
2021,September,9/29/2021,C,SGL33,FALL CONTROL,,18,N/A,N,NST,,,,,,,,,,,,,,,
2021,September,9/30/2021,C,SGL33,FALL CONTROL,,6,N/A,N,NST,,,,,,,,,,,,,,,
2021,September,9/30/2021,C,SGL33,FALL CONTROL,,8,N/A,N,NST,,,,,,,,,,,,,,,
2021,September,9/30/2021,C,SGL33,FALL CONTROL,,14,N/A,N,NST,,,,,,,,,,,,,,,
2022,August,8/4/2022,C,SGL103 NORTH,SPRING CONTROL,,9,N/A,N,NST,,,,,,,,,,,,,,,
2022,August,8/4/2022,C,SGL103 NORTH,SUMMER CONTROL,,16,N/A,N,NST,,,,,,,,,,,,,,,
2022,August,8/4/2022,C,SGL103 NORTH,SUMMER CONTROL,,18,N/A,N,NST,,,,,,,,,,,,,,,
2022,August,8/8/2022,C,SGL103 NORTH,SPRING CONTROL,,10,N/A,N,NST,,,,,,,,,,,,,,,
2022,August,8/8/2022,C,SGL103 NORTH,SUMMER CONTROL,,24,N/A,N,NST,,,,,,,,,,,,,,,
2022,August,8/3/2022,C,SGL103 SOUTH,FALL CONTROL,,15,N/A,N,NST,,,,,,,,,,,,,,,
2022,August,8/3/2022,C,SGL103 SOUTH,SUMMER CONTROL,,17,N/A,N,NST,,,,,,,,,,,,,,,
2022,August,8/4/2022,C,SGL103 SOUTH,SPRING CONTROL,,2,N/A,N,NST,,,,,,,,,,,,,,,
2022,August,8/4/2022,C,SGL103 SOUTH,SUMMER CONTROL,,8,N/A,N,NST,,,,,,,,,,,,,,,
2022,August,8/4/2022,C,SGL103 SOUTH,SUMMER CONTROL,,13,N/A,N,NST,,,,,,,,,,,,,,,
2022,August,8/4/2022,C,SGL103 SOUTH,SUMMER CONTROL,,16,N/A,N,NST,,,,,,,,,,,,,,,
2022,July,7/22/2022,C,SGL176,SUMMER CONTROL,,30,N/A,N,NST,,,,,,,,,,,,,,,
2022,May,5/18/2022,C,SGL103 NORTH,SUMMER CONTROL,,19,N/A,N,NST,,,,,,,,,,,,,,,
2022,May,5/18/2022,C,SGL103 NORTH,SUMMER CONTROL,,22,N/A,N,NST,,,,,,,,,,,,,,,
2022,May,5/19/2022,C,SGL103 NORTH,SUMMER CONTROL,,22,N/A,N,NST,,,,,,,,,,,,,,,
2022,October,10/3/2022,C,SGL176,FALL CONTROL,,14,N/A,N,NST,,,,,,,,,,,,,,,
2022,October,10/3/2022,C,SGL176,SPRING CONTROL,,27,N/A,N,NST,,,,,,,,,,,,,,,
2022,October,10/3/2022,C,SGL176,SUMMER CONTROL,,7,N/A,N,NST,,,,,,,,,,,,,,,
2022,October,10/3/2022,C,SGL176,SUMMER CONTROL,,20,N/A,N,NST,,,,,,,,,,,,,,,
2022,October,10/4/2022,C,SGL176,FALL CONTROL,,18,N/A,N,NST,,,,,,,,,,,,,,,
2022,October,10/4/2022,C,SGL176,SPRING CONTROL,,23,N/A,N,NST,,,,,,,,,,,,,,,
2022,October,10/4/2022,C,SGL176,SPRING CONTROL,,24,N/A,N,NST,,,,,,,,,,,,,,,
2022,October,10/4/2022,C,SGL176,SUMMER CONTROL,,19,N/A,N,NST,,,,,,,,,,,,,,,
2022,October,10/11/2022,C,SGL176,SPRING CONTROL,,22,N/A,N,NST,,,,,,,,,,,,,,,
2022,October,10/17/2022,C,SGL33,FALL CONTROL,,7,N/A,N,NST,,,,,,,,,,,,,,,
2022,October,10/17/2022,C,SGL33,FALL CONTROL,,12,N/A,N,NST,,,,,,,,,,,,,,,
2022,October,10/17/2022,C,SGL33,SPRING CONTROL,,7,N/A,N,NST,,,,,,,,,,,,,,,
2022,October,10/17/2022,C,SGL33,SPRING CONTROL,,8,N/A,N,NST,,,,,,,,,,,,,,,
2022,October,10/17/2022,C,SGL33,SPRING CONTROL,,12,N/A,N,NST,,,,,,,,,,,,,,,
2022,October,10/18/2022,C,SGL33,FALL CONTROL,,6,N/A,N,NST,,,,,,,,,,,,,,,
2022,October,10/18/2022,C,SGL33,FALL CONTROL,,17,N/A,N,NST,,,,,,,,,,,,,,,
2022,October,10/18/2022,C,SGL33,SPRING CONTROL,,18,N/A,N,NST,,,,,,,,,,,,,,,
2022,October,10/25/2022,C,SGL33,FALL CONTROL,,13,N/A,N,NST,,,,,,,,,,,,,,,
2022,October,10/25/2022,C,SGL33,FALL CONTROL,,22,N/A,N,NST,,,,,,,,,,,,,,,
2022,October,10/25/2022,C,SGL33,SPRING CONTROL,,23,N/A,N,NST,,,,,,,,,,,,,,,
2022,October,10/25/2022,C,SGL33,SUMMER CONTROL,,20,N/A,N,NST,,,,,,,,,,,,,,,
2022,October,10/27/2022,C,SGL33,SPRING CONTROL,,15,N/A,N,NST,,,,,,,,,,,,,,,
2022,October,10/27/2022,C,SGL33,SUMMER CONTROL,,16,N/A,N,NST,,,,,,,,,,,,,,,
2022,September,9/27/2022,C,SGL103 NORTH,SUMMER CONTROL,,21,N/A,N,NST,,,,,,,,,,,,,,,
2022,September,9/27/2022,C,SGL103 SOUTH,SPRING CONTROL,,27,N/A,N,NST,,,,,,,,,,,,,,,
2022,September,9/27/2022,C,SGL103 SOUTH,SUMMER CONTROL,,1,N/A,N,NST,,,,,,,,,,,,,,,
2022,September,9/28/2022,C,SGL103 SOUTH,SUMMER CONTROL,,9,N/A,N,NST,,,,,,,,,,,,,,,
2022,September,9/28/2022,C,SGL103 SOUTH,SUMMER CONTROL,,13,N/A,N,NST,,,,,,,,,,,,,,,
2022,September,9/29/2022,C,SGL103 SOUTH,SUMMER CONTROL,,9,N/A,N,NST,,,,,,,,,,,,,,,
2022,September,9/29/2022,C,SGL103 SOUTH,SUMMER CONTROL,,25,N/A,N,NST,,,,,,,,,,,,,,,
2022,September,9/30/2022,C,SGL103 SOUTH,SPRING CONTROL,,8,N/A,N,NST,,,,,,,,,,,,,,,
2022,September,9/30/2022,C,SGL103 SOUTH,SUMMER CONTROL,,8,N/A,N,NST,,,,,,,,,,,,,,,
2024,August,8/1/2024,C,SGL103,6,B,2,,N,NST,M,AD,30,9,21,,,,7,,,6,,1,
2024,August,8/1/2024,C,SGL103,7,A,8,,N,NST,F,AD,32,9,23,,,,7,,,7,,,
2024,August,8/2/2024,C,SGL103,3,B,3,,N,NST,F,AD,30,9,21,,,,7,,,3,,,
2024,August,8/2/2024,C,SGL103,9,A,3,,N,NST,F,AD,29,9,20,,,,7.5,,,2,,,
2024,August,8/8/2024,C,SH,2,B,3,,N,NST,F,AD,28,9,19,,,2.5,9,,,17,,0,
2024,August,8/13/2024,C,SH,5,A,7,,N,NST,F,AD,28,10,18,,,2.5,8,,,0,,,
2024,July,7/30/2024,C,SGL103,9,A,6,,N,NST,F,AD,38,9,29,,,,8.0,,,0,,0,
2024,July,7/30/2024,C,SGL103,9,B,1,,N,NST,F,AD,23,9,14,,,,7.0,,,0,,,
2024,July,7/31/2024,C,SGL103,8,B,1,1,N,NST,F,AD,40,22,18,,,2,9.1,,,1,,,
2024,July,7/31/2024,C,SGL103,7,A,7,4,N,NST,F,AD,39,22,17,,,2.1,9,,,0,,0,
2024,July,7/31/2024,C,SGL103,7,A,7,4,N,NST,F,AD,39,22,17,,,2.1,9.0,,,0,,0,
2024,July,7/31/2024,C,SGL103,9,B,2,5,N,NST,F,AD,26,9,17,,,1.8,9.0,,,2,,0,
2024,July,7/31/2024,C,SGL103,9,B,2,5,N,NST,F,AD,26,9,17,,,1.8,9,,,2,,0,
2024,July,7/23/2024,C,SGL33,1,B,8,,N,NST,F,AD,27,9,18,,,,7.5,,,3,,0,
2024,July,7/24/2024,C,SGL33,1,B,5,,N,NST,F,AD,30,11,19,,,,6.5,,,0,,0,
2024,July,7/25/2024,C,SGL33,1,A,7,,N,NST,F,AD,25,10,15,,,,6.5,,,0,,0,
2024,July,7/25/2024,C,SGL33,2,B,1,,N,NST,F,AD,23,11,12,,,,6,,,1,,0,
2024,June,6/13/2024,C,SGL103,5,B,3,6.13.24.1,N,NST,F,AD,,,,,,3,9.0,,,7,,0,
2024,June,6/14/2024,C,SGL103,3,B,7,6.14.24.1,N,NST,M,AD,35,13,22,,,2.0,9.0,,,0,,0,
2024,June,6/14/2024,C,SGL103,3,B,2,6.14.24.2,N,NST,F,AD,25,11,14,,,2.1,8.2,,,0,,0,
2024,June,6/6/2024,C,SGL33,3,A,1,6.6.24.2,N,NST,F,AD,45,12,33,,,2.0,9.0,,,1,,0,
2024,June,6/7/2024,C,SGL33,9,A,5,6.7.24.1,N,NST,F,AD,66,45,21,,,2.0,9.4,,,0,,0,
2024,June,6/7/2024,C,SGL33,3,A,4,6.7.24.4,N,NST,F,JUV,24,10,14,,,2.2,9.3,,,4,,0,
2024,June,6/7/2024,C,SGL33,1,A,3,6.7.24.5,N,NST,F,AD,26,10,16,,,2.0,9.2,,,5,,0,
2025,July,7/22/2025,C,SGL176,7,A,3,RED MARKER,N,NST,M,AD,20,6,14,,,25,8.5,2,0,,0,0,
2025,July,7/23/2025,C,SGL176,7,A,3,NO TAG #,N,NST,M,AD,10,0,10,1.5,,25,8,5,0,,0,0,
2018,August,8/7/2018,,SGL103,A,W,9,BLUE303,Y,WFM ,F,AD,,,,,,,,,,0,,,
2018,August,8/7/2018,,SGL103,A,W,18,BLUE309,Y,WFM ,,AD,,,,,,,,,,3,,,
2018,August,8/7/2018,,SGL103,A,W,3,BLUE337,Y,WFM ,M,AD,,,,,,,,,,2,,,
2018,August,8/7/2018,,SGL103,A,E,13,BLUE379,Y,WFM ,F,AD,,,,,,,,,,0,,,
2018,August,8/7/2018,,SGL103,B,E,7,RED321,Y,WFM ,M,AD,,,,,,,,,,0,,,
2018,August,8/7/2018,,SGL103,B,W,5,RED323,N,WFM ,M,AD,,,16,1.25,2,,9,,,10,,,
2018,August,8/7/2018,,SGL103,C,E,13,RED323,N,WFM ,M,AD,,,16,1.25,2,,9,,,5,,,
2018,August,8/7/2018,,SGL103,B,E,22,RED330,Y,WFM ,M,AD,,,,,,,,,,1,,,
2018,August,8/7/2018,,SGL103,B,E,3,RED331,N,WFM ,M,AD,,,27,1.5,2,,8.5,,,0,,,
2018,August,8/7/2018,,SGL103,B,E,16,RED347,Y,WFM ,F,AD,,,,,,,,,,0,,,
2018,August,8/7/2018,,SGL103,B,W,15,RED356,N,WFM ,F,AD,,,25,1.5,2,,9,,,14,,,
2018,August,8/7/2018,,SGL103,B,W,2,RED365,N,WFM ,M,AD,,,17,1.1,2.2,,7.9,,,3,,,
2018,August,8/7/2018,,SGL103,B,E,9,RED388,Y,WFM ,F,AD,,,,,,,,,,2,,,
2018,August,8/7/2018,,SGL103,B,E,8,RED389,Y,WFM ,M,AD,,,,,,,,,,3,,,
2018,August,8/7/2018,,SGL92,C,E,9,BLACK302,N,WFM ,M,AD,,,37,2,1.75,,7,,,5,,,
2018,August,8/7/2018,,SGL92,C,E,19,BLACK315,N,WFM ,M,AD,,,21,1.5,2,,9.5,,,5,,,
2018,August,8/7/2018,,SGL92,C,E,2,BLACK339,Y,WFM ,M,AD,,,,,,,,,,0,,,
2018,August,8/7/2018,,SGL92,C,E,8,BLACK343,Y,WFM ,M,AD,,,,,,,,,,3,,,
2018,August,8/7/2018,,SGL92,C,E,24,BLACK362,Y,WFM ,M,AD,,,,,,,,,,0,,,
2018,August,8/7/2018,,SGL92,C,E,5,BLACK364,Y,WFM ,F,AD,,,,,,,,,,2,,,
2018,August,8/7/2018,,SGL92,C,E,6,BLACK367,Y,WFM ,M,AD,,,,,,,,,,0,,,
2018,August,8/7/2018,,SGL92,C,W,17,BLACK379,N,WFM ,F,AD,,,13,1.7,1.8,,7.4,,,11,,,
2018,August,8/7/2018,,SGL92,C,E,14,BLACK380,Y,WFM ,F,AD,,,,,,,,,,0,,,
2018,August,8/7/2018,,SGL92,C,W,16,BLACK383,N,WFM ,M,AD,,,45,1.6,2.1,,9.5,,,11,,,
2018,August,8/7/2018,,SGL92,C,E,25,BLACK384,N,WFM ,F,AD,,,31.5,1.7,1.5,,8,,,2,,,
2018,July,7/3/2018,,SGL103,A,W,7,BLUE303,Y,WFM ,F,AD,,,,,,,,,,2,,,
2018,July,7/3/2018,,SGL103,A,W,12,BLUE318,Y,WFM ,,AD,,,,,,,,,,3,,,
2018,July,7/3/2018,,SGL103,A,W,3,BLUE320,Y,WFM ,F,AD,,,,,,,,,,1,,,
2018,July,7/3/2018,,SGL103,A,E,13,BLUE333,Y,WFM ,F,AD,,,,,,,,,,5,,,
2018,July,7/3/2018,,SGL103,A,E,21,BLUE339,Y,WFM ,F,AD,,,,,,,,,,2,,,
2018,July,7/3/2018,,SGL103,A,E,6,BLUE343,Y,WFM ,M,AD,,,,,,,,,,3,,,
2018,July,7/3/2018,,SGL103,A,E,10,BLUE351,Y,WFM ,M,AD,,,,,,,,,,2,1,,
2018,July,7/3/2018,,SGL103,A,E,11,BLUE375,Y,WFM ,F,AD,,,,,,,,,,2,,,
2018,July,7/3/2018,,SGL103,A,W,6,BLUE387,Y,WFM ,,AD,,,,,,,,,,6,,,
2018,July,7/3/2018,,SGL103,A,E,15,BLUE388,Y,WFM ,M,AD,,,,,,,,,,2,,,
2018,July,7/3/2018,,SGL103,A,E,4,BLUE390,N,WFM ,M,JUV,,,13,1.4,1.8,,6.8,,,1,,,
2018,July,7/3/2018,,SGL103,A,W,19,BLUE391,Y,WFM ,F,AD,,,,,,,,,,5,,,
2018,July,7/3/2018,,SGL103,A,E,25,BLUE394,N,WFM ,M,AD,,,27,1.5,2.5,,10,,,3,,,
2018,July,7/3/2018,,SGL103,A,W,1,BLUE395,Y,WFM ,F,AD,,,,,,,,,,5,,,
2018,July,7/3/2018,,SGL103,A,W,25,BLUE398,N,WFM ,M,AD,,,31,1.5,2,,9,,,5,,,
2018,July,7/3/2018,,SGL103,B,W,4,RED301,N,WFM ,F,AD,,,24,1.3,2.2,,8.5,,,1,,,
2018,July,7/3/2018,,SGL103,B,W,16,RED312,Y,WFM ,F,AD,,,,,,,,,,0,,,
2018,July,7/3/2018,,SGL103,B,E,5,RED314,Y,WFM ,M,AD,,,,,,,,,,1,,,
2018,July,7/3/2018,,SGL103,B,E,20,RED317,Y,WFM ,,AD,,,,,,,,,,0,,,
2018,July,7/3/2018,,SGL103,B,E,25,RED329,Y,WFM ,F,AD,,,,,,,,,,5,,,
2018,July,7/3/2018,,SGL103,B,E,21,RED330,Y,WFM ,M,AD,,,,,,,,,,3,,,
2018,July,7/3/2018,,SGL103,B,W,25,RED348,N,WFM ,M,AD,,,17,1,2,,9,,,0,,,
2018,July,7/3/2018,,SGL103,B,W,7,RED361,Y,WFM ,F,AD,,,,,,,,,,0,,,
2018,July,7/3/2018,,SGL103,B,E,24,RED373,Y,WFM ,F,AD,,,,,,,,,,,,,
2018,July,7/3/2018,,SGL103,B,E,22,RED375,Y,WFM ,M,AD,,,,,,,,,,10,,,
2018,July,7/3/2018,,SGL103,B,E,6,RED387,Y,WFM ,M,AD,,,,,,,,,,1,,,
2018,July,7/3/2018,,SGL103,B,E,2,RED389,N,WFM ,M,AD,,,14,1.4,2,,7.5,,,7,,,
2018,July,7/3/2018,,SGL103,B,E,18,RED390,Y,WFM ,F,AD,,,,,,,,,,0,,,
2018,July,7/3/2018,,SGL103,B,E,7,RED392,Y,WFM ,M,AD,,,,,,,,,,3,,,
2018,July,7/10/2018,,SGL103,A,W,8,BLUE311,Y,WFM ,F,AD,,,,,,,,,,3,,,
2018,July,7/10/2018,,SGL103,A,W,15,BLUE312,N,WFM ,M,AD,,,16,2,2.2,,7.2,,,2,,,
2018,July,7/10/2018,,SGL103,A,E,19,BLUE339,Y,WFM ,F,AD,,,,,,,,,,0,,,
2018,July,7/10/2018,,SGL103,A,E,6,BLUE343,Y,WFM ,M,AD,,,,,,,,,,0,,,
2018,July,7/10/2018,,SGL103,A,E,12,BLUE379,N,WFM ,F,AD,,,14,1.6,2,,8.2,,,5,,,
2018,July,7/10/2018,,SGL103,A,E,10,BLUE381,N,WFM ,M,JUV,,,13,1.4,2,,6.5,,,10,,,
2018,July,7/10/2018,,SGL103,A,E,24,BLUE382,Y,WFM ,M,AD,,,,,,,,,,0,,,
2018,July,7/10/2018,,SGL103,A,E,21,BLUE386,Y,WFM ,F,AD,,,,,,,,,,1,,,
2018,July,7/10/2018,,SGL103,A,E,17,BLUE388,Y,WFM ,M,AD,,,,,,,,,,3,,,
2018,July,7/10/2018,,SGL103,A,E,4,BLUE390,Y,WFM ,M,JUV,,,,,,,,,,7,,,
2018,July,7/10/2018,,SGL103,A,E,16,BLUE395,Y,WFM ,F,AD,,,,,,,,,,0,,,
2018,July,7/10/2018,,SGL103,A,E,2,BLUE396,Y,WFM ,,AD,,,,,,,,,,2,,,
2018,July,7/10/2018,,SGL103,B,W,16,RED312,Y,WFM ,F,AD,,,,,,,,,,4,,,
2018,July,7/10/2018,,SGL103,B,E,3,RED314,Y,WFM ,M,AD,,,,,,,,,,0,,,
2018,July,7/10/2018,,SGL103,B,E,24,RED330,Y,WFM ,M,AD,,,,,,,,,,2,,,
2018,July,7/10/2018,,SGL103,B,W,12,RED340,Y,WFM ,F,AD,,,,,,,,,,4,,,
2018,July,7/10/2018,,SGL103,B,E,15,RED341,Y,WFM ,F,AD,,,,,,,,,,1,,,
2018,July,7/10/2018,,SGL103,B,E,2,RED344,Y,WFM ,M,AD,,,,,,,,,,2,,,
2018,July,7/10/2018,,SGL103,B,E,9,RED349,N,WFM ,M,AD,,,16,1.4,2.2,,7.7,,,3,,,
2018,July,7/10/2018,,SGL103,B,W,1,RED350,N,WFM ,M,AD,,,18,1,2.2,,9,,,3,,,
2018,July,7/10/2018,,SGL103,B,E,14,RED355,Y,WFM ,M,AD,,,,,,,,,,3,,,
2018,July,7/10/2018,,SGL103,B,W,15,RED361,Y,WFM ,F,AD,,,,,,,,,,8,,,
2018,July,7/10/2018,,SGL103,B,E,21,RED368,N,WFM ,M,AD,,,16,1.5,1.8,,7.5,,,11,,,
2018,July,7/10/2018,,SGL103,B,E,23,RED373,Y,WFM ,F,AD,,,,,,,,,,5,,,
2018,July,7/10/2018,,SGL103,B,W,10,RED385,Y,WFM ,M,AD,,,,,,,,,,2,,,
2018,July,7/10/2018,,SGL103,B,E,10,RED387,Y,WFM ,M,AD,,,,,,,,,,4,,,
2018,July,7/10/2018,,SGL103,B,E,7,RED388,Y,WFM ,F,AD,,,,,,,,,,0,,,
2018,July,7/10/2018,,SGL103,B,E,1,RED389,Y,WFM ,M,AD,,,,,,,,,,1,,,
2018,July,7/10/2018,,SGL103,B,E,20,RED390,Y,WFM ,F,AD,,,,,,,,,,1,,,
2018,July,7/17/2018,,SGL103,A,W,9,BLUE303,Y,WFM ,F,AD,,,,,,,,,,2,,,
2018,July,7/17/2018,,SGL103,A,W,22,BLUE309,N,WFM ,,AD,,,25,1.5,2,,9,,,1,,,
2018,July,7/17/2018,,SGL103,A,W,6,BLUE311,Y,WFM ,F,AD,,,,,,,,,,3,,,
2018,July,7/17/2018,,SGL103,A,W,4,BLUE320,Y,WFM ,F,AD,,,,,,,,,,0,,,
2018,July,7/17/2018,,SGL103,A,E,6,BLUE321,Y,WFM ,F,JUV,,,,,,,,,,0,,,
2018,July,7/17/2018,,SGL103,A,W,7,BLUE337,Y,WFM ,M,AD,,,,,,,,,,1,,,
2018,July,7/17/2018,,SGL103,A,E,9,BLUE351,Y,WFM ,M,AD,,,,,,,,,,0,,,
2018,July,7/17/2018,,SGL103,A,E,11,BLUE366,N,WFM ,M,AD,,,28,1.5,2,,9.8,,,1,,,
2018,July,7/17/2018,,SGL103,A,W,15,BLUE370,N,WFM ,F,AD,,,23,1.5,2,,9,,,1,,,
2018,July,7/17/2018,,SGL103,A,E,13,BLUE375,Y,WFM ,F,AD,,,,,,,,,,5,,,
2018,July,7/17/2018,,SGL103,A,E,12,BLUE379,Y,WFM ,F,AD,,,,,,,,,,2,,,
2018,July,7/17/2018,,SGL103,A,E,25,BLUE386,Y,WFM ,F,AD,,,,,,,,,,0,,,
2018,July,7/17/2018,,SGL103,A,E,18,BLUE388,Y,WFM ,M,AD,,,,,,,,,,1,,,
2018,July,7/17/2018,,SGL103,A,E,4,BLUE390,Y,WFM ,M,AD,,,,,,,,,,1,,,
2018,July,7/17/2018,,SGL103,A,W,24,BLUE391,Y,WFM ,F,AD,,,,,,,,,,3,,,
2018,July,7/17/2018,,SGL103,A,E,23,BLUE394,Y,WFM ,M,AD,,,,,,,,,,3,,,
2018,July,7/17/2018,,SGL103,A,E,14,BLUE395,Y,WFM ,F,AD,,,,,,,,,,2,,,
2018,July,7/17/2018,,SGL103,B,W,4,RED301,Y,WFM ,F,AD,,,,,,,,,,2,,,
2018,July,7/17/2018,,SGL103,B,W,25,RED325,N,WFM ,M,AD,,,20,1.5,2,,8.5,,,3,,,
2018,July,7/17/2018,,SGL103,B,E,12,RED341,Y,WFM ,F,AD,,,,,,,,,,0,,,
2018,July,7/17/2018,,SGL103,B,E,15,RED349,Y,WFM ,M,AD,,,,,,,,,,2,1,,
2018,July,7/17/2018,,SGL103,B,W,1,RED350,Y,WFM ,M,JUV,,,,,,,,,,1,,,
2018,July,7/17/2018,,SGL103,B,E,22,RED353,N,WFM ,M,AD,,,19,1.4,2.2,,7.2,,,3,,,
2018,July,7/17/2018,,SGL103,B,E,8,RED387,Y,WFM ,M,AD,,,,,,,,,,0,,,
2018,July,7/17/2018,,SGL103,B,E,13,RED388,Y,WFM ,F,AD,,,,,,,,,,1,,,
2018,July,7/17/2018,,SGL103,B,E,1,RED389,Y,WFM ,M,AD,,,,,,,,,,1,,,
2018,July,7/27/2018,,SGL103,A,W,17,BLUE309,Y,WFM ,,AD,,,,,,,,,,2,,,
2018,July,7/27/2018,,SGL103,A,W,5,BLUE311,Y,WFM ,F,AD,,,,,,,,,,1,,,
2018,July,7/27/2018,,SGL103,A,E,6,BLUE337,Y,WFM ,M,AD,,,,,,,,,,1,,,
2018,July,7/27/2018,,SGL103,A,E,21,BLUE339,Y,WFM ,F,AD,,,,,,,,,,1,,,
2018,July,7/27/2018,,SGL103,A,E,8,BLUE351,Y,WFM ,M,AD,,,,,,,,,,0,,,
2018,July,7/27/2018,,SGL103,A,W,10,BLUE367,Y,WFM ,M,AD,,,,,,,,,,1,,,
2018,July,7/27/2018,,SGL103,A,E,16,BLUE384,N,WFM ,M,AD,,,16.5,1.5,2,,9,,,2,,,
2018,July,7/27/2018,,SGL103,A,E,18,BLUE388,Y,WFM ,M,AD,,,,,,,,,,0,,,
2018,July,7/27/2018,,SGL103,A,E,3,BLUE390,Y,WFM ,M,AD,,,,,,,,,,0,,,
2018,July,7/27/2018,,SGL103,A,W,14,BLUE391,Y,WFM ,F,AD,,,,,,,,,,1,,,
2018,July,7/27/2018,,SGL103,A,E,24,BLUE394,Y,WFM ,M,AD,,,,,,,,,,1,,,
2018,July,7/27/2018,,SGL103,A,E,5,BLUE396,Y,WFM ,,AD,,,,,,,,,,1,,,
2018,July,7/27/2018,,SGL103,B,W,6,RED301,Y,WFM ,F,AD,,,,,,,,,,0,,,
2018,July,7/27/2018,,SGL103,B,E,5,RED321,N,WFM ,M,AD,,,16,1.3,1.9,,8.6,,,2,,,
2018,July,7/27/2018,,SGL103,B,E,23,RED330,Y,WFM ,M,AD,,,,,,,,,,0,,,
2018,July,7/27/2018,,SGL103,B,W,10,RED340,Y,WFM ,F,AD,,,,,,,,,,0,,,
2018,July,7/27/2018,,SGL103,B,E,14,RED347,Y,WFM ,F,AD,,,22,1.7,2.2,,8.3,,,0,,,
2018,July,7/27/2018,,SGL103,B,E,13,RED349,Y,WFM ,M,AD,,,,,,,,,,0,,,
2018,July,7/27/2018,,SGL103,B,E,7,RED388,Y,WFM ,F,AD,,,,,,,,,,0,,,
2018,July,7/27/2018,,SGL103,B,E,3,RED389,Y,WFM ,M,AD,,,,,,,,,,1,,,
2018,July,7/31/2018,,SGL103,A,W,11,BLUE303,Y,WFM ,F,AD,,,,,,,,,,2,,,
2018,July,7/31/2018,,SGL103,A,W,17,BLUE309,Y,WFM ,,AD,,,,,,,,,,1,,,
2018,July,7/31/2018,,SGL103,A,W,8,BLUE311,Y,WFM ,F,AD,,,,,,,,,,1,,,
2018,July,7/31/2018,,SGL103,A,E,20,BLUE336,N,WFM ,M,AD,,,23,1.1,2.2,,8.6,,,1,,,
2018,July,7/31/2018,,SGL103,A,W,1,BLUE337,Y,WFM ,M,AD,,,,,,,,,,5,,,
2018,July,7/31/2018,,SGL103,A,E,21,BLUE339,Y,WFM ,F,AD,,,,,,,,,,13,,,
2018,July,7/31/2018,,SGL103,A,W,24,BLUE367,Y,WFM ,M,AD,,,,,,,,,,2,,,
2018,July,7/31/2018,,SGL103,A,W,23,BLUE370,Y,WFM ,F,AD,,,,,,,,,,1,,,
2018,July,7/31/2018,,SGL103,A,W,12,BLUE391,Y,WFM ,F,AD,,,,,,,,,,4,,,
2018,July,7/31/2018,,SGL103,A,E,1,BLUE396,Y,WFM ,,AD,,,,,,,,,,1,,,
2018,July,7/31/2018,,SGL103,A,E,10,BLUE397,N,WFM ,M,AD,,,18,1.5,2,,8,,,1,,,
2018,July,7/31/2018,,SGL103,B,W,4,RED301,Y,WFM ,F,AD,,,,,,,,,,1,,,
2018,July,7/31/2018,,SGL103,B,W,24,RED326,N,WFM ,M,AD,,,21,1.2,1.8,,7.6,,,,,,
2018,July,7/31/2018,,SGL103,B,E,20,RED330,Y,WFM ,M,AD,,,,,,,,,,5,,,
2018,July,7/31/2018,,SGL103,B,W,24,RED337,N,WFM ,F,AD,,,,2.5,2.25,,10,,,3,,,
2018,July,7/31/2018,,SGL103,B,W,11,RED340,Y,WFM ,F,AD,,,,,,,,,,11,,,
2018,July,7/31/2018,,SGL103,B,E,12,RED341,Y,WFM ,F,AD,,,,,,,,,,2,,,
2018,July,7/31/2018,,SGL103,B,E,14,RED347,Y,WFM ,F,AD,,,,,,,,,,2,,,
2018,July,7/31/2018,,SGL103,B,E,7,RED349,Y,WFM ,M,AD,,,,,,,,,,0,,,
2018,July,7/31/2018,,SGL103,B,E,24,RED373,Y,WFM ,F,AD,,,,,,,,,,2,,,
2018,July,7/31/2018,,SGL103,B,E,15,RED388,Y,WFM ,F,AD,,,,,,,,,,0,,,
2018,July,7/31/2018,,SGL103,B,E,10,RED389,Y,WFM ,M,AD,,,,,,,,,,3,,,
2018,July,7/31/2018,,SGL103,B,E,8,,N,WFM ,,AD,,,,,,,,,,,,,
2018,July,7/10/2018,,SGL92,C,W,13,BLACK305,Y,WFM ,F,AD,,,,,,,,,,3,,,
2018,July,7/10/2018,,SGL92,C,E,17,BLACK312,Y,WFM ,,AD,,,,,,,,,,1,,,
2018,July,7/10/2018,,SGL92,C,W,9,BLACK337,Y,WFM ,M,AD,,,,,,,,,,3,,,
2018,July,7/10/2018,,SGL92,C,E,11,BLACK342,Y,WFM ,M,AD,,,,,,,,,,0,,,
2018,July,7/10/2018,,SGL92,C,W,2,BLACK350,N,WFM ,M,AD,,,19,1.5,1.9,,9.8,,,2,,,
2018,July,7/10/2018,,SGL92,C,W,25,BLACK356,N,WFM ,M,AD,,,17.5,1.4,2.1,,8,,,3,,,
2018,July,7/10/2018,,SGL92,C,W,20,BLACK358,Y,WFM ,M,AD,,,,,,,,,,2,,,
2018,July,7/10/2018,,SGL92,C,E,6,BLACK367,Y,WFM ,M,AD,,,,,,,,,,0,,,
2018,July,7/10/2018,,SGL92,C,W,4,BLACK368,Y,WFM ,,AD,,,,,,,,,,5,,,
2018,July,7/10/2018,,SGL92,C,W,1,BLACK372,N,WFM ,F,AD,,,19,1.4,2,,7.5,,,0,,,
2018,July,7/10/2018,,SGL92,C,E,20,BLACK377,Y,WFM ,M,AD,,,,,,,,,,2,,,
2018,July,7/10/2018,,SGL92,C,E,13,BLACK381,Y,WFM ,M,AD,,,,,,,,,,0,,,
2018,July,7/10/2018,,SGL92,C,W,23,BLACK393,Y,WFM ,F,AD,,,,,,,,,,4,1,,
2018,July,7/10/2018,,SGL92,C,W,12,BLACK399,N,WFM ,,AD,,,,,,,,,,,,,
2018,July,7/17/2018,,SGL92,C,W,12,BLACK303,N,WFM ,M,AD,,,30,1.3,2.2,,8.6,,,0,,,
2018,July,7/17/2018,,SGL92,C,E,1,BLACK313,Y,WFM ,F,AD,,,,,,,,,,0,,,
2018,July,7/17/2018,,SGL92,C,W,10,BLACK317,N,WFM ,M,AD,,,25,1.5,2,,9.2,,,1,,,
2018,July,7/17/2018,,SGL92,C,W,16,BLACK337,Y,WFM ,M,AD,,,,,,,,,,1,,,
2018,July,7/17/2018,,SGL92,C,E,4,BLACK339,Y,WFM ,M,AD,,,,,,,,,,2,,,
2018,July,7/17/2018,,SGL92,C,E,9,BLACK342,Y,WFM ,M,AD,,,,,,,,,,0,,,
2018,July,7/17/2018,,SGL92,C,W,25,BLACK356,Y,WFM ,M,AD,,,,,,,,,,3,,,
2018,July,7/17/2018,,SGL92,C,W,19,BLACK358,Y,WFM ,M,AD,,,,,,,,,,4,,,
2018,July,7/17/2018,,SGL92,C,E,25,BLACK362,Y,WFM ,F,AD,,,,,,,,,,0,,,
2018,July,7/17/2018,,SGL92,C,E,12,BLACK366,Y,WFM ,F,AD,,,,,,,,,,1,,,
2018,July,7/17/2018,,SGL92,C,E,6,BLACK367,Y,WFM ,M,AD,,,,,,,,,,1,,,
2018,July,7/17/2018,,SGL92,C,W,22,BLACK374,Y,WFM ,M,AD,,,,,,,,,,0,,,
2018,July,7/17/2018,,SGL92,C,E,22,BLACK377,Y,WFM ,M,AD,,,,,,,,,,0,,,
2018,July,7/17/2018,,SGL92,C,E,16,BLACK380,Y,WFM ,F,AD,,,,,,,,,,1,,,
2018,July,7/17/2018,,SGL92,C,E,13,BLACK381,Y,WFM ,M,AD,,,,,,,,,,2,,,
2018,July,7/17/2018,,SGL92,C,E,23,BLACK386,N,WFM ,M,AD,,,,1.5,2,,7.5,,,2,,,
2018,July,7/17/2018,,SGL92,C,W,18,BLACK387,N,WFM ,M,AD,,,13,1.5,2,,7,,,0,,,
2018,July,7/17/2018,,SGL92,C,E,8,BLACK388,Y,WFM ,F,AD,,,,,,,,,,,,,
2018,July,7/27/2018,,SGL92,C,W,12,BLACK305,Y,WFM ,F,AD,,,,,,,,,,0,\,,
2018,July,7/27/2018,,SGL92,C,W,9,BLACK317,Y,WFM ,M,AD,,,,,,,,,,8,,,
2018,July,7/27/2018,,SGL92,C,W,7,BLACK337,Y,WFM ,M,AD,,,,,,,,,,2,,,
2018,July,7/27/2018,,SGL92,C,E,1,BLACK339,Y,WFM ,M,AD,,,,,,,,,,0,,,
2018,July,7/27/2018,,SGL92,C,E,8,BLACK342,Y,WFM ,M,AD,,,,,,,,,,0,,,
2018,July,7/27/2018,,SGL92,C,E,4,BLACK343,N,WFM ,M,AD,,,15,1.7,1.8,,7.8,,,0,,,
2018,July,7/27/2018,,SGL92,C,W,1,BLACK350,Y,WFM ,M,AD,,,,,,,,,,2,,,
2018,July,7/27/2018,,SGL92,C,W,25,BLACK351,Y,WFM ,F,JUV,,,,,,,,,,0,,,
2018,July,7/27/2018,,SGL92,C,E,6,BLACK364,Y,WFM ,F,AD,,,,,,,,,,0,,,
2018,July,7/27/2018,,SGL92,C,E,7,BLACK367,Y,WFM ,M,AD,,,,,,,,,,0,,,
2018,July,7/27/2018,,SGL92,C,E,20,BLACK377,Y,WFM ,M,AD,,,,,,,,,,2,,,
2018,July,7/27/2018,,SGL92,C,E,18,BLACK380,Y,WFM ,F,AD,,,,,,,,,,0,,,
2018,July,7/27/2018,,SGL92,C,E,12,BLACK381,Y,WFM ,M,AD,,,,,,,,,,2,,,
2018,July,7/27/2018,,SGL92,C,W,19,BLACK387,Y,WFM ,M,AD,,,,,,,,,,2,,,
2018,July,7/27/2018,,SGL92,C,E,25,BLACK392,Y,WFM ,,AD,,,,,,,,,,0,,,
2018,July,7/31/2018,,SGL92,C,W,3,BLACK308,N,WFM ,F,AD,,,21,1,2,,7.5,,,3,,,
2018,July,7/31/2018,,SGL92,C,E,2,BLACK313,Y,WFM ,F,AD,,,,,,,,,,0,1,,
2018,July,7/31/2018,,SGL92,C,W,9,BLACK337,Y,WFM ,M,AD,,,,,,,,,,18,,,
2018,July,7/31/2018,,SGL92,C,E,3,BLACK339,Y,WFM ,M,AD,,,,,,,,,,0,,,
2018,July,7/31/2018,,SGL92,C,W,7,BLACK341,N,WFM ,M,AD,,,19,1.2,2.1,,8,,,4,,,
2018,July,7/31/2018,,SGL92,C,E,5,BLACK343,Y,WFM ,M,AD,,,,,,,,,,2,,,
2018,July,7/31/2018,,SGL92,C,E,12,BLACK366,Y,WFM ,F,AD,,,,,,,,,,6,,,
2018,July,7/31/2018,,SGL92,C,E,4,BLACK367,Y,WFM ,M,AD,,,,,,,,,,0,,,
2018,July,7/31/2018,,SGL92,C,W,15,BLACK369,N,WFM ,M,AD,,,17,1.5,2,,8.5,,,3,,,
2018,July,7/31/2018,,SGL92,C,W,16,BLACK387,Y,WFM ,M,AD,,,,,,,,,,7,,,
2018,July,7/31/2018,,SGL92,C,E,25,BLACK394,Y,WFM ,M,AD,,,,,,,,,,0,,,
2018,July,7/31/2018,,SGL92,C,E,22,BLACK398,N,WFM ,F,AD,,,22,1.4,2,,8,,,1,,,
2018,June,6/6/2018,,SGL103,A,W,10,BLUE303,Y,WFM ,F,AD,,,,,,,,,,8,,,
2018,June,6/6/2018,,SGL103,A,W,11,BLUE316,N,WFM ,M,AD,,,25,1.5,2,,9,,,4,,,
2018,June,6/6/2018,,SGL103,A,E,22,BLUE327,Y,WFM ,M,AD,,,,,,,,,,7,,,
2018,June,6/6/2018,,SGL103,A,E,19,BLUE342,N,WFM ,F,AD,,,24,1.5,2.3,,9.8,,,9,,,
2018,June,6/6/2018,,SGL103,A,E,24,BLUE346,Y,WFM ,F,AD,,,24,,,,,,,15,,,
2018,June,6/6/2018,,SGL103,A,W,17,BLUE362,N,WFM ,M,AD,,,21,1.5,1.7,,7,,,0,,,
2018,June,6/6/2018,,SGL103,A,W,15,BLUE368,Y,WFM ,M,AD,,,,,,,,,,15,,,
2018,June,6/6/2018,,SGL103,A,W,23,BLUE373,Y,WFM ,F,AD,,,,,,,,,,4,,,
2018,June,6/6/2018,,SGL103,A,E,5,BLUE374,N,WFM ,M,AD,,,36,,,,,,,5,,,
2018,June,6/6/2018,,SGL103,A,E,12,BLUE375,Y,WFM ,F,AD,,,,,,,,,,4,,,
2018,June,6/6/2018,,SGL103,A,E,18,BLUE382,Y,WFM ,M,AD,,,,,,,,,,5,,,
2018,June,6/6/2018,,SGL103,A,E,25,BLUE386,Y,WFM ,F,AD,,,,,,,,,,2,,,
2018,June,6/6/2018,,SGL103,A,W,12,BLUE391,Y,WFM ,F,AD,,,23,1.3,2,,8,,,2,,,
2018,June,6/6/2018,,SGL103,A,E,14,BLUE395,N,WFM ,F,AD,,,21,1.5,2,,9,,,3,,,
2018,June,6/6/2018,,SGL103,B,E,3,RED314,N,WFM ,M,AD,,,21,2,2,,9,,,5,,,
2018,June,6/6/2018,,SGL103,B,E,25,RED330,Y,WFM ,M,AD,,,,,,,,,,1,,,
2018,June,6/6/2018,,SGL103,B,E,5,RED344,Y,WFM ,M,AD,,,43,,,,,,,0,,,
2018,June,6/6/2018,,SGL103,B,W,7,RED361,Y,WFM ,F,AD,,,,,,,,,,14,,,
2018,June,6/6/2018,,SGL103,B,E,11,RED388,Y,WFM ,F,AD,,,,,,,,,,,,,
2018,June,6/6/2018,,SGL103,B,E,13,RED392,Y,WFM ,M,AD,,,26,,,,,,,1,,,
2018,June,6/6/2018,,SGL103,B,E,7,,N,WFM ,M,AD,,,,1.5,2,,7,,,15,,,
2018,June,6/12/2018,,SGL103,A,E,3,BLUE296,N,WFM ,M,AD,,,25,1.5,2.2,,,,,3,,,
2018,June,6/12/2018,,SGL103,A,W,10,BLUE303,Y,WFM ,F,AD,,,,,,,,,,6,,,
2018,June,6/12/2018,,SGL103,A,W,12,BLUE316,Y,WFM ,M,AD,,,,,,,,,,10,,,
2018,June,6/12/2018,,SGL103,A,W,4,BLUE320,Y,WFM ,F,AD,,,,,,,,,,8,,,
2018,June,6/12/2018,,SGL103,A,E,11,BLUE333,N,WFM ,F,AD,,,27,2,2,,8,,,3,,,
2018,June,6/12/2018,,SGL103,A,W,8,BLUE337,Y,WFM ,M,AD,,,,,,,,,,4,,,
2018,June,6/12/2018,,SGL103,A,E,19,BLUE342,Y,WFM ,F,AD,,,,,,,,,,0,,,
2018,June,6/12/2018,,SGL103,A,E,24,BLUE346,Y,WFM ,F,AD,,,,,,,,,,15,,,
2018,June,6/12/2018,,SGL103,A,E,9,BLUE351,N,WFM ,M,AD,,,20,1.8,2,,9.7,,,1,,,
2018,June,6/12/2018,,SGL103,A,E,4,BLUE354,N,WFM ,M,AD,,,37,1.4,1.8,,7.8,,,2,,,
2018,June,6/12/2018,,SGL103,A,E,4,BLUE354,N,WFM ,M,AD,,,37,1.4,1.8,,7.8,,,2,,,
2018,June,6/12/2018,,SGL103,A,W,13,BLUE355,N,WFM ,M,AD,,,20,1.3,2,,8,,,7,,,
2018,June,6/12/2018,,SGL103,A,W,9,BLUE367,N,WFM ,M,AD,,,22,1.5,2,,7.5,,,3,,,
2018,June,6/12/2018,,SGL103,A,W,16,BLUE368,Y,WFM ,M,AD,,,,,,,,,,6,,,
2018,June,6/12/2018,,SGL103,A,W,22,BLUE373,Y,WFM ,F,AD,,,,,,,,,,16,,,
2018,June,6/12/2018,,SGL103,A,E,8,BLUE374,Y,WFM ,M,AD,,,,,,,,,,5,,,
2018,June,6/12/2018,,SGL103,A,E,16,BLUE375,Y,WFM ,F,AD,,,,,,,,,,5,,,
2018,June,6/12/2018,,SGL103,A,W,7,BLUE376,Y,WFM ,F,AD,,,,,,,,,,3,,,
2018,June,6/12/2018,,SGL103,A,W,6,BLUE377,N,WFM ,M,AD,,,21,1.3,1.9,,9,,,0,,,
2018,June,6/12/2018,,SGL103,A,E,14,BLUE378,N,WFM ,F,AD,,,30,1.5,2,,7,,,9,,,
2018,June,6/12/2018,,SGL103,A,E,18,BLUE382,Y,WFM ,M,AD,,,,,,,,,,2,,,
2018,June,6/12/2018,,SGL103,A,E,25,BLUE386,Y,WFM ,F,AD,,,,,,,,,,6,,,
2018,June,6/12/2018,,SGL103,A,W,14,BLUE391,Y,WFM ,F,AD,,,,,,,,,,8,,,
2018,June,6/12/2018,,SGL103,A,E,12,BLUE395,Y,WFM ,F,AD,,,,,,,,,,3,,,
2018,June,6/12/2018,,SGL103,A,E,5,BLUE400,Y,WFM ,F,AD,,,,,,,,,,2,,,
2018,June,6/12/2018,,SGL103,B,W,6,RED312,N,WFM ,F,AD,,,24,1.4,1.7,,9.2,,,3,,,
2018,June,6/12/2018,,SGL103,B,E,23,RED329,Y,WFM ,F,AD,,,,,,,,,,5,,,
2018,June,6/12/2018,,SGL103,B,W,1,RED338,N,WFM ,M,AD,,,21,1.3,1.7,,8.2,,,1,,,
2018,June,6/12/2018,,SGL103,B,E,15,RED341,Y,WFM ,F,AD,,,,,,,,,,4,,,
2018,June,6/12/2018,,SGL103,A,E,2,RED344,Y,WFM ,M,AD,,,,,,,,,,1,,,
2018,June,6/12/2018,,SGL103,B,W,5,RED361,Y,WFM ,F,AD,,,,,,,,,,,,,
2018,June,6/12/2018,,SGL103,B,E,8,RED387,N,WFM ,M,AD,,,21,1.6,2.3,,8.6,,,2,,,
2018,June,6/12/2018,,SGL103,B,E,12,RED388,Y,WFM ,F,AD,,,,,,,,,,3,,,
2018,June,6/12/2018,,SGL103,B,E,9,RED395,Y,WFM ,F,AD,,,,,,,,,,3,,,
2018,June,6/19/2018,,SGL103,A,W,11,BLUE303,Y,WFM ,F,AD,,,,,,,,,,2,,,
2018,June,6/19/2018,,SGL103,A,W,4,BLUE320,Y,WFM ,F,AD,,,,,,,,,,2,,,
2018,June,6/19/2018,,SGL103,A,E,13,BLUE333,Y,WFM ,F,AD,,,,,,,,,,2,,,
2018,June,6/19/2018,,SGL103,A,W,10,BLUE337,Y,WFM ,M,AD,,,,,,,,,,4,,,
2018,June,6/19/2018,,SGL103,A,E,24,BLUE346,Y,WFM ,F,AD,,,24,,,,,,,0,,,
2018,June,6/19/2018,,SGL103,A,W,14,BLUE355,Y,WFM ,M,AD,,,15,1.5,2,,8,,,8,,,
2018,June,6/19/2018,,SGL103,A,W,12,BLUE367,Y,WFM ,M,AD,,,21,,,,,,,1,,,
2018,June,6/19/2018,,SGL103,A,E,8,BLUE374,Y,WFM ,M,AD,,,,,,,,,,8,,,
2018,June,6/19/2018,,SGL103,A,E,11,BLUE375,Y,WFM ,F,AD,,,,,,,,,,4,,,
2018,June,6/19/2018,,SGL103,A,W,6,BLUE376,Y,WFM ,F,AD,,,,,,,,,,3,,,
2018,June,6/19/2018,,SGL103,A,E,25,BLUE380,N,WFM ,M,AD,,,22,1.5,1.8,,7,,,1,,,
2018,June,6/19/2018,,SGL103,A,E,19,BLUE382,Y,WFM ,M,AD,,,,,,,,,,6,,,
2018,June,6/19/2018,,SGL103,A,W,3,BLUE387,N,WFM ,,JUV,,,20,,,,,,,7,,,
2018,June,6/19/2018,,SGL103,A,W,16,BLUE391,Y,WFM ,F,AD,,,,,,,,,,0,,,
2018,June,6/19/2018,,SGL103,A,E,6,BLUE392,N,WFM ,M,AD,,,21,1.5,2,,8,,,12,,,
2018,June,6/19/2018,,SGL103,A,W,2,BLUE395,Y,WFM ,F,AD,,,,,,,,,,2,,,
2018,June,6/19/2018,,SGL103,B,W,6,RED312,Y,WFM ,F,AD,,,,,,,,,,2,,,
2018,June,6/19/2018,,SGL103,B,W,1,RED338,Y,WFM ,M,AD,,,,,,,,,,9,,,
2018,June,6/19/2018,,SGL103,B,W,2,RED340,N,WFM ,F,AD,,,10,1.6,2,,7.5,,,1,,,
2018,June,6/19/2018,,SGL103,B,E,10,RED341,Y,WFM ,F,AD,,,,,,,,,,3,,,
2018,June,6/19/2018,,SGL103,B,W,17,RED361,Y,WFM ,F,AD,,,,,,,,,,3,,,
2018,June,6/19/2018,,SGL103,A,W,25,RED372,N,WFM ,M,JUV,,,,1.25,2,,6,,,2,,,
2018,June,6/19/2018,,SGL103,B,W,8,RED385,N,WFM ,M,JUV,,,,1.5,1.6,,5,,,5,,,
2018,June,6/19/2018,,SGL103,B,E,7,RED388,Y,WFM ,F,AD,,,,,,,,,,2,,,
2018,June,6/19/2018,,SGL103,B,E,11,RED392,Y,WFM ,M,AD,,,,,,,,,,3,,,
2018,June,6/19/2018,,SGL103,B,E,1,RED395,N,WFM ,F,AD,,,19,1.2,2,,8,,,5,,,
2018,June,6/19/2018,,SGL103,B,E,8,RED397,Y,WFM ,M,AD,,,,,,,,,,3,,,
2018,June,6/27/2018,,SGL103,A,W,10,BLUE303,Y,WFM ,F,AD,,,,,,,,,,4,,,
2018,June,6/27/2018,,SGL103,A,W,9,BLUE311,Y,WFM ,F,AD,,,,,,,,,,3,,,
2018,June,6/27/2018,,SGL103,A,W,13,BLUE318,N,WFM ,,AD,,,12,1.5,2,,,,,10,1,,
2018,June,6/27/2018,,SGL103,A,W,4,BLUE320,Y,WFM ,F,AD,,,,,,,,,,8,,,
2018,June,6/27/2018,,SGL103,A,E,6,BLUE321,N,WFM ,F,JUV,,,28,1.5,1.7,,6.4,,,6,,,
2018,June,6/27/2018,,SGL103,A,W,23,BLUE324,N,WFM ,M,AD,,,16,1.4,2,,7,,,26,,,
2018,June,6/27/2018,,SGL103,A,E,11,BLUE333,Y,WFM ,F,AD,,,,,,,,,,5,,,
2018,June,6/27/2018,,SGL103,A,E,23,BLUE339,N,WFM ,F,AD,,,22,1.5,2,,9,,,8,,,
2018,June,6/27/2018,,SGL103,A,W,24,BLUE339,Y,WFM ,F,AD,,,,,,,,,,6,,,
2018,June,6/27/2018,,SGL103,A,E,15,BLUE340,N,WFM ,F,AD,,,31,,2,,,,,1,,,
2018,June,6/27/2018,,SGL103,A,E,9,BLUE343,N,WFM ,M,AD,,,28,1.4,2.2,,8.5,,,3,,1,
2018,June,6/27/2018,,SGL103,A,E,22,BLUE345,N,WFM ,F,JUV,,,13,1.3,1.9,,6.7,,,3,,,
2018,June,6/27/2018,,SGL103,A,W,25,BLUE355,Y,WFM ,M,AD,,,,,,,,,,0,,,
2018,June,6/27/2018,,SGL103,A,E,10,BLUE357,Y,WFM ,F,AD,,,,,,,,,,1,,,
2018,June,6/27/2018,,SGL103,A,W,8,BLUE367,Y,WFM ,M,AD,,,,,,,,,,11,,,
2018,June,6/27/2018,,SGL103,A,W,19,BLUE368,Y,WFM ,M,AD,,,,,,,,,,0,,,
2018,June,6/27/2018,,SGL103,A,E,13,BLUE375,Y,WFM ,F,AD,,,,,,,,,,1,,,
2018,June,6/27/2018,,SGL103,A,W,5,BLUE376,Y,WFM ,F,AD,,,,,,,,,,16,,,
2018,June,6/27/2018,,SGL103,A,E,16,BLUE378,Y,WFM ,F,AD,,,,,,,,,,4,,,
2018,June,6/27/2018,,SGL103,A,E,19,BLUE382,Y,WFM ,M,AD,,,,,,,,,,3,,,
2018,June,6/27/2018,,SGL103,A,W,1,BLUE395,Y,WFM ,F,AD,,,,,,,,,,4,,,
2018,June,6/27/2018,,SGL103,A,E,5,BLUE396,Y,WFM ,,AD,,,,,,,,,,3,,,
2018,June,6/27/2018,,SGL103,B,W,6,RED312,Y,WFM ,F,AD,,,,,,,,,,2,,,
2018,June,6/27/2018,,SGL103,B,E,3,RED314,Y,WFM ,M,AD,,,,,,,,,,4,,,
2018,June,6/27/2018,,SGL103,B,E,20,RED317,N,WFM ,F,AD,,,,1.5,2,,7,,,2,,,
2018,June,6/27/2018,,SGL103,B,E,23,RED329,Y,WFM ,F,AD,,,,,,,,,,4,,,
2018,June,6/27/2018,,SGL103,B,E,25,RED330,Y,WFM ,M,AD,,,,,,,,,,6,,,
2018,June,6/27/2018,,SGL103,B,E,14,RED341,Y,WFM ,F,AD,,,,,,,,,,3,,,
2018,June,6/27/2018,,SGL103,B,E,16,RED355,N,WFM ,M,AD,,,31,1.75,2,,8.5,,,0,,,
2018,June,6/27/2018,,SGL103,B,W,12,RED361,Y,WFM ,F,AD,,,,,,,,,,2,,,
2018,June,6/27/2018,,SGL103,A,W,15,RED372,Y,WFM ,M,AD,,,,,,,,,,4,,,
2018,June,6/27/2018,,SGL103,B,E,25,RED373,N,WFM ,F,AD,,,25,1.5,2,,10,,,1,,,
2018,June,6/27/2018,,SGL103,B,E,22,RED375,N,WFM ,M,AD,,,17,1.6,2,,7.4,,,7,,,
2018,June,6/27/2018,,SGL103,B,W,5,RED385,Y,WFM ,M,AD,,,,,,,,,,0,,,
2018,June,6/27/2018,,SGL103,B,E,8,RED388,Y,WFM ,F,AD,,,,,,,,,,3,,,
2018,June,6/27/2018,,SGL103,B,E,15,RED388,Y,WFM ,F,AD,,,,,,,,,,3,,,
2018,June,6/27/2018,,SGL103,B,E,18,RED390,N,WFM ,F,AD,,,14,1.25,2,,7.5,,,9,,,
2018,June,6/27/2018,,SGL103,A,W,18,RED391,N,WFM ,M,AD,,,15,1.5,2.25,,7.5,,,1,,,
2018,June,6/27/2018,,SGL103,B,E,9,RED392,Y,WFM ,M,AD,,,,,,,,,,10,,,
2018,June,6/6/2018,,SGL92,C,E,8,BLACK307,N,WFM ,F,AD,,,17,1.5,2,,8.1,,,5,,,
2018,June,6/6/2018,,SGL92,C,E,24,BLACK331,N,WFM ,F,AD,,,24,,,,,,,1,,,
2018,June,6/6/2018,,SGL92,C,W,25,BLACK349,Y,WFM ,M,AD,,,21,,,,,,,10,,,
2018,June,6/6/2018,,SGL92,C,E,6,BLACK364,Y,WFM ,F,AD,,,,,,,,,,1,1,,
2018,June,6/6/2018,,SGL92,C,E,12,BLACK366,N,WFM ,F,JUV,,,,,,,,,,9,,,
2018,June,6/6/2018,,SGL92,C,E,17,BLACK377,N,WFM ,M,AD,,,17,1.4,2,,7,,,3,,,
2018,June,6/6/2018,,SGL92,C,E,14,BLACK380,Y,WFM ,F,AD,,,21,,,,,,,20,,,
2018,June,6/6/2018,,SGL92,C,E,11,BLACK381,N,WFM ,M,AD,,,17,1.8,2,,7.5,,,3,,,
2018,June,6/6/2018,,SGL92,C,W,22,BLACK382,N,WFM ,M,AD,,,23,2.3,2.2,,8.1,,,22,,,
2018,June,6/6/2018,,SGL92,C,W,20,BLACK393,Y,WFM ,F,AD,,,16,,,,,,,19,,,
2018,June,6/12/2018,,SGL92,C,E,2,BLACK301,N,WFM ,F,AD,,,15,1.3,1.4,,7.5,,,1,,,
2018,June,6/12/2018,,SGL92,C,E,16,BLACK312,N,WFM ,,AD,,,18,1.4,2,,8.5,,,7,,,
2018,June,6/12/2018,,SGL92,C,E,14,BLACK326,N,WFM ,M,AD,,,17,1.5,2,,8,,,10,,,
2018,June,6/12/2018,,SGL92,C,W,4,BLACK337,N,WFM ,M,AD,,,28,1.6,2,,8.3,,,5,,,
2018,June,6/12/2018,,SGL92,C,E,3,BLACK339,N,WFM ,M,AD,,,12,1.6,2,,8.3,,,2,,,
2018,June,6/12/2018,,SGL92,C,E,8,BLACK342,N,WFM ,M,AD,,,17,1.4,1.6,,8,,,1,,,
2018,June,6/12/2018,,SGL92,C,E,23,BLACK346,N,WFM ,M,AD,,,,,,,,,,1,,,
2018,June,6/12/2018,,SGL92,C,W,23,BLACK349,Y,WFM ,M,AD,,,,,,,,,,6,,,
2018,June,6/12/2018,,SGL92,C,W,16,BLACK356,N,WFM ,M,AD,,,18,1.5,2.5,,10,,,6,,,
2018,June,6/12/2018,,SGL92,C,E,7,BLACK357,N,WFM ,M,AD,,,17,1.6,1.9,,8.5,,,0,,,
2018,June,6/12/2018,,SGL92,C,W,8,BLACK360,N,WFM ,F,AD,,,23,1,2,,,,,3,,,
2018,June,6/12/2018,,SGL92,C,E,9,BLACK361,N,WFM ,F,AD,,,19,1.5,2,,7.5,,,2,,,
2018,June,6/12/2018,,SGL92,C,E,25,BLACK362,N,WFM ,M,AD,,,25,1.5,2,,8,,,10,,,
2018,June,6/12/2018,,SGL92,C,E,6,BLACK364,Y,WFM ,F,AD,,,,,,,,,,1,,,
2018,June,6/12/2018,,SGL92,C,E,12,BLACK366,Y,WFM ,F,AD,,,,,,,,,,2,,,
2018,June,6/12/2018,,SGL92,C,E,23,BLACK377,Y,WFM ,M,AD,,,,,,,,,,10,,,
2018,June,6/12/2018,,SGL92,C,W,21,BLACK382,Y,WFM ,M,AD,,,,,,,,,,8,,,
2018,June,6/12/2018,,SGL92,C,E,10,BLACK388,Y,WFM ,F,AD,,,,,,,,,,0,,,
2018,June,6/12/2018,,SGL92,C,E,24,BLACK394,N,WFM ,M,AD,,,24,1.1,2.4,,9,,,3,,,
2018,June,6/19/2018,,SGL92,C,E,1,BLACK313,N,WFM ,F,AD,,,16,1.5,2,,7.5,,,5,,,
2018,June,6/19/2018,,SGL92,C,E,16,BLACK326,Y,WFM ,M,AD,,,,,,,,,,1,,,
2018,June,6/19/2018,,SGL92,C,W,5,BLACK337,Y,WFM ,M,AD,,,,,,,,,,3,,,
2018,June,6/19/2018,,SGL92,C,E,6,BLACK339,Y,WFM ,M,AD,,,,,,,,,,2,,,
2018,June,6/19/2018,,SGL92,C,E,8,BLACK342,Y,WFM ,M,AD,,,,,,,,,,2,,,
2018,June,6/19/2018,,SGL92,C,W,25,BLACK351,N,WFM ,F,AD,,,15,1.5,2,,7,,,4,,,
2018,June,6/19/2018,,SGL92,C,W,20,BLACK358,N,WFM ,M,AD,,,24,1.75,2,,7.5,,,3,,,
2018,June,6/19/2018,,SGL92,C,W,10,BLACK360,Y,WFM ,F,AD,,,,,,,,1,1,2,,,
2018,June,6/19/2018,,SGL92,C,E,9,BLACK361,Y,WFM ,F,AD,,,,,,,,,,0,,,
2018,June,6/19/2018,,SGL92,C,E,24,BLACK362,Y,WFM ,M,AD,,,,,,,,,,3,,,
2018,June,6/19/2018,,SGL92,C,E,6,BLACK364,Y,WFM ,F,AD,,,,,,,,,,4,,,
2018,June,6/19/2018,,SGL92,C,E,7,BLACK367,Y,WFM ,M,AD,,,,,,,,,,2,,,
2018,June,6/19/2018,,SGL92,C,W,19,BLACK374,N,WFM ,M,AD,,,22,1.5,2,,9,,,1,,,
2018,June,6/19/2018,,SGL92,C,E,19,BLACK377,Y,WFM ,M,AD,,,,,,,,,,2,,,
2018,June,6/19/2018,,SGL92,C,W,22,BLACK382,Y,WFM ,M,AD,,,,,,,,,,14,,,
2018,June,6/19/2018,,SGL92,C,W,21,BLACK393,Y,WFM ,F,AD,,,,,,,,,,1,,,
2018,June,6/27/2018,,SGL92,C,W,12,BLACK305,N,WFM ,F,AD,,,25,1.5,1.8,,9,,,2,,,
2018,June,6/27/2018,,SGL92,C,E,16,BLACK312,Y,WFM ,,AD,,,,,,,,,,4,,,
2018,June,6/27/2018,,SGL92,C,W,13,BLACK316,N,WFM ,M,AD,,,35,1.5,1.9,,7.2,,,1,,,
2018,June,6/27/2018,,SGL92,C,W,7,BLACK335,N,WFM ,F,AD,,,15,1,2,,6.5,,,5,,,
2018,June,6/27/2018,,SGL92,C,E,3,BLACK339,Y,WFM ,M,AD,,,,,,,,,,0,,,
2018,June,6/27/2018,,SGL92,C,E,9,BLACK342,Y,WFM ,M,AD,,,,,,,,,,4,,,
2018,June,6/27/2018,,SGL92,C,E,24,BLACK349,Y,WFM ,M,AD,,,,,,,,,,0,,,
2018,June,6/27/2018,,SGL92,C,W,24,BLACK349,Y,WFM ,M,AD,,,,,,,,,,9,1,,
2018,June,6/27/2018,,SGL92,C,E,25,BLACK362,Y,WFM ,F,AD,,,,,,,,,,0,,,
2018,June,6/27/2018,,SGL92,C,E,10,BLACK367,Y,WFM ,M,AD,,,,,,,,,,0,,,
2018,June,6/27/2018,,SGL92,C,W,5,BLACK368,Y,WFM ,,AD,,,,,,,,,,6,,,
2018,June,6/27/2018,,SGL92,C,W,20,BLACK374,Y,WFM ,M,AD,,,,,,,,,,4,,,
2018,June,6/27/2018,,SGL92,C,E,20,BLACK377,Y,WFM ,M,AD,,,,,,,,,,6,,,
2018,June,6/27/2018,,SGL92,C,E,19,BLACK380,Y,WFM ,F,AD,,,,,,,,,,3,,,
2018,June,6/27/2018,,SGL92,C,E,11,BLACK381,Y,WFM ,M,AD,,,,,,,,,,1,,,
2018,June,6/27/2018,,SGL92,C,E,2,,N,WFM ,,AD,,,,,,,,,,,,,
2018,May,5/8/2018,,SGL103,A,W,8,BLUE311,N,WFM ,F,AD,,,18,1.5,2,,8.9,,,0,,,
2018,May,5/8/2018,,SGL103,A,E,19,BLUE325,N,WFM ,F,AD,,,27.5,1.1,2,,9.1,,,0,,,
2018,May,5/8/2018,,SGL103,A,E,25,BLUE346,N,WFM ,F,AD,,,25.9,1.6,2.3,,9.5,,,1,,,
2018,May,5/8/2018,,SGL103,A,E,24,BLUE350,N,WFM ,F,AD,,,23,1.5,2.3,,8.8,,,0,,,
2018,May,5/8/2018,,SGL103,B,W,7,RED361,N,WFM ,F,AD,,,22.5,1.4,1.9,,9,,,0,,,
2018,May,5/8/2018,,SGL103,B,E,2,RED397,N,WFM ,M,AD,,,24.6,1.8,2.2,,8.5,,,0,,,
2018,May,5/9/2018,,SGL103,B,E,3,RED388,N,WFM ,F,AD,,,24,1,1.8,,9.1,,,0,,,
2018,May,5/17/2018,,SGL103,A,E,25,BLUE307,N,WFM ,F,AD,,,21,1.2,2.3,,7.6,,,7,,,
2018,May,5/17/2018,,SGL103,A,W,6,BLUE311,Y,WFM ,F,AD,,,31,1.4,1.7,,8.8,,,2,,,
2018,May,5/17/2018,,SGL103,A,W,15,BLUE314,N,WFM ,F,AD,,,33,1.5,2.5,,10,,,,,,
2018,May,5/17/2018,,SGL103,A,E,18,BLUE330,N,WFM ,F,AD,,,29,1.4,2,,7.9,,,0,,,
2018,May,5/17/2018,,SGL103,A,W,9,BLUE337,N,WFM ,M,AD,,,26,1.5,1.9,,9.2,,,1,,,
2018,May,5/17/2018,,SGL103,B,W,8,RED361,Y,WFM ,F,AD,,,28,1.1,1.8,,8.8,,,2,,,
2018,May,5/17/2018,,SGL103,B,E,19,RED380,N,WFM ,F,AD,,,37,1.5,2,,9,,,0,,,
2018,May,5/17/2018,,SGL103,B,E,15,RED388,Y,WFM ,F,AD,,,28,1.9,1.9,,9.5,,,0,,,
2018,May,5/17/2018,,SGL103,B,E,11,RED392,N,WFM ,M,AD,,,27,1.2,2,,10,,,1,,,
2018,May,5/25/2018,,SGL103,A,W,9,BLUE303,N,WFM ,F,AD,,,28,1.4,2,,9,,,1,,,
2018,May,5/25/2018,,SGL103,A,W,6,BLUE311,N,WFM ,F,AD,,,41,,,,,,,,,,
2018,May,5/25/2018,,SGL103,A,W,13,BLUE314,Y,WFM ,F,AD,,,27,1.5,1.5,,9.4,,,3,,,
2018,May,5/25/2018,,SGL103,A,W,13,BLUE314,Y,WFM ,F,AD,,,17,,,,,,,,,,
2018,May,5/25/2018,,SGL103,A,W,1,BLUE320,N,WFM ,F,AD,,,26,1.5,2,,7,,,3,,,
2018,May,5/25/2018,,SGL103,A,W,16,BLUE341,N,WFM ,M,AD,,,20,1.4,1.9,,7.3,,,2,,,
2018,May,5/25/2018,,SGL103,A,E,25,BLUE346,Y,WFM ,F,AD,,,27.5,,,,,,,,,,
2018,May,5/25/2018,,SGL103,A,W,7,BLUE362,N,WFM ,M,AD,,,23,1.2,2,,9.5,,,,,,
2018,May,5/25/2018,,SGL103,A,W,19,BLUE368,N,WFM ,M,AD,,,32,1.7,2,,10,,,0,,,
2018,May,5/25/2018,,SGL103,A,E,22,BLUE373,N,WFM ,F,AD,,,31,1.3,1.9,,9.4,,,,,,
2018,May,5/25/2018,,SGL103,A,E,12,BLUE375,N,WFM ,F,AD,,,44,1.4,2.3,,9.4,,,,,,
2018,May,5/25/2018,,SGL103,A,E,20,BLUE383,N,WFM ,M,AD,,,19,1,2,,9,,,2,,,
2018,May,5/25/2018,,SGL103,B,E,20,RED303,N,WFM ,M,AD,,,22,1.2,1.9,,8.9,,,7,,,
2018,May,5/25/2018,,SGL103,B,E,8,RED310,N,WFM ,M,AD,,,27,1,2,,9.1,,,0,,,
2018,May,5/25/2018,,SGL103,B,W,8,RED361,Y,WFM ,F,AD,,,24,1,2,,9,,,2,,,
2018,May,5/25/2018,,SGL103,B,E,4,RED363,N,WFM ,M,AD,,,20,2,2,,8.5,,,1,,,
2018,May,5/25/2018,,SGL103,B,E,11,RED388,Y,WFM ,F,AD,,,,,,,,,,,,,
2018,May,5/25/2018,,SGL103,B,E,19,RED390,Y,WFM ,F,AD,,,25,1.5,2,,9.9,,,10,,,
2018,May,5/25/2018,,SGL103,B,E,3,RED397,Y,WFM ,M,AD,,,22,1.2,1.9,,9.8,,,0,,,
2018,May,5/30/2018,,SGL103,A,E,1,BLUE313,N,WFM ,F,JUV,,,12,1.2,1.8,,6.8,,,6,,,
2018,May,5/30/2018,,SGL103,A,W,14,BLUE314,Y,WFM ,F,AD,,,31.5,,,,,,,0,,,
2018,May,5/30/2018,,SGL103,A,W,3,BLUE320,Y,WFM ,F,AD,,,21.5,,,,,,,1,,,
2018,May,5/30/2018,,SGL103,A,E,25,BLUE327,N,WFM ,M,AD,,,24,1.7,2.2,,8,,,0,,,
2018,May,5/30/2018,,SGL103,A,W,18,BLUE368,Y,WFM ,M,AD,,,47,1.1,2.4,,9.7,,,0,,,
2018,May,5/30/2018,,SGL103,A,W,22,BLUE373,Y,WFM ,F,AD,,,37,,,,,,,14,,,
2018,May,5/30/2018,,SGL103,A,E,11,BLUE375,Y,WFM ,F,AD,,,22,1.3,2,,8.5,,,2,,,
2018,May,5/30/2018,,SGL103,A,W,7,BLUE376,N,WFM ,F,AD,,,21.5,1.3,2.1,,7.7,,,0,,,
2018,May,5/30/2018,,SGL103,A,E,19,BLUE382,Y,WFM ,M,AD,,,25,,,,,,,6,,,
2018,May,5/30/2018,,SGL103,A,E,23,BLUE386,N,WFM ,F,AD,,,31,1.5,2,,8.5,,,0,,,
2018,May,5/30/2018,,SGL103,A,E,15,BLUE388,N,WFM ,M,AD,,,25,1.5,2,,9.9,,,0,,,
2018,May,5/30/2018,,SGL103,A,E,20,BLUE400,N,WFM ,F,AD,,,,1.5,2,,9.5,,,0,,,
2018,May,5/30/2018,,SGL103,B,E,25,RED329,N,WFM ,F,AD,,,20,1.5,2,,7.7,,,1,,,
2018,May,5/30/2018,,SGL103,B,E,15,RED341,N,WFM ,F,AD,,,19,1.5,2,,8.7,,,0,,,
2018,May,5/30/2018,,SGL103,B,E,3,RED344,N,WFM ,M,AD,,,19,1.2,2,,8.8,,,1,,,
2018,May,5/30/2018,,SGL103,B,W,6,RED361,Y,WFM ,F,AD,,,24.5,1.2,2.2,,9.2,,,0,,,
2018,May,5/30/2018,,SGL103,B,E,21,RED330,N,,M,AD,,,22,1.5,1.9,,9.2,,,2,,,
2018,May,5/25/2018,,SGL92,C,E,17,BLACK380,N,WFM ,F,AD,,,25,1.75,1.75,,9.5,,,0,,,
2018,May,5/25/2018,,SGL92,C,W,20,BLACK393,N,WFM ,F,AD,,,23,1.5,2,,9,,,16,,,
2018,May,5/25/2018,,SGL92,C,E,4,BLACK396,N,WFM ,M,AD,,,24,1.5,2,,10.5,,,2,,,
2018,May,5/30/2018,,SGL92,C,W,22,BLACK349,N,WFM ,M,AD,,,19.5,1.5,2,,10.5,,,7,,,
2018,May,5/30/2018,,SGL92,C,E,5,BLACK364,N,WFM ,F,AD,,,20,1.5,2,,9.5,,,4,,,
2018,May,5/30/2018,,SGL92,C,E,8,BLACK367,N,WFM ,M,AD,,,25,1.5,2,,10,,,0,,,
2018,May,5/30/2018,,SGL92,C,E,18,BLACK380,Y,WFM ,F,AD,,,20,1.5,1.5,,7.5,,,2,,,
2018,May,5/30/2018,,SGL92,C,E,9,BLACK388,N,WFM ,F,JUV,,,15,1.3,2,,6.4,,,2,,,
2020,August,8/5/2020,,SGL176,N,S10,12,7012,N,WFM ,F,AD,,,26,1.7,2,,10.5,,,2,,,
2020,August,8/5/2020,,SGL176,N,S13,24,7024,Y,WFM ,M,AD,,,17,1.5,2,,7.5,,,19,,,
2020,August,8/5/2020,,SGL176,N,S13,21,BD8,N,WFM ,F,AD,,,16,1.7,2.1,,7.5,,,3,,,
2020,August,8/5/2020,,SGL176,N,S13,19,BDC4,Y,WFM ,M,AD,,,18,1.2,2,,7.5,,,1,,,
2020,August,8/5/2020,,SGL176,N,S12,13,BLACK114,Y,WFM ,M,AD,,,16,1.5,2,,8.5,,,15,,,
2020,August,8/5/2020,,SGL176,N,S13,12,BLACK122,Y,WFM ,M,AD,,,24,1.2,2,,8,,,15,,,
2020,August,8/5/2020,,SGL176,C,S9,18,BLACK124,Y,WFM ,M,AD,,,24,1,2,,9.5,,,21,,,
2020,August,8/5/2020,,SGL176,N,S12,8,BLACK132,Y,WFM ,F,AD,,,27,,2,,9.9,,,20,,,
2020,August,8/5/2020,,SGL176,N,S15,20,BLACK196,Y,WFM ,M,AD,,,16,1.5,2,,8.5,,,15,,,
2020,August,8/5/2020,,SGL176,N,S14,6,BLACK211,Y,WFM ,M,AD,,,17,1.5,2,,8.5,,,3,,,
2020,August,8/5/2020,,SGL176,N,S10,8,BLACK270,N,WFM ,M,AD,,,13,1,2,,9,,,5,,,
2020,August,8/5/2020,,SGL176,N,S16,14,P12,Y,WFM ,M,AD,,,27,1.5,2,,10,,,78,,,
2020,August,8/5/2020,,SGL176,N,S13,22,P24,N,WFM ,M,JUV,,,25,1.8,2,,9,,,11,,,
2020,August,8/6/2020,,SGL176,C,S7,1,BD3,Y,WFM ,M,AD,,,28,1.4,2,,10.5,,,21,,,
2020,August,8/6/2020,,SGL176,N,S13B,22,BD8,Y,WFM ,F,JUV,,,17,1.7,2,,8,,,3,,,
2020,August,8/6/2020,,SGL176,N,S13B,8,BDC4,Y,WFM ,M,AD,,,17,1.5,2,,8.5,,,3,,,
2020,August,8/6/2020,,SGL176,C,S11B,7,BDE2,N,WFM ,M,AD,,,16,1.2,1.8,,7.5,,,29,,,
2020,August,8/6/2020,,SGL176,C,S7,24,BDT3,Y,WFM ,M,AD,,,22,1.5,1.8,,9,,,14,,,
2020,August,8/6/2020,,SGL176,N,S12B,17,BLACK114,Y,WFM ,M,AD,,,18,1.5,2,,8.5,,,5,,,
2020,August,8/6/2020,,SGL176,N,S12B,12,BLACK122,Y,WFM ,M,AD,,,23,1.3,2.1,,9.5,,,17,,,
2020,August,8/6/2020,,SGL176,N,S12B,6,BLACK132,Y,WFM ,F,AD,,,23,1.2,2,,9,,,19,,,
2020,August,8/6/2020,,SGL176,N,S14B,5,BLACK211,Y,WFM ,M,AD,,,18,1.8,1.8,,,,,8,,,
2020,August,8/6/2020,,SGL176,N,S12B,8,BLACK217,N,WFM ,F,AD,,,27,1.3,1.8,,9.5,,,8,,,
2020,August,8/6/2020,,SGL176,N,S15B,3,BLACK246,Y,WFM ,M,AD,,,19,1.5,2,,8.5,,,6,,,
2020,August,8/6/2020,,SGL176,C,S7,2,BLACK287,Y,WFM ,F,AD,,,20,1.6,2,,9.7,,,40,,,
2020,August,8/6/2020,,SGL176,C,S11B,6,BLACK390,Y,WFM ,M,AD,,,16,1,1.9,,9,,,26,,,
2020,August,8/6/2020,,SGL176,C,S7,14,BLACK470,N,WFM ,M,AD,,,23,1.6,2,,8.2,,,46,,,
2020,August,8/6/2020,,SGL176,N,S14B ,1,P18,Y,WFM ,M,AD,,,18,1.3,1.8,,8.3,,,18,,,
2020,August,8/6/2020,,SGL176,C,S7,5,P23,Y,WFM ,F,AD,,,19,1.3,1.9,,7.5,,,25,,,
2020,August,8/6/2020,,SGL176,N,S13B,3,P29,Y,WFM ,M,AD,,,15,1.5,1.8,,8,,,5,,,
2020,August,8/6/2020,,SGL176,N,S12B,19,P30,N,WFM ,F,AD,,,22,1.8,1.9,,8.5,,,14,,,
2020,August,8/19/2020,,SGL176,N,S10,10,7012,Y,WFM ,F,AD,,,35,1.9,1.8,,9.5,,,0,1,,
2020,August,8/19/2020,,SGL176,N,S13,12,BD8,Y,WFM ,F,AD,,,10,1.4,1.8,,8.1,,,0,,,
2020,August,8/19/2020,,SGL176,N,S10,23,BDD5,N,WFM ,F,AD,,,26,1.5,2,,9.2,,,9,,,
2020,August,8/19/2020,,SGL176,C,S11,12,BDE3,Y,WFM ,M,AD,,,19,1.7,2,,8.8,,,22,,,
2020,August,8/19/2020,,SGL176,N,S13,9,BDE4,Y,WFM ,M,AD,,,14,1.3,2,,8,,,1,,,
2020,August,8/19/2020,,SGL176,N,S12,6,BLACK114,Y,WFM ,M,AD,,,4,1.1,2,,8.4,,,9,,,
2020,August,8/19/2020,,SGL176,N,S12,25,BLACK122,Y,WFM ,M,AD,,,23,1.8,2.2,,8.6,,,18,,,
2020,August,8/19/2020,,SGL176,C,S9,19,BLACK124,Y,WFM ,M,AD,,,23,1.4,2.1,,8.5,,,14,,,
2020,August,8/19/2020,,SGL176,N,S12,4,BLACK132,Y,WFM ,F,AD,,,24,1.4,2,,8.5,,,8,,,
2020,August,8/19/2020,,SGL176,C,S11,8,BLACK137,Y,WFM ,F,AD,,,27,1.5,2,,9.2,,,54,,,
2020,August,8/19/2020,,SGL176,N,S14,15,BLACK211,Y,WFM ,M,AD,,,24,1.2,2,,8,,,3,,,
2020,August,8/19/2020,,SGL176,N,S14,24,P18,Y,WFM ,M,AD,,,19,1.9,1.8,,7,,,9,,,
2020,August,8/19/2020,,SGL176,N,S13,5,P29,Y,WFM ,M,AD,,,19,1.9,1.9,,9.1,,,10,,,
2020,August,8/19/2020,,SGL176,N,S10,1,P8,N,WFM ,F,AD,,,26,1.9,1.4,,9,,,1,,,
2020,August,8/20/2020,,SGL176,N,S13B,2,7024,Y,WFM ,M,AD,,,15,1.4,1.9,,8.8,,,5,,,
2020,August,8/20/2020,,SGL176,C,S6,9,7049,Y,WFM ,M,AD,,,9,1.5,2,,10,,,24,,,
2020,August,8/20/2020,,SGL176,C,S7,13,7127,Y,WFM ,M,AD,,,8,1.3,1.9,,10.5,,,2,1,,
2020,August,8/20/2020,,SGL176,C,S7,10,7174,N,WFM ,M,AD,,,26,1.3,1.9,,8.8,,,7,,,
2020,August,8/20/2020,,SGL176,C,S7,8,BD3,Y,WFM ,M,AD,,,28,1.2,2,,10.5,,,10,,,
2020,August,8/20/2020,,SGL176,N,S13B,11,BD8,Y,WFM ,F,AD,,,17,1.4,1.9,,8.4,,,0,,,
2020,August,8/20/2020,,SGL176,N,S13B,1,BDE4,Y,WFM ,M,AD,,,17,1.7,2,,7.4,,,2,,,
2020,August,8/20/2020,,SGL176,C,S7,25,BDT3,Y,WFM ,M,AD,,,25,1.2,1.7,,8.5,,,19,,,
2020,August,8/20/2020,,SGL176,C,S7,9,BDY3,Y,WFM ,F,AD,,,31,1.3,2,,10,,,5,3,,
2020,August,8/20/2020,,SGL176,N,S12B,12,BLACK114,Y,WFM ,M,AD,,,17,1.5,2,,9.1,,,5,,,
2020,August,8/20/2020,,SGL176,N,S12B,21,BLACK122,Y,WFM ,M,AD,,,22,1.7,2.2,,9,,,13,,,
2020,August,8/20/2020,,SGL176,N,S12B,5,BLACK132,Y,WFM ,F,AD,,,19,1.5,2,,9,,,0,,,
2020,August,8/20/2020,,SGL176,C,S11B,13,BLACK137,Y,WFM ,F,AD,,,25,1,1.9,,9,,,53,,,
2020,August,8/20/2020,,SGL176,C,S11B,16,BLACK202,N,WFM ,M,AD,,,20,1.6,2,,9,,,14,,,
2020,August,8/20/2020,,SGL176,N,S14B,10,BLACK211,Y,WFM ,M,AD,,,14,1.3,2,,8.4,,,1,,,
2020,August,8/20/2020,,SGL176,C,S11B,2,BLACK390,Y,WFM ,M,AD,,,28,1.4,1.9,,8.6,,,7,,,
2020,August,8/20/2020,,SGL176,C,S6,25,BLACK425,N,WFM ,M,AD,,,22,1,2,,8.5,,,14,,,
2020,August,8/20/2020,,SGL176,C,S7,24,P22,N,WFM ,F,AD,,,20,1.5,1.9,,9,,,20,5,,
2020,August,8/20/2020,,SGL176,N,S12B,15,P30,Y,WFM ,F,AD,,,20,1.3,2,,8.5,,,10,,,
2020,July,7/7/2020,,SGL176,N,S15,6,7126,Y,WFM ,F,AD,,,10,1.4,2,,8.4,,,2,,,
2020,July,7/7/2020,,SGL176,N,S10,4,7178,N,WFM ,M,AD,,,25,1.7,2,,9.5,,,0,,,
2020,July,7/7/2020,,SGL176,N,S14,12,7199,N,WFM ,F,AD,,,14,1.5,2,,7.5,,,1,,,
2020,July,7/7/2020,,SGL176,C,S11,25,BD5,N,WFM ,M,JUV,,,13,1,1.5,,7,,,23,1,,
2020,July,7/7/2020,,SGL176,C,S11,24,BDA2,Y,WFM ,M,AD,,,22,1,2,,9.5,,,9,2,,
2020,July,7/7/2020,,SGL176,C,S11,22,BDB5,Y,WFM ,M,AD,,,11,1.5,2,,9,,,2,,,
2020,July,7/7/2020,,SGL176,C,S9,22,BLACK124,Y,WFM ,M,AD,,,,1.4,2,,9,,,,,,
2020,July,7/7/2020,,SGL176,C,S11,18,BLACK137,Y,WFM ,F,AD,,,23,2,1.2,,9.5,,,21,,,
2020,July,7/7/2020,,SGL176,N,S15,5,BLACK196,N,WFM ,M,JUV,,,9,1.1,1.7,,7,,,4,,,
2020,July,7/7/2020,,SGL176,N,S14,13,BLACK211,Y,WFM ,M,AD,,,13,1,1.8,,8.2,,,1,,,
2020,July,7/7/2020,,SGL176,C,S9,2,BLACK227,Y,WFM ,F,AD,,,25,1,2,,9,,,3,,,
2020,July,7/7/2020,,SGL176,C,S11,7,BLACK390,Y,WFM ,M,AD,,,21,1.7,2,,8,,,2,,,
2020,July,7/7/2020,,SGL176,N,S10,9,P29,N,WFM ,M,AD,,,23,1.9,2,,9.5,,,1,,,
2020,July,7/8/2020,,SGL176,C,S6,3,7049,Y,WFM ,M,AD,,,16,1.3,2,,9.5,,,5,,,
2020,July,7/8/2020,,SGL176,C,S8,17,7101,Y,WFM ,F,AD,,,24,1.8,2,,9.8,,,3,,,
2020,July,7/8/2020,,SGL176,C,S11B,3,7124,Y,WFM ,F,AD,,,21,1.5,2,,9.5,,,3,,,
2020,July,7/8/2020,,SGL176,C,S7,20,7200,Y,WFM ,M,AD,,,18,1,1.9,,8,,,4,1,,
2020,July,7/8/2020,,SGL176,C,S8,21,BDA1,N,WFM ,M,AD,,,17,1.5,2,,7.5,,,25,,,
2020,July,7/8/2020,,SGL176,C,S11B,9,BDB5,Y,WFM ,M,AD,,,18,1.5,2,,8.5,,,7,,,
2020,July,7/8/2020,,SGL176,C,S6,9,BDC3,Y,WFM ,M,AD,,,28,1.5,2,,10.5,,,2,,,
2020,July,7/8/2020,,SGL176,C,S7,21,BDE1,Y,WFM ,F,AD,,,20,1.1,1.3,,9.5,,,0,,,
2020,July,7/8/2020,,SGL176,N,S12B,15,BLACK122,Y,WFM ,M,AD,,,20,1.6,1.8,,9.6,,,5,,,
2020,July,7/8/2020,,SGL176,C,S11B,15,BLACK137,Y,WFM ,F,AD,,,21,1.5,2,,9.7,,,1,,,
2020,July,7/8/2020,,SGL176,C,S11B,7,BLACK390,Y,WFM ,M,AD,,,21,1.6,1.8,,,,,0,,,
2020,July,7/8/2020,,SGL176,N,S12B,7,P10,Y,WFM ,F,AD,,,20,1.5,2,,8,,,2,,,
2020,July,7/8/2020,,SGL176,C,S8,16,P12,Y,WFM ,M,AD,,,24,1.5,2,,9.5,,,7,,,
2020,July,7/8/2020,,SGL176,C,S7,2,P23,Y,WFM ,F,AD,,,22,1,1.7,,8,,,4,,,
2020,July,7/8/2020,,SGL176,C,S6,5,P7,N,WFM ,F,AD,,,10,1.5,2,,8.5,,,4,,,
2020,July,7/11/2020,,SGL176,C,S11,,,N,WFM ,,,,,,,,,,,,,,,
2020,July,7/21/2020,,SGL176,N,S12,19,7076,Y,WFM ,M,AD,,,24,1.7,1.8,,9.6,,,8,,,
2020,July,7/21/2020,,SGL176,N,S10,1,7178,Y,WFM ,M,AD,,,24,1.5,1.9,,9.5,,,8,,,
2020,July,7/21/2020,,SGL176,N,S13,15,BDC4,N,WFM ,M,JUV,,,15,1.7,2,,7.5,,,1,,,
2020,July,7/21/2020,,SGL176,N,S12,1,BLACK114,N,WFM ,M,AD,,,18,1.3,2.2,,7.8,,,3,,,
2020,July,7/21/2020,,SGL176,C,S11,7,BLACK137,Y,WFM ,F,AD,,,15,1.7,2.1,,9.3,,,4,,,
2020,July,7/21/2020,,SGL176,N,S15,20,BLACK196,Y,WFM ,M,AD,,,16,1.4,2,,7.7,,,8,,,
2020,July,7/21/2020,,SGL176,N,S14,8,BLACK211,Y,WFM ,M,AD,,,9,1,1.7,,8,,,0,,,
2020,July,7/21/2020,,SGL176,N,S12,22,P10,Y,WFM ,F,AD,,,23,1.7,2,,9.9,,,3,,,
2020,July,7/21/2020,,SGL176,N,S15,23,P12,Y,WFM ,M,AD,,,5,1.1,2.1,,8.5,,,12,,,
2020,July,7/21/2020,,SGL176,N,S10,15,P29,Y,WFM ,M,AD,,,25,1.8,2.2,,9.4,,,2,,,
2020,July,7/22/2020,,SGL176,N,S12B,7,7076,Y,WFM ,M,AD,,,23,1.5,2,,9.5,,,8,,,
2020,July,7/22/2020,,SGL176,C,S11B,8,7124,Y,WFM ,F,AD,,,27,1,1.8,,9,,,7,,,
2020,July,7/22/2020,,SGL176,N,S12B,21,7149,N,WFM ,M,AD,,,14,1.3,1.8,,7,,,13,,,
2020,July,7/22/2020,,SGL176,C,S7,12,BD3,Y,WFM ,M,AD,,,32,1.8,1.8,,,,,12,,,
2020,July,7/22/2020,,SGL176,C,S11B,22,BDA2,Y,WFM ,M,AD,,,31,1,2,,9,,,4,1,,
2020,July,7/22/2020,,SGL176,C,S11B,9,BDB5,Y,WFM ,M,AD,,,10,1.3,1.7,,8.8,,,4,1,,
2020,July,7/22/2020,,SGL176,N,S13B,25,BDC4,Y,WFM ,M,AD,,,15,1.5,2,,8.5,,,3,,,
2020,July,7/22/2020,,SGL176,C,S7,19,BDE1,Y,WFM ,F,AD,,,16,1.6,2.2,,9.1,,,6,,,
2020,July,7/22/2020,,SGL176,N,S12B,10,BLACK122,Y,WFM ,M,AD,,,10,1.5,2,,9,,,7,,,
2020,July,7/22/2020,,SGL176,C,S11B,24,BLACK137,Y,WFM ,F,AD,,,23,1.3,2,,8.5,,,4,,,
2020,July,7/22/2020,,SGL176,N,S14B,7,BLACK211,Y,WFM ,M,AD,,,18,1.8,1.7,,8,,,4,,,
2020,July,7/22/2020,,SGL176,N,S15B,9,BLACK246,N,WFM ,M,AD,,,18,1.3,1.7,,8.3,,,2,,,
2020,July,7/22/2020,,SGL176,C,S7,2,BLACK287,Y,WFM ,F,AD,,,21,1.8,2.1,,10,,,3,,,
2020,July,7/22/2020,,SGL176,C,S11B,2,BLACK390,Y,WFM ,M,AD,,,22,1.2,1.9,,9.5,,,5,,,
2020,July,7/22/2020,,SGL176,N,S12B,6,P10,Y,WFM ,F,AD,,,21,,,,,,,,,,
2020,July,7/22/2020,,SGL176,N,S14B,1,P18,N,WFM ,M,AD,,,20,1.3,1.9,,8.2,,,2,,,
2020,July,7/22/2020,,SGL176,C,S6,4,P22,Y,WFM ,F,AD,,,29,1.5,1.9,,9,,,10,,,
2020,July,7/22/2020,,SGL176,C,S7,5,P23,Y,WFM ,F,AD,,,22,1.5,2.1,,8.9,,,3,,,
2020,June,6/3/2020,,SGL176,C,S7,1,BDB3,N,WFM ,M,AD,,,23,1.5,2,,9.5,,,3,,,
2020,June,6/4/2020,,SGL176,N,S15,7,7075,Y,WFM ,M,AD,,,,,,,,,,6,,,
2020,June,6/4/2020,,SGL176,C,S11,3,7124,Y,WFM ,F,AD,,,22,,,,,,,17,,,
2020,June,6/4/2020,,SGL176,C,S9,17,BD1,Y,WFM ,M,AD,,,26,,,,,,,12,,,
2020,June,6/4/2020,,SGL176,C,S11,23,BDA2,Y,WFM ,M,AD,,,,,,,,,,3,,,
2020,June,6/4/2020,,SGL176,N,S14,11,BDB4,N,WFM ,F,AD,,,24,1.5,1.9,,9,,,12,,,
2020,June,6/4/2020,,SGL176,N,S13,13,BDC4,Y,WFM ,M,AD,,,,,,,,,,10,,,
2020,June,6/4/2020,,SGL176,C,S11,12,BLACK137,Y,WFM ,F,,,,,,,,,,,13,,,
2020,June,6/4/2020,,SGL176,N,S12,22,BLACK242,N,WFM ,F,AD,,,14,1.1,2,,8.4,,,0,,,
2020,June,6/4/2020,,SGL176,N,S12,1,P10,Y,WFM ,F,AD,,,,,,,,,,13,,,
2020,June,6/4/2020,,SGL176,N,S10,16,P16,Y,WFM ,F,AD,,,23,,,,,,,5,,,
2020,June,6/4/2020,,SGL176,C,S11,22,,N,WFM ,,JUV,,,39,,,,,,,,,,
2020,June,6/4/2020,,SGL176,N,S10,17,,N,WFM ,,,,,23,,,,,,,,,,
2020,June,6/9/2020,,SGL176,C,S6,1,7049,N,WFM ,M,AD,,,32,1.9,2,,9.5,,,32,,,
2020,June,6/9/2020,,SGL176,C,S6,25,7050,N,WFM ,F,AD,,,26,1.2,1.9,,8,,,1,,,
2020,June,6/9/2020,,SGL176,C,S8,23,7101,Y,WFM ,F,AD,,,15,1.6,2,,9,,,5,,,
2020,June,6/9/2020,,SGL176,C,S7,15,BD3,Y,WFM ,M,AD,,,28,1.5,2,,10.5,,,9,,,
2020,June,6/9/2020,,SGL176,C,S6,24,BDC5,N,WFM ,F,AD,,,26,1.2,1.8,,8.5,,,7,,,
2020,June,6/9/2020,,SGL176,C,S7,1,BLACK287,N,WFM ,F,JUV,,,15,1.5,1.8,,7.8,,,4,,,
2020,June,6/9/2020,,SGL176,C,S8,22,P17,N,WFM ,M,AD,,,14,1.5,2,,9,,,5,,,
2020,June,6/10/2020,,SGL176,N,S14,24,7075,Y,WFM ,M,AD,,,25,1.6,2,,9.6,,,10,,,
2020,June,6/10/2020,,SGL176,N,S12,1,7076,Y,WFM ,M,AD,,,22,1.4,1.6,,8.8,,,8,,,
2020,June,6/10/2020,,SGL176,C,S9,14,BD1,Y,WFM ,M,AD,,,26,1.5,2,,9.5,,,9,1,1,
2020,June,6/10/2020,,SGL176,N,S14,7,BDB4,Y,WFM ,F,AD,,,24,,,,,,,,,,
2020,June,6/10/2020,,SGL176,C,S11,21,BLACK121,N,WFM ,M,AD,,,20,1.5,2,,7.5,,,6,,,
2020,June,6/10/2020,,SGL176,C,S9,16,BLACK124,Y,WFM ,M,AD,,,23,1.2,2,,9,,,0,1,,
2020,June,6/10/2020,,SGL176,C,S11,9,BLACK137,Y,WFM ,F,AD,,,23,1.4,2,,8.5,,,29,,,
2020,June,6/10/2020,,SGL176,C,S9,11,BLACK227,Y,WFM ,F,AD,,,26,1,2,,9.5,,,0,,,
2020,June,6/10/2020,,SGL176,N,S12,2,P10,Y,WFM ,F,AD,,,24,1.9,2,,8.5,,,10,,,
2020,June,6/10/2020,,SGL176,N,S16,19,P12,Y,WFM ,M,AD,,,28,1.5,2,,10.5,,,18,,,
2020,June,6/10/2020,,SGL176,N,S13,12,,Y,WFM ,F,AD,,,33,1.5,2,,9.9,,,6,,,
2020,June,6/24/2020,,SGL176,N,S16,6,7104,N,WFM ,M,JUV,,,13,1.2,1.9,,9,,,19,,,
2020,June,6/24/2020,,SGL176,C,S9,20,BD1,Y,WFM ,M,AD,,,25,1.3,2,,10,,,4,,,
2020,June,6/24/2020,,SGL176,N,S13,25,BDA3,Y,WFM ,M,AD,,,26,1.4,1.9,,9.5,,,7,,,
2020,June,6/24/2020,,SGL176,N,S14,11,BDA4,Y,WFM ,M,AD,,,24,1.8,2,,10,,,5,,,
2020,June,6/24/2020,,SGL176,C,S9,24,BLACK124,Y,WFM ,M,AD,,,18,1.5,2,,9.3,,,2,,,
2020,June,6/24/2020,,SGL176,N,S14,2,BLACK211,N,WFM ,M,AD,,,13,1,1.7,,6.5,,,0,,,
2020,June,6/24/2020,,SGL176,C,S9,19,BLACK227,Y,WFM ,F,AD,,,18,1.4,2,,9,,,4,,,
2020,June,6/24/2020,,SGL176,N,S13,1,BLACK235,N,WFM ,M,JUV,,,21,1.2,1.9,,8,,,7,,,
2020,June,6/24/2020,,SGL176,N,S16,8,P12,Y,WFM ,M,AD,,,31,1.5,2,,8.5,,,20,,,
2020,June,6/24/2020,,SGL176,N,S12,4,P16,Y,WFM ,F,AD,,,29,1.3,1.9,,10,,,12,,,
2020,June,6/24/2020,,SGL176,N,S16,10,,N,WFM ,F,AD,,,17,1.4,2,,8.9,,,11,,,
2020,June,6/25/2020,,SGL176,C,S6,13,7049,Y,WFM ,M,AD,,,25,1.5,1.9,,9,,,12,,,
2020,June,6/25/2020,,SGL176,C,S8,23,7101,Y,WFM ,F,AD,,,23,1.4,1.8,,8.7,,,13,,,
2020,June,6/25/2020,,SGL176,N,S15B,10,7126,N,WFM ,F,JUV,,,9,1.5,1.9,,7,,,0,,,
2020,June,6/25/2020,,SGL176,C,S7,5,7127,Y,WFM ,M,AD,,,28,1.5,2,,9.7,,,0,,,
2020,June,6/25/2020,,SGL176,C,S7,22,7200,N,WFM ,M,JUV,,,19,1.4,1.5,,8,,,8,,,
2020,June,6/25/2020,,SGL176,C,S7,2,BD3,Y,WFM ,M,AD,,,35,1.3,2.2,,9.7,,,1,,,
2020,June,6/25/2020,,SGL176,C,S11B,10,BDB5,N,WFM ,M,AD,,,17,1.4,1.7,,8,,,6,,,
2020,June,6/25/2020,,SGL176,C,S7,13,BDE1,N,WFM ,F,AD,,,22,1.1,2.3,,8,,,1,,,
2020,June,6/25/2020,,SGL176,C,S11B,8,BLACK137,Y,WFM ,F,AD,,,23,1.7,1.9,,9.7,,,11,,,
2020,June,6/25/2020,,SGL176,N,S12B,17,BLACK242,Y,WFM ,F,AD,,,22,1.4,1.8,,8.4,,,4,,,
2020,June,6/25/2020,,SGL176,C,S11B,7,BLACK390,N,WFM ,M,JUV,,,20,1.8,1.8,,9,,,4,,,
2020,June,6/25/2020,,SGL176,C,S8,22,P12,N,WFM ,M,AD,,,17,1.5,2,,9.4,,,9,,,
2020,June,6/25/2020,,SGL176,C,S7,6,P23,N,WFM ,F,JUV,,,15,1.4,1.9,,7.5,,,5,,,
2020,May,5/15/2020,,SGL176,C,S8,22,7101,N,WFM ,F,AD,,,25.5,1.5,1.7,,6.9,,,0,,,
2020,May,5/15/2020,,SGL176,C,S6,24,BD2,N,WFM ,F,AD,,,20,1.1,1.8,,9.5,,,0,,,
2020,May,5/15/2020,,SGL176,C,S7,25,BD3,N,WFM ,M,AD,,,26,1.8,2,,9.8,,,0,,,
2020,May,5/15/2020,,SGL176,C,S7,24,BLACK124,N,WFM ,M,AD,,,23,1.2,2,,8.5,,,0,,,
2020,May,5/15/2020,,SGL176,C,S6,8,BLACK353,N,WFM ,F,AD,,,22.5,1.1,1.2,,9.4,,,0,,,
2020,May,5/15/2020,,SGL176,C,S8,12,P5,N,WFM ,M,AD,,,21,1.5,2,,8.6,,,3,,,
2020,May,5/16/2020,,SGL176,N,S16,24,7076,N,WFM ,M,AD,,,21,1.7,1.8,,9.5,,,0,,,
2020,May,5/16/2020,,SGL176,N,S14,12,7102,N,WFM ,M,AD,,,22,1.4,1.8,,9.1,,,0,,,
2020,May,5/16/2020,,SGL176,N,S14,3,7125,N,WFM ,M,AD,,,24,1.3,1.6,,8,,,0,,,
2020,May,5/16/2020,,SGL176,C,S9,2,BD1,N,WFM ,M,AD,,,24,1,2,,10,,,0,,,
2020,May,5/16/2020,,SGL176,C,S11,23,BDA2,N,WFM ,M,AD,,,24,1.1,1.6,,9.5,,,3,,,
2020,May,5/16/2020,,SGL176,N,S13,22,BDA3,N,WFM ,M,AD,,,26,1.4,1.5,,8,,,0,,,
2020,May,5/16/2020,,SGL176,N,S12,22,BDA4,N,WFM ,M,AD,,,19,1.6,1.9,,8.5,,,0,,,
2020,May,5/16/2020,,SGL176,C,S9,19,BLACK124,Y,WFM ,M,AD,,,,,,,,,,1,,,
2020,May,5/16/2020,,SGL176,N,S16,8,BLACK149,N,WFM ,M,AD,,,28,1.4,2,,9.5,,,0,,,
2020,May,5/16/2020,,SGL176,C,S11,5,BLACK157,N,WFM ,M,AD,,,27,1,1.9,,9,,,2,,,
2020,May,5/16/2020,,SGL176,C,S9,9,BLACK227,N,WFM ,F,AD,,,24,1.3,2,,9.5,,,1,,,
2020,May,5/16/2020,,SGL176,N,S12,21,BLACK240,N,WFM ,M,AD,,,21,1.7,2.1,,7.7,,,0,,,
2020,May,5/16/2020,,SGL176,N,S12,19,P10,N,WFM ,F,AD,,,24,1,2,,9.5,,,2,,,
2020,May,5/16/2020,,SGL176,N,S16,1,P11,N,WFM ,M,AD,,,25,1.5,2,,8.7,,,3,,,
2020,May,5/16/2020,,SGL176,N,S10,3,P4,N,WFM ,M,AD,,,27,1.5,2.1,,9,,,1,,,
2020,May,5/16/2020,,SGL176,N,S10,20,P6,N,WFM ,F,AD,,,25,1.3,2.1,,9.6,,,1,,,
2020,September,9/5/2020,,SGL176,N,S13,9,7145,N,WFM ,M,JUV,,,16,1.4,1.8,,8.5,,,6,,,
2020,September,9/5/2020,,SGL176,C,S9,6,7172,N,WFM ,M,AD,,,28,1.5,2.3,,9,,,20,,,
2020,September,9/5/2020,,SGL176,N,S12,22,7194,N,WFM ,M,JUV,,,18,1,1.7,,8.5,,,2,,,
2020,September,9/5/2020,,SGL176,N,S13,23,BD8,Y,WFM ,F,AD,,,14,1.5,2,,9.5,,,2,,,
2020,September,9/5/2020,,SGL176,C,S9,4,BDB1,N,WFM ,M,JUV,,,14,1.4,2,,8.2,,,31,,,
2020,September,9/5/2020,,SGL176,C,S11,1,BDE2,Y,WFM ,M,AD,,,16,1.1,1.6,,9,,,10,,,
2020,September,9/5/2020,,SGL176,N,S12,3,BLACK114,Y,WFM ,M,AD,,,21,1.4,2,,8.5,,,8,1,,
2020,September,9/5/2020,,SGL176,N,S12,8,BLACK122,Y,WFM ,M,AD,,,23,1.3,2,,9.5,,,35,,,
2020,September,9/5/2020,,SGL176,C,S9,17,BLACK124,Y,WFM ,M,AD,,,24,1.4,1.9,,9.9,,,11,,,
2020,September,9/5/2020,,SGL176,C,S11,6,BLACK127,Y,WFM ,F,AD,,,25,1.8,2,,9.7,,,26,,,
2020,September,9/5/2020,,SGL176,N,S12,5,BLACK132,Y,WFM ,F,AD,,,28,1,2,,9,,,2,,1,
2020,September,9/5/2020,,SGL176,C,S11,22,BLACK202,Y,WFM ,M,AD,,,24,1.6,2.1,,9.2,,,13,,,
2020,September,9/5/2020,,SGL176,N,S14,6,BLACK211,Y,WFM ,M,AD,,,19,1.4,1.9,,9,,,6,,,
2020,September,9/5/2020,,SGL176,N,S14,23,P18,Y,WFM ,M,AD,,,14,1.1,2,,7,,,4,,,
2020,September,9/5/2020,,SGL176,C,S11,17,P28,N,WFM ,F,JUV,,,12,1,1.6,,7,,,17,,,
2020,September,9/5/2020,,SGL176,N,S10,1,P8,Y,WFM ,F,AD,,,23,1.5,2,,9,,,0,,1,
2020,September,9/8/2020,,SGL176,N,S13B,25,7024,Y,WFM ,M,AD,,,21,1,2,,9.5,,,14,,,
2020,September,9/8/2020,,SGL176,C,S7,9,BD3,Y,WFM ,M,AD,,,21,1.5,2.2,,10.2,,,7,,,
2020,September,9/8/2020,,SGL176,C,S11B,18,BD4,N,WFM ,F,JUV,,,13,1.2,1.8,,6.5,,,71,,,
2020,September,9/8/2020,,SGL176,C,S8,18,BDA1,Y,WFM ,M,AD,,,24,1.4,1.8,,9.3,,,18,,,
2020,September,9/8/2020,,SGL176,C,S8,2,BDC1,N,WFM ,F,AD,,,35,1,2,,10,,,18,,,
2020,September,9/8/2020,,SGL176,C,S7,21,BDT3,Y,WFM ,M,AD,,,25,1.3,9.1,,8.1,,,2,,,
2020,September,9/8/2020,,SGL176,C,S7,8,BDY3,Y,WFM ,F,AD,,,31,1.2,1.9,,9.5,,,13,,,
2020,September,9/8/2020,,SGL176,N,S12B,12,BLACK114,Y,WFM ,M,AD,,,20,1.3,2,,8.5,,,2,,,
2020,September,9/8/2020,,SGL176,N,S12B,13,BLACK122,Y,WFM ,M,AD,,,23,1.4,2,,9,,,14,,,
2020,September,9/8/2020,,SGL176,C,S7,3,BLACK124,Y,WFM ,M,AD,,,19,1.4,2,,9.4,,,6,,,
2020,September,9/8/2020,,SGL176,N,S12B,9,BLACK132,Y,WFM ,F,AD,,,25,1.3,2,,9.2,,,6,,,
2020,September,9/8/2020,,SGL176,C,S11B,17,BLACK137,Y,WFM ,F,AD,,,26,1.5,1.9,,9.5,,,16,,,
2020,September,9/8/2020,,SGL176,C,S6,5,BLACK220,N,WFM ,M,AD,,,22,1.5,2,,9,,,16,,,
2020,September,9/8/2020,,SGL176,C,S8,1,BLACK222,N,WFM ,M,AD,,,23,1.4,2,,10,,,9,,1,
2020,September,9/8/2020,,SGL176,C,S11B,4,BLACK390,Y,WFM ,M,AD,,,25,1.4,2,,9.5,,,12,,,
2020,September,9/8/2020,,SGL176,C,S7,23,BLACK422,N,WFM ,F,AD,,,20,1.6,2,,9.6,,,5,,,
2020,September,9/8/2020,,SGL176,C,S7,14,P13,N,WFM ,M,AD,,,19,1.3,2,,9,,,9,,,
2020,September,9/8/2020,,SGL176,N,S14B,2,P18,Y,WFM ,M,AD,,,20,1.3,2,,9.4,,,2,,,
2020,September,9/26/2020,,SGL176,C,S9,10,7172,Y,WFM ,M,AD,,,24,1.4,2,,10,,,21,,,
2020,September,9/26/2020,,SGL176,N,S12,21,7194,Y,WFM ,M,AD,,,26,1.4,2,,9,,,1,,,
2020,September,9/26/2020,,SGL176,C,S9,1,BD3,Y,WFM ,M,AD,,,19,1.5,2,,9.4,,,11,,,
2020,September,9/26/2020,,SGL176,N,S13,22,BD8,Y,WFM ,F,AD,,,26,1.3,1.7,,9.9,,,1,,,
2020,September,9/26/2020,,SGL176,N,S15,11,BDSA,N,WFM ,F,AD,,,25,1.3,1.7,,8.7,,,3,,,
2020,September,9/26/2020,,SGL176,N,S14,20,BDSB,N,WFM ,F,AD,,,32,1.3,1.5,,9.5,,,2,,,
2020,September,9/26/2020,,SGL176,N,S12,18,BDSC,N,WFM ,F,AD,,,18,1.2,1.9,,8.3,,,2,,,
2020,September,9/26/2020,,SGL176,N,S12,2,BLACK114,Y,WFM ,M,AD,,,19,1.3,2,,8.5,,,6,,,
2020,September,9/26/2020,,SGL176,C,S9,24,BLACK124,Y,WFM ,M,AD,,,24,1.5,1.9,,9.8,,,7,,,
2020,September,9/26/2020,,SGL176,N,S10,15,BLACK270,Y,WFM ,M,AD,,,20,1.2,1.9,,7.9,,,0,,,
2020,September,9/26/2020,,SGL176,C,S9,21,SD,N,WFM ,F,AD,,,39,1.5,2.1,,9,,,3,,,
2020,September,9/27/2020,,SGL176,N,S13B,15,BD8,Y,WFM ,F,AD,,,15,1.4,1.8,,9.5,,,0,,,
2020,September,9/27/2020,,SGL176,C,S6,3,BLACK220,Y,WFM ,M,AD,,,26,1.7,2,,9,,,20,,,
2020,September,9/27/2020,,SGL176,C,S7,1,BLACK287,Y,WFM ,F,AD,,,27,1.6,1.9,,9.5,,,1,,,
2020,September,9/27/2020,,SGL176,C,S11B,6,BLACK390,Y,WFM ,M,AD,,,25,1.3,2,,9.5,,,6,,,
2020,September,9/27/2020,,SGL176,N,S13B,18,SE,N,WFM ,M,JUV,,,15,1.5,2,,8.4,,,5,,,
2018,August,8/7/2018,,SGL103,B,W,8,RED306,Y,RBV,F,AD,,,,,,,,,,0,,,
2018,July,7/3/2018,,SGL103,B,W,8,RED306,Y,RBV,F,AD,,,,,,,,,,0,,,
2018,July,7/3/2018,,SGL103,B,W,3,RED320,Y,RBV,,AD,,,,,,,,,,0,,,
2018,July,7/3/2018,,SGL103,B,E,23,RED360,Y,RBV,M,AD,,,,,,,,,,1,,,
2018,July,7/10/2018,,SGL103,A,W,18,BLUE347,N,RBV,F,AD,,,,,,,,,,1,,,
2018,July,7/10/2018,,SGL103,B,W,9,RED306,Y,RBV,F,AD,,,,,,,,,,0,,,
2018,July,7/10/2018,,SGL103,B,W,4,RED367,N,RBV,,AD,,,,,,,,,,0,,,
2018,July,7/17/2018,,SGL103,A,W,14,BLUE302,N,RBV,,AD,,,,,,,,,,0,,,
2018,July,7/17/2018,,SGL103,B,W,14,RED306,Y,RBV,F,AD,,,,,,,,,,1,,,
2018,July,7/17/2018,,SGL103,B,W,6,RED320,Y,RBV,,AD,,,,,,,,,,0,,,
2018,July,7/17/2018,,SGL103,B,W,18,RED328,N,RBV,,AD,,,,,,,,,,0,,,
2018,July,7/27/2018,,SGL103,A,W,9,BLUE301,N,RBV,,AD,,,,,,,,,,0,,,
2018,July,7/27/2018,,SGL103,B,W,14,RED306,Y,RBV,F,AD,,,,,,,,,,0,,,
2018,July,7/27/2018,,SGL103,B,E,6,RED318,N,RBV,,AD,,,,,,,,,,0,,,
2018,July,7/27/2018,,SGL103,B,W,8,RED352,N,RBV,,AD,,,,,,,,,,0,,,
2018,July,7/27/2018,,SGL103,B,W,1,RED367,Y,RBV,,JUV,,,,,,,,,,0,,,
2018,July,7/27/2018,,SGL103,B,W,20,,Y,RBV,,AD,,,,,,,,,,,,,
2018,July,7/31/2018,,SGL103,B,W,21,RED309,N,RBV,M,AD,,,16,1.25,2,,9.5,,,0,,,
2018,July,7/31/2018,,SGL92,C,E,23,BLACK365,N,RBV,F,AD,,,,,,,,,,0,,,
2018,June,6/6/2018,,SGL103,A,W,4,BLUE326,N,RBV,F,AD,,,,,,,,,,0,,,
2018,June,6/6/2018,,SGL103,A,E,13,BLUE334,N,RBV,F,AD,,,17,,,,,,,0,,,
2018,June,6/6/2018,,SGL103,A,W,16,BLUE335,N,RBV,F,AD,,,30,1.5,2,,10,,,0,,,
2018,June,6/6/2018,,SGL103,A,W,21,BLUE356,Y,RBV,F,AD,,,,,,,,,,0,,,
2018,June,6/6/2018,,SGL103,A,W,3,BLUE393,N,RBV,F,AD,,,,,,,,,,0,,,
2018,June,6/6/2018,,SGL103,B,E,9,RED305,Y,RBV,F,AD,,,,,,,,,,0,,,
2018,June,6/6/2018,,SGL103,B,E,23,RED334,N,RBV,M,AD,,,24,,,,,,,0,,,
2018,June,6/12/2018,,SGL103,A,E,10,BLUE308,N,RBV,M,AD,,,,,,,,,,0,,,
2018,June,6/12/2018,,SGL103,A,W,15,BLUE357,N,RBV,F,AD,,,,,,,,,,0,,,
2018,June,6/12/2018,,SGL103,A,W,21,BLUE358,Y,RBV,,AD,,,,,,,,,,0,,,
2018,June,6/12/2018,,SGL103,B,W,13,RED 306,N,RBV,,AD,,,,,,,,,,0,,,
2018,June,6/12/2018,,SGL103,B,W,3,RED320,N,RBV,,AD,,,,,,,,,,0,,,
2018,June,6/12/2018,,SGL103,B,W,12,Z2,N,RBV,F,AD,,,,,,,,,,1,,,
2018,June,6/19/2018,,SGL103,B,W,13,BLUE319,N,RBV,,AD,,,,,,,,,,0,,,
2018,June,6/19/2018,,SGL103,A,E,17,BLUE352,N,RBV,,AD,,,,,,,,,,0,,,
2018,June,6/19/2018,,SGL103,B,W,12,RED306,N,RBV,F,AD,,,,,,,,,,0,,,
2018,June,6/19/2018,,SGL103,B,W,11,RED311,N,RBV,,AD,,,,,,,,,,0,,,
2018,June,6/19/2018,,SGL103,B,W,10,RED371,N,RBV,F,AD,,,24,1.5,2,,8,,,0,,,
2018,June,6/27/2018,,SGL103,A,W,21,BLUE315,N,RBV,M,AD,,,,,,,,,,0,,,
2018,June,6/27/2018,,SGL103,B,W,16,BLUE319,Y,RBV,,AD,,,,,,,,,,0,,,
2018,June,6/27/2018,,SGL103,A,E,17,BLUE322,N,RBV,F,AD,,,,,,,,,,1,,,
2018,June,6/27/2018,,SGL103,B,W,9,RED306,Y,RBV,F,AD,,,,,,,,,,0,,,
2018,June,6/27/2018,,SGL103,B,W,3,RED320,Y,RBV,,AD,,,,,,,,,,0,,,
2018,June,6/27/2018,,SGL103,B,E,19,RED360,N,RBV,M,AD,,,17,1,1.75,,8,,,0,,,
2018,June,6/27/2018,,SGL103,B,E,13,RED383,N,RBV,F,AD,,,,0.75,1.75,,10,,,0,,,
2018,May,5/8/2018,,SGL103,A,E,16,1,N,RBV,M,AD,,,30.5,1.1,1.9,,10.5,,,0,,,
2018,May,5/17/2018,,SGL103,A,E,6,2,N,RBV,F,AD,,,26,0.8,1.5,,9.9,,,0,,,
2018,May,5/17/2018,,SGL103,A,W,22,3,N,RBV,F,AD,,,24,1,2.2,,10.1,,,0,,,
2018,May,5/17/2018,,SGL103,A,W,21,,N,RBV,F,AD,,,27,0.8,1.6,,9.2,,,0,,,
2018,May,5/25/2018,,SGL103,A,W,21,BLUE305,N,RBV,F,AD,,,24,1,1.6,,9.5,,,0,,,
2018,May,5/25/2018,,SGL103,A,E,16,BLUE348,N,RBV,F,AD,,,34,1.1,1.8,,10,,,0,,,
2018,May,5/25/2018,,SGL103,A,E,16,BLUE348,Y,RBV,F,AD,,,30,1.5,2,,9,,,0,,,
2018,May,5/25/2018,,SGL103,A,W,17,BLUE365,N,RBV,,JUV,,,29,,,,,,,,,,
2018,May,5/25/2018,,SGL103,A,E,6,BLUE369,N,RBV,,AD,,,23,,,,,,,0,,,
2018,May,5/25/2018,,SGL103,B,E,9,RED376,N,RBV,F,AD,,,27,0.8,1.5,,10.1,,,1,,,
2018,May,5/25/2018,,SGL103,B,W,2,RED377,N,RBV,M,AD,,,,,,,,,,0,,,
2018,May,5/25/2018,,SGL103,B,E,17,RED392,Y,RBV,M,AD,,,,,,,,,,0,,,
2018,May,5/30/2018,,SGL103,A,E,7,BLUE323,N,RBV,F,AD,,,26,1.4,1.6,,9.6,,,0,,,
2018,May,5/30/2018,,SGL103,A,W,21,BLUE358,N,RBV,,AD,,,25.5,,,,,,,0,,,
2018,May,5/30/2018,,SGL103,A,E,3,BLUE360,N,RBV,F,AD,,,15,,,,,,,0,,,
2018,May,5/30/2018,,SGL103,B,E,5,RED305,N,RBV,F,AD,,,28,1,1.7,,9.6,,,0,,,
2018,May,5/30/2018,,SGL103,B,W,3,RED370,N,RBV,F,AD,,,,,,,,,,0,,,
2018,May,5/30/2018,,SGL103,A,E,8,,N,RBV,,JUV,,,11,,,,,,,1,,,
2018,August,8/7/2018,,SGL103,A,E,7,BLUE332,N,CHP,,AD,,,,,,,,,,5,,,
2018,August,8/7/2018,,SGL103,A,W,4,BLUE385,N,CHP,,AD,,,,,,,,,,0,,,
2018,July,7/3/2018,,SGL103,A,E,1,BLUE317,Y,CHP,F,AD,,,,,,,,,,2,,,
2018,July,7/10/2018,,SGL103,B,W,8,RED381,Y,CHP,,AD,,,,,,,,,,8,,,
2018,July,7/17/2018,,SGL103,A,E,2,BLUE399,N,CHP,,AD,,,,,,,,,,0,,,
2018,July,7/27/2018,,SGL103,B,W,12,RED381,Y,CHP,,AD,,,,,,,,,,0,,,
2018,July,7/31/2018,,SGL103,B,E,19,RED307,N,CHP,,AD,,,,,,,,,,0,,,
2018,June,6/6/2018,,SGL103,A,E,1,BLUE317,N,CHP,F,AD,,,,,,,,,,,,,
2018,June,6/6/2018,,SGL103,A,E,2,BLUE328,N,CHP,F,AD,,,,,,,,,,0,,,
2018,June,6/6/2018,,SGL103,A,W,7,BLUE356,Y,CHP,F,AD,,,,,,,,,,6,,,
2018,June,6/12/2018,,SGL103,A,W,5,BLUE356,Y,CHP,F,AD,,,,,,,,,,28,,,
2018,June,6/12/2018,,SGL103,A,E,6,BLUE372,N,CHP,,AD,,,,,,,,,,25,,,
2018,June,6/27/2018,,SGL103,B,W,8,RED381,N,CHP,,AD,,,,,,,,,,4,,,
2018,June,6/27/2018,,SGL103,A,E,2,,N,CHP,,AD,,,,,,,,,,,,,
2018,June,6/27/2018,,SGL103,B,E,4,,N,CHP,,AD,,,,,,,,,,,,,
2018,May,5/17/2018,,SGL103,A,E,5,BLUE304,N,CHP,M,AD,,,,,,,,,,0,,,
2018,May,5/25/2018,,SGL103,A,E,3,BLUE317,N,CHP,F,AD,,,,,,,,,,7,,,
2018,May,5/30/2018,,SGL103,A,W,5,BLUE356,N,CHP,F,AD,,,,,,,,,,15,,,
2018,May,5/30/2018,,SGL103,B,E,11,RED304,N,CHP,M,AD,,,45,,,,,,,25,,,
2018,May,5/30/2018,,SGL103,A,E,4,,Y,CHP,,AD,,,,,,,,,,,,,
2020,August,8/5/2020,,SGL176,N,S10,16,,N,CHP,,,,,,,,,,,,,,,
2020,August,8/5/2020,,SGL176,N,S15,4,,N,CHP,,,,,0,,,,,,,,,,
2020,July,7/8/2020,,SGL176,C,S6,8,,N,CHP,,,,,,,,,,,,,,,
2020,June,6/4/2020,,SGL176,N,S15,25,,N,CHP,,,,,,,,,,,,,,,
2020,June,6/24/2020,,SGL176,N,S13,20,,N,CHP,,,,,,,,,,,,,,,
2020,June,6/24/2020,,SGL176,N,S13,22,,N,CHP,,,,,,,,,,,,,,,
2020,June,6/25/2020,,SGL176,N,S14B,17,,N,CHP,,,,,,,,,,,,,,,
2018,May,5/30/2018,,SGL103,A,E,16,,N,NST,,AD,,,,,,,,,,,,,
2020,May,5/16/2020,,SGL176,N,S15,19,,N,NST,,,,,,,,,,,,,,,
2020,September,9/26/2020,,SGL176,C,S9,15,,N,NST,,,,,0,,,,,,,,,,
2020,September,9/26/2020,,SGL176,N,S10,20,,N,NST,,,,,0,,,,,,,0,,,
